arxiv_id,chunk_id,title,prose_ratio,chars,text
1506.04214v2,1506.04214v2:0-2232,Convolutional LSTM Network: A Machine Learning App,0.828,2232,Convolutional LSTM Network: A Machine Learning Approach for Precipitation Nowcasting Xingjian Shi Zhourong Chen Hao Wang Dit-Yan Yeung Department of Computer Sc
1506.04214v2,1506.04214v2:2233-4525,Convolutional LSTM Network: A Machine Learning App,0.81,2292,"into two classes [22], namely, NWP based methods and radar echo1 extrapolation based methods. For the NWP approach, making predictions at the nowcasting timesca"
1506.04214v2,1506.04214v2:4526-6823,Convolutional LSTM Network: A Machine Learning App,0.775,2297,"memory (LSTM) models [12, 11, 7, 8, 23, 13, 18, 21, 26], provide some useful insights on how to tackle this problem. According to the philosophy underlying the "
1506.04214v2,1506.04214v2:6824-8775,Convolutional LSTM Network: A Machine Learning App,0.668,1951,"nowcasting. For evaluation, we have created a new real-life radar echo dataset which can facilitate further research especially on devising machine learning alg"
1506.04214v2,1506.04214v2:8776-10871,Convolutional LSTM Network: A Machine Learning App,0.685,2095,"If we divide the map into tiled non-overlapping patches and view the pixels inside a patch as its measurements (see Fig. 1), the nowcasting problem naturally be"
1506.04214v2,1506.04214v2:10872-12793,Convolutional LSTM Network: A Machine Learning App,0.648,1921,+ it ◦tanh(Wxcxt + Whcht−1 + bc) ot = σ(Wxoxt + Whoht−1 + Wco ◦ct + bo) ht = ot ◦tanh(ct) (2) Multiple LSTMs can be stacked and temporally concatenated to form 
1506.04214v2,1506.04214v2:12794-14712,Convolutional LSTM Network: A Machine Learning App,0.659,1918,"denotes the convolution operator and ‘◦’, as before, denotes the Hadamard product: it = σ(Wxi ∗Xt + Whi ∗Ht−1 + Wci ◦Ct−1 + bi) ft = σ(Wxf ∗Xt + Whf ∗Ht−1 + Wcf"
1506.04214v2,1506.04214v2:14713-16557,Convolutional LSTM Network: A Machine Learning App,0.656,1844,"ConvLSTM can also be adopted as a building block for more complex structures. For our spatiotemporal sequence forecasting problem, we use the structure shown in"
1506.04214v2,1506.04214v2:16558-18735,Convolutional LSTM Network: A Machine Learning App,0.724,2177,gain some basic understanding of the behavior of our model. We run our model with different number of layers and kernel sizes and also study some “out-of-domain
1506.04214v2,1506.04214v2:18736-20453,Convolutional LSTM Network: A Machine Learning App,0.65,1717,"dataset. ‘-5x5’ and ‘-1x1’ represent the corresponding state-to-state kernel size, which is either 5×5 or 1×1. ‘256’, ‘128’, and ‘64’ refer to the number of hid"
1506.04214v2,1506.04214v2:20454-22737,Convolutional LSTM Network: A Machine Learning App,0.752,2283,the three ConvLSTM layers. All the input-to-state and state-to-state kernels are of size 5 × 5. Our experiments show that the ConvLSTM networks perform consiste
1506.04214v2,1506.04214v2:22738-25049,Convolutional LSTM Network: A Machine Learning App,0.764,2311,"the prediction results, we find that the model can separate the overlapping digits successfully and predict the overall motion although the predicted digits are"
1506.04214v2,1506.04214v2:25050-27039,Convolutional LSTM Network: A Machine Learning App,0.683,1989,"results. Also, we try three different initialization schemes for ROVER: ROVER1 computes the optical flow of the last two observed frames and performs semi-Lagra"
1506.04214v2,1506.04214v2:27040-28796,Convolutional LSTM Network: A Machine Learning App,0.597,1756,10). 6We use an open-source project to calculate the optical flow: http://sourceforge.net/ projects/varflow/ 7 Table 2: Comparison of the average scores of diff
1506.04214v2,1506.04214v2:28797-31074,Convolutional LSTM Network: A Machine Learning App,0.799,2277,"are coming from the outside. If the ConvLSTM network has seen similar patterns during training, it can discover this type of sudden changes in the encoding netw"
1506.04214v2,1506.04214v2:31075-32178,Convolutional LSTM Network: A Machine Learning App,0.548,1103,1 Correlation 0.9 CSI 0.8 0.7 Time 0 5 10 15 0.5 0.4 0.3 POD FAR 0.2 0.1 0 Time 0 5 10 15 10 1 0.8 0.6 0.4 0.2 Time 0 5 10 15 1 0.8 0.6 0.4 0.2 Time 0 5 10 15 F
1506.08768v1,1506.08768v1:0-2642,Scaling in stratocumulus fields: an emergent prope,0.764,2642,"Scaling in stratocumulus fields: an emergent property Tianle Yuan1,2 1Laboratory for Climate and Radiation, NASA Goddard Space Flight Center 2Joint Center for E"
1506.08768v1,1506.08768v1:2643-4927,Scaling in stratocumulus fields: an emergent prope,0.716,2284,"otherwise overcast cloud deck 6,13,14. Some POCs can punctuate a whole Sc deck and reduce cloud fraction by more than 50% over millions of square miles in a sho"
1506.08768v1,1506.08768v1:4928-7173,Scaling in stratocumulus fields: an emergent prope,0.752,2245,"used to derive with ( is the liquid water density), assuming an adiabatic cloud 28, at 1km resolution. is also available from AMSR-E at 13km resolution23. An au"
1506.08768v1,1506.08768v1:7174-9456,Scaling in stratocumulus fields: an emergent prope,0.76,2282,the coast (between 5S and 25S) and correspondingly cloud fraction remains very high. The internal properties of pouches also undergo dramatic changes within the
1506.08768v1,1506.08768v1:9457-11787,Scaling in stratocumulus fields: an emergent prope,0.787,2330,"in the same way as the smallest ones. Furthermore, the power-law distribution is the hallmark of scale-invariance and self-similarity, which is also demonstrate"
1506.08768v1,1506.08768v1:11788-13974,Scaling in stratocumulus fields: an emergent prope,0.798,2186,"is also insensitive to inter-annual variations. Meanwhile, the absolute number of pouches does have strong diurnal, geographical, seasonal and interannual varia"
1506.08768v1,1506.08768v1:13975-16354,Scaling in stratocumulus fields: an emergent prope,0.77,2379,"pouches in a sense protect themselves by preferentially shedding edge pixels while maintaining the moister centers18. Most critically, power-law distributions a"
1506.08768v1,1506.08768v1:16355-18921,Scaling in stratocumulus fields: an emergent prope,0.774,2566,"we find emergence of macroscopic organization out of repeated local interactions, taking a complex system view. Similar emergent behavior can be found in a host"
1506.08768v1,1506.08768v1:18926-21225,Scaling in stratocumulus fields: an emergent prope,0.651,2299,clouds are for warm (cold) clouds. L can be obtained by multiple values in the figure by 0.83. Note the ‘running dog’ shaped POC spans two distinct regions: the
1506.08768v1,1506.08768v1:21226-22775,Scaling in stratocumulus fields: an emergent prope,0.528,1549,"(2003). 6. Bretherton, C. S. et al. The EPIC 2001 stratocumulus study. B Am Meteorol Soc 85, 967-+ (2004). 7. Wood, R. et al. The VAMOS Ocean-Cloud-Atmosphere-L"
1506.08768v1,1506.08768v1:22776-24386,Scaling in stratocumulus fields: an emergent prope,0.587,1610,"17. Mitchell, M. Complexity: A Guided Tour (Oxford University Press, New York, 2009). 18. Comstock, K. K., Bretherton, C. S. & Yuter, S. E. Mesoscale variabilit"
1506.08768v1,1506.08768v1:24387-26034,Scaling in stratocumulus fields: an emergent prope,0.608,1647,"Wood, R. & HARTMANN, D. L. Spatial variability of liquid water path in marine low cloud: The importance of mesoscale cellular convection. J Climate 19, 17481764"
1506.08768v1,1506.08768v1:26035-26453,Scaling in stratocumulus fields: an emergent prope,0.507,418,"W. D., Zhang, G. J. & Luke, E. P. Investigation of regional and seasonal variations in marine boundary layer cloud properties from MODIS observations. J Climate"
1611.03403v1,1611.03403v1:0-2205,Synergistic Dynamic Theory of Complex Coevolutiona,0.808,2205,"Synergistic Dynamic Theory of Complex Coevolutionary Systems: Disentangling Nonlinear Spatiotemporal Controls on Precipitation Rui A. P. Perdig˜ao∗1, Carlos A. "
1611.03403v1,1611.03403v1:2206-4325,Synergistic Dynamic Theory of Complex Coevolutiona,0.775,2119,"in synergistic terms of the retrieved dynamic sources. 1 Introduction 1.1 Fundamental Motivation The Earth System in general, and the Climate system in particul"
1611.03403v1,1611.03403v1:4326-6594,Synergistic Dynamic Theory of Complex Coevolutiona,0.755,2268,or oscillatory processes [Hocke and K¨ampfer 2008]. A wise statement from the ancient Greek philosopher Aristotle in his Metaphysica compendia and highlighted i
1611.03403v1,1611.03403v1:6595-8860,Synergistic Dynamic Theory of Complex Coevolutiona,0.8,2265,"combinations generate the entire state space, i.e. the problem is reduced to the minimum possible dimensions without information loss. In linear algebra and fun"
1611.03403v1,1611.03403v1:8861-11051,Synergistic Dynamic Theory of Complex Coevolutiona,0.741,2190,"event being a particular realisation of a theoretically or empirically inspired statistical distribution, conditioned or not by signatures of assumed controls i"
1611.03403v1,1611.03403v1:11052-13431,Synergistic Dynamic Theory of Complex Coevolutiona,0.777,2379,"analysis we seek has been more elusive. Among various statistical techniques with diverse levels of sophistication, one of the most popular approaches to the ex"
1611.03403v1,1611.03403v1:13432-15679,Synergistic Dynamic Theory of Complex Coevolutiona,0.778,2247,"associated to prescribed cross moments having been derived by [Pires and Perdig˜ao 2012] independently of data size constraints, and by [Pires and Perdig˜ao 201"
1611.03403v1,1611.03403v1:15680-18099,Synergistic Dynamic Theory of Complex Coevolutiona,0.775,2419,large scale features captured by the statistics. This is a common aspect of all statistical techniques involving blind source separation [Yu et al. 2014]. The c
1611.03403v1,1611.03403v1:18100-20339,Synergistic Dynamic Theory of Complex Coevolutiona,0.769,2239,information) even in a coevolutionary setting whereby space and time are nonlinearly entangled by relative celerities. 2 Dynamic Source Analysis: a Synergistic 
1611.03403v1,1611.03403v1:20340-22457,Synergistic Dynamic Theory of Complex Coevolutiona,0.703,2117,"Ys,t denote the set of observables, i.e. the physical variables or fields that are observed, measured and recorded in spatiotemporal datasets, where s represent"
1611.03403v1,1611.03403v1:22458-24739,Synergistic Dynamic Theory of Complex Coevolutiona,0.773,2281,"or distribution. Our goal is to retrieve the dynamic sources Xs,t from the observational datasets Ys,t that minimise the dynamic dependence (linear and non-line"
1611.03403v1,1611.03403v1:24740-26721,Synergistic Dynamic Theory of Complex Coevolutiona,0.671,1981,the number of factors needed to fully characterise the system. 2.2 Nonlinear Diagonalisation of Dynamic Interactions Dynamic Source Analysis seeks dynamically i
1611.03403v1,1611.03403v1:26722-28997,Synergistic Dynamic Theory of Complex Coevolutiona,0.819,2275,"from Y. In practice, the dynamical systems of interest shall be generic spatiotemporal fields spanning phase space manifolds. These are topological spaces that,"
1611.03403v1,1611.03403v1:28998-31207,Synergistic Dynamic Theory of Complex Coevolutiona,0.727,2209,"ensures independence among components at every stage of the dynamics (dynamic independence), rather than only over a statistical aggregate (statistical independ"
1611.03403v1,1611.03403v1:31208-33161,Synergistic Dynamic Theory of Complex Coevolutiona,0.659,1953,"for X that minimises the off-diagonal functionals defined by νk(X) = ||Dk(X) −Λk||2 , ∀k (7) with || · ||2 ≡⟨·, ·⟩, i.e. the quadratic norm or self inner produc"
1611.03403v1,1611.03403v1:33162-35028,Synergistic Dynamic Theory of Complex Coevolutiona,0.689,1866,"X = α⩽β k!−1 h i Dk(X) R Xk, (5) k!−1[Λk]R Xk . (6) ⟨dαg, dαh⟩L2(Θ) (8) Z [dαg]∗dαh dµ (9) Θ 10 Synergistic Dynamic Theory of Complex Coevolutionary Systems Per"
1611.03403v1,1611.03403v1:35029-37349,Synergistic Dynamic Theory of Complex Coevolutiona,0.793,2320,"the invariance of the information content within the system, i.e. that no information has been lost or spuriously added in the procedure. In the dynamic source "
1611.03403v1,1611.03403v1:37350-39355,Synergistic Dynamic Theory of Complex Coevolutiona,0.694,2005,"Moreover, spatial and temporal subspaces are not necessarily independent. In fact, the spatial reference can be time-dependent, as expressed via spatiotemporal "
1611.03403v1,1611.03403v1:39356-41131,Synergistic Dynamic Theory of Complex Coevolutiona,0.551,1775,"the inner product defined in equation (8), involving multiple-order interactions. By noting that the gradient of a generic coordinate l is given by ∇s,t(l) = el"
1611.03403v1,1611.03403v1:41132-43251,Synergistic Dynamic Theory of Complex Coevolutiona,0.705,2119,"other in the functional sense. Essentially, the operator performs a contraction or dimensionality reduction in the functional manifold X into a submanifold in a"
1611.03403v1,1611.03403v1:43252-45371,Synergistic Dynamic Theory of Complex Coevolutiona,0.695,2119,"13 Synergistic Dynamic Theory of Complex Coevolutionary Systems Perdig˜ao, Pires and Hall 4 Evaluation of Dynamical Predictability 4.1 Dynamic Interaction Analy"
1611.03403v1,1611.03403v1:45372-47346,Synergistic Dynamic Theory of Complex Coevolutiona,0.622,1974,"(18) where Υ(.) is as in equation (12) and its operand given by equation (17). Analogously for time, the temporal structure captured over a certain spatial regi"
1611.03403v1,1611.03403v1:47347-49642,Synergistic Dynamic Theory of Complex Coevolutiona,0.771,2295,"for k > 1), this equation can then address changes in dynamical tendencies in terms of nonlinearly interacting processes. 5 Dynamic Source Analysis of Nonlinear"
1611.03403v1,1611.03403v1:49643-51843,Synergistic Dynamic Theory of Complex Coevolutiona,0.721,2200,"Theory of Complex Coevolutionary Systems Perdig˜ao, Pires and Hall One of the most reliable and popular datasets with geopotential height fields stems from the "
1611.03403v1,1611.03403v1:51844-54218,Synergistic Dynamic Theory of Complex Coevolutiona,0.786,2374,"information-invariant, differential-geometric transformation between the original state space and a working space for optimal statistical analysis without loss "
1611.03403v1,1611.03403v1:54219-56601,Synergistic Dynamic Theory of Complex Coevolutiona,0.788,2382,which suggest the existence of stronger controls being enforced on the geopotential over the areas where that reduction is strongest. The geopotential thus serv
1611.03403v1,1611.03403v1:56602-58881,Synergistic Dynamic Theory of Complex Coevolutiona,0.815,2279,"the physical consistency and nonlinear disambiguation constraints in section 2.5. In practice, the dynamical interactions are evaluated for k ⩽β, where β is the"
1611.03403v1,1611.03403v1:58882-60964,Synergistic Dynamic Theory of Complex Coevolutiona,0.718,2082,"(12) with l ≡s on X ≡Xs,t, by taking into account all climatology partitions within the period 1951-2012, i.e. of all sub periods obtained by differential parti"
1611.03403v1,1611.03403v1:60965-63321,Synergistic Dynamic Theory of Complex Coevolutiona,0.834,2356,"to ICA, DSA has the added value that not only the statistical climatological aggregate is independent, but also the dynamics within. That way, dynamic informati"
1611.03403v1,1611.03403v1:63322-65161,Synergistic Dynamic Theory of Complex Coevolutiona,0.656,1839,relating spatial and temporal structures of the dynamic sources underlying the geopotential height field at 500 hPa is given by the projection of the full spati
1611.03403v1,1611.03403v1:65162-67486,Synergistic Dynamic Theory of Complex Coevolutiona,0.836,2324,and the latter feeding back on the structural properties of the former. A detailed investigation of the dynamical links beneath Negentropy beyond these conjectu
1611.03403v1,1611.03403v1:67487-69478,Synergistic Dynamic Theory of Complex Coevolutiona,0.611,1991,measures of dynamic dependence between Precipitation and the Dynamic Sources of the Geophysical Controls for all climatology partitions within the study period.
1611.03403v1,1611.03403v1:69479-71595,Synergistic Dynamic Theory of Complex Coevolutiona,0.701,2116,"denote the ensemble mean of the dynamical interactions between NS randomly shuffled realisations of X and Z, with independent shuffling applied to each variable"
1611.03403v1,1611.03403v1:71596-73709,Synergistic Dynamic Theory of Complex Coevolutiona,0.735,2113,information-theoretical analysis conducted by [Pires and Perdig˜ao 2007] at the Euro-Atlantic scale. 23 Synergistic Dynamic Theory of Complex Coevolutionary Sys
1611.03403v1,1611.03403v1:73710-76041,Synergistic Dynamic Theory of Complex Coevolutiona,0.86,2331,"newly extracted Meridional Dynamic Source, now with a nonlinear dynamical perspective on the NAO complementing the previous nonlinear statistical, information-t"
1611.03403v1,1611.03403v1:76042-78085,Synergistic Dynamic Theory of Complex Coevolutiona,0.656,2043,"(spatial) and 60-year (temporal) scales, but also a whole spectrum within, down to spatiotemporal resolution limits (time step, grid size). Therefore, each pixe"
1611.03403v1,1611.03403v1:78086-80273,Synergistic Dynamic Theory of Complex Coevolutiona,0.747,2187,"Law of Thermodynamics. While the fundamental basis functionals X are independent, their impact on P as formulated in N k T (·) is indeed adjusted (internal feed"
1611.03403v1,1611.03403v1:80274-82417,Synergistic Dynamic Theory of Complex Coevolutiona,0.781,2143,"Systems Perdig˜ao, Pires and Hall the former roughly encompasses the Loire Region in France, and the latter the Upper Danube Region in Central Europe. In geodes"
1611.03403v1,1611.03403v1:82418-84379,Synergistic Dynamic Theory of Complex Coevolutiona,0.582,1961,to occur at the levels that would otherwise be expected given favourable low pressure conditions. While moisture content in the atmosphere is not explicitly cha
1611.03403v1,1611.03403v1:84380-86329,Synergistic Dynamic Theory of Complex Coevolutiona,0.589,1949,Figure 8: Dynamic Simulation of the monthly precipitation from the interacting Zonal and Meridional Sources (blue distributions with median in darker blue) and 
1611.03403v1,1611.03403v1:86330-88454,Synergistic Dynamic Theory of Complex Coevolutiona,0.768,2124,"components without loss of information. This enables data compression beyond the traditional feature extraction and information theoretical methods, by disentan"
1611.03403v1,1611.03403v1:88455-90669,Synergistic Dynamic Theory of Complex Coevolutiona,0.834,2214,"with itself. The coevolutionary nature of the problem is then concentrated along the ”diagonal spine” of the dynamical system, i.e. the diagonal of its dynamic "
1611.03403v1,1611.03403v1:90670-93010,Synergistic Dynamic Theory of Complex Coevolutiona,0.839,2340,"responsible for increasing or reducing the blocking risk in synoptic atmospheric processes. In fact, the BGO is associated to the zonal maritime-continental pre"
1611.03403v1,1611.03403v1:93011-95256,Synergistic Dynamic Theory of Complex Coevolutiona,0.733,2245,"feature extraction and inverse dynamic modelling from large datasets (big data), complex network design, dynamic model building and architecture optimisation of"
1611.03403v1,1611.03403v1:95257-97260,Synergistic Dynamic Theory of Complex Coevolutiona,0.656,2003,"XB) (28) In fact, when the sources are independent, I(XA, XB) = 0 and thus IT (XA, XB, Y) ⩾0. 33 Synergistic Dynamic Theory of Complex Coevolutionary Systems Pe"
1611.03403v1,1611.03403v1:97261-99076,Synergistic Dynamic Theory of Complex Coevolutiona,0.579,1815,"1 ⩽i ⩽j ⩽n and every k ⩽n. The subspace constituents Xα are not necessarily independent from each other. Instead, they can interact through binding functionals "
1611.03403v1,1611.03403v1:99077-100308,Synergistic Dynamic Theory of Complex Coevolutiona,0.77,1231,"#Xα,k = X. (33) with α,i denoting the ith partition member and k denoting the cardinality of the partition (i.e. the number of its members). The interacting sub"
1706.03458v2,1706.03458v2:0-2184,Deep Learning for Precipitation Nowcasting: A Benc,0.819,2184,"Deep Learning for Precipitation Nowcasting: A Benchmark and A New Model Xingjian Shi, Zhihan Gao, Leonard Lausen, Hao Wang, Dit-Yan Yeung Department of Computer"
1706.03458v2,1706.03458v2:2185-4483,Deep Learning for Precipitation Nowcasting: A Benc,0.839,2298,"road conditions, enhances flight safety by providing weather guidance for regional aviation, and avoids casualties by issuing citywide rainfall alerts. In addit"
1706.03458v2,1706.03458v2:4484-6870,Deep Learning for Precipitation Nowcasting: A Benc,0.791,2386,at the 0.5mm/h rain-rate threshold is compared. As real-world precipitation nowcasting systems need to pay additional attention to heavier rainfall events such 
1706.03458v2,1706.03458v2:6871-9201,Deep Learning for Precipitation Nowcasting: A Benc,0.839,2330,"the Balanced Mean Squared Error (B-MSE) and Balanced Mean Absolute Error (B-MAE) measures for training and evaluation, which assign more weights to heavier rain"
1706.03458v2,1706.03458v2:9202-11415,Deep Learning for Precipitation Nowcasting: A Benc,0.777,2213,"and video prediction For the precipitation nowcasting problem, the reflectivity factors in radar echo maps are first transformed to grayscale images before bein"
1706.03458v2,1706.03458v2:11416-13580,Deep Learning for Precipitation Nowcasting: A Benc,0.771,2164,network’s ability to model the spatiotemporal relationship. Other than the ConvLSTM which replaces the full-connection with convolution and is designed for dens
1706.03458v2,1706.03458v2:13581-15271,Deep Learning for Precipitation Nowcasting: A Benc,0.582,1690,", . . . , Hn t , H2 t = h(It−J+1, It−J+2, . . . , It), and then uses another n layers of RNNs to generate the predictions based on these encoded states: ˆIt+1, "
1706.03458v2,1706.03458v2:15272-17199,Deep Learning for Precipitation Nowcasting: A Benc,0.693,1927,"equals to 0.2 [20] througout the paper. H, W are the height and width of the state and input tensors and Ch, Ci are the channel sizes of the state and input ten"
1706.03458v2,1706.03458v2:17200-18927,Deep Learning for Precipitation Nowcasting: A Benc,0.623,1727,the recurrent connections are fixed over time. Downsample Downsample Upsample Upsample RNN RNN RNN RNN Convolution Convolution Convolution Convolution Figure 1:
1706.03458v2,1706.03458v2:18928-20508,Deep Learning for Precipitation Nowcasting: A Benc,0.502,1580,"Wl hh are the weights for projecting the channels, which are implemented by 1 × 1 convolutions. The warp(Ht−1, Ut,l, Vt,l) function selects the positions pointe"
1706.03458v2,1706.03458v2:20509-22523,Deep Learning for Precipitation Nowcasting: A Benc,0.715,2014,4.77M 4.83M 29.06M 32.52M Test MSE ×10−2 1.495 1.310 1.254 1.351 1.247 1.170 1.138 1.461 1.681 1.637 Standard Deviation ×10−2 0.003 0.004 0.006 0.020 0.015 0.02
1706.03458v2,1706.03458v2:22524-24764,Deep Learning for Precipitation Nowcasting: A Benc,0.751,2240,"For TrajGRU, we initialize the weight of the output layer of the structure generating network to zero. The strides of the middle downsampling and upsampling lay"
1706.03458v2,1706.03458v2:24765-26902,Deep Learning for Precipitation Nowcasting: A Benc,0.74,2137,"to right we display the learned structure at the first, second and third layer of the encoder. The links displayed here have learned behaviour for rotations. We"
1706.03458v2,1706.03458v2:26903-28925,Deep Learning for Precipitation Nowcasting: A Benc,0.615,2022,algorithms can apply online learning to adapt to the newly emerging spatiotemporal patterns. We propose two settings in our evaluation protocol: (1) the offline
1706.03458v2,1706.03458v2:28926-30853,Deep Learning for Precipitation Nowcasting: A Benc,0.734,1927,"intensity x: w(x) = masked pixels have weight 0. The resulting B-MSE and B-MAE scores are computed as B-MSE = j=1 wn,i,j(xn,i,j −ˆxn,i,j)2 and B-MAE = 1 j=1 wn,"
1706.03458v2,1706.03458v2:30854-32793,Deep Learning for Precipitation Nowcasting: A Benc,0.71,1939,"we train 2D CNN, 3D CNN, ConvGRU and TrajGRU models using three different random seeds and report the standard deviation in Table 4. We find that training with "
1706.03458v2,1706.03458v2:32794-33776,Deep Learning for Precipitation Nowcasting: A Benc,0.112,982,↑ B-MSE ↓B-MAE ↓ r ≥0.5 r ≥2 r ≥5 r ≥10 r ≥30 r ≥0.5 r ≥2 r ≥5 r ≥10 r ≥30 Offline Setting Last Frame 0.4022 0.3266 0.2401 0.1574 0.0692 0.5207 0.4531 0.3582 0.
1706.03458v2,1706.03458v2:33777-34854,Deep Learning for Precipitation Nowcasting: A Benc,0.247,1077,0.5736 0.4766 0.3733 0.2220 6690 16903 ConvGRU 0.5511 0.4737 0.3742 0.2843 0.1837 0.6712 0.6105 0.5183 0.4226 0.2981 5724 14772 TrajGRU 0.5563 0.4798 0.3808 0.2
1706.03458v2,1706.03458v2:34855-36239,Deep Learning for Precipitation Nowcasting: A Benc,0.541,1384,0.0019 0.0024 0.0006 0.0012 0.0019 0.0023 0.0031 30 69 TrajGRU 0.0008 0.0004 0.0002 0.0002 0.0002 0.0007 0.0004 0.0002 0.0002 0.0003 10 20 Table 5: Kendall’s τ 
1706.03458v2,1706.03458v2:36240-38458,Deep Learning for Precipitation Nowcasting: A Benc,0.727,2218,We will also try to build an operational nowcasting system using the proposed algorithm. 9 Acknowledgments This research has been supported by General Research 
1706.03458v2,1706.03458v2:38459-40092,Deep Learning for Precipitation Nowcasting: A Benc,0.407,1633,"in Table 7, 8, 9, 10, 11. Table 7: The details of the 2D CNN model. The two dimensions in kernel, stride, pad and other features represent for height and width."
1706.03458v2,1706.03458v2:40093-41384,Deep Learning for Precipitation Nowcasting: A Benc,0.167,1291,Out Res Type Input enc1 4 × 4 × 4 2 × 2 × 2 1 × 1 × 1 1/c 10 × 64 × 64 5 × 32 × 32 Conv in enc2 4 × 4 × 4 2 × 2 × 2 1 × 1 × 1 c/2c 5 × 32 × 32 2 × 16 × 16 Conv 
1706.03458v2,1706.03458v2:41385-42814,Deep Learning for Precipitation Nowcasting: A Benc,0.242,1429,- 64/64 64 × 64 32 × 32 Conv ernn1 - ernn2 3 × 3 1 × 1 1 × 1 k × k d × d 64/96 32 × 32 32 × 32 ConvGRU edown1 - edown2 3 × 3 2 × 2 1 × 1 - - 96/96 32 × 32 16 × 
1706.03458v2,1706.03458v2:42815-44195,Deep Learning for Precipitation Nowcasting: A Benc,0.203,1380,model. The output of the ‘fconv4‘ layer will be used to transform the previous prediction or the last input frame. All hyperparameters have the same meaning as 
1706.03458v2,1706.03458v2:44196-45570,Deep Learning for Precipitation Nowcasting: A Benc,0.193,1374,3 × 3 1 × 1 1 × 1 - 4/16 64 × 64 64 × 64 Conv in - ernn1 3 × 3 1 × 1 1 × 1 l 16/64 64 × 64 64 × 64 TrajGRU econv1 - edown1 3 × 3 2 × 2 1 × 1 - 64/64 64 × 64 32 
1706.03458v2,1706.03458v2:45571-47711,Deep Learning for Precipitation Nowcasting: A Benc,0.726,2140,"in the frame, we use the ratio of its pixel value PN equal to 1, 2, ..., 255 as the feature xi ∼R255 and estimate these features’ sample mean ˆµ = i=1 xi N and "
1706.03458v2,1706.03458v2:47712-49404,Deep Learning for Precipitation Nowcasting: A Benc,0.443,1692,"Algorithm 1 Evaluation protocol in the HKO-7 benchmark 1: procedure HKO7TEST(model, type) 2: env ←GETENV(type) 3: while not env.end() do 4: I1:J, fe ←env.next()"
1706.03458v2,1706.03458v2:49405-50631,Deep Learning for Precipitation Nowcasting: A Benc,0.119,1226,4 × 4 2 × 2 1 × 1. 16c/16c 4 × 4 8 × 8 Deconv vid1 vid3 4 × 4 2 × 2 1 × 1. 16c/8c 8 × 8 16 × 16 Deconv vid2 vid4 4 × 4 2 × 2 1 × 1. 8c/4c 16 × 16 32 × 32 Deconv
1706.03458v2,1706.03458v2:50632-51879,Deep Learning for Precipitation Nowcasting: A Benc,0.102,1247,× 16 20 × 32 × 32 Deconv vid3 vid5 3 × 5 × 5 1 × 3 × 3 1 × 1 × 1. c/8 20 × 32 × 32 20 × 96 × 96 Deconv vid4 vid6 3 × 7 × 7 1 × 5 × 5 1 × 1 × 1. 8/8 20 × 96 × 96
1706.03458v2,1706.03458v2:51880-53050,Deep Learning for Precipitation Nowcasting: A Benc,0.104,1170,fdeconv4 7 × 7 5 × 5 1 × 1 - - 64/8 96 × 96 480 × 480 Deconv frnn3 - fconv5 1 × 1 1 × 1 0 × 0 - - 8/1 480 × 480 480 × 480 Conv fdeconv4 - 16 Table 16: The detai
1711.02316v1,1711.02316v1:0-2103,DeepRain: ConvLSTM Network for Precipitation Predi,0.766,2103,"DEEPRAIN: CONVLSTM NETWORK FOR PRECIPITATION. . . DEEPRAIN: CONVLSTM NETWORK FOR PRECIPITATION PREDICTION USING MULTICHANNEL RADAR DATA Seongchan Kim1, Seungkyu"
1711.02316v1,1711.02316v1:2104-4245,DeepRain: ConvLSTM Network for Precipitation Predi,0.789,2141,"Big Data Science, UST-KISTI, Korea; Dept. of 3S&T Information Science, UST-KISTI, Korea and others [1], [3] have tried using combinations of these. Primarily, c"
1711.02316v1,1711.02316v1:4246-6461,DeepRain: ConvLSTM Network for Precipitation Predi,0.769,2215,is more effective for predicting rainfall than linear regression and fully connected LSTM (FCLSTM). This paper presents the rainfall forecasting model proposed 
1711.02316v1,1711.02316v1:6462-8259,DeepRain: ConvLSTM Network for Precipitation Predi,0.583,1797,"Figure 2.) That is, a total of 612,060 (=101 * 101 * 4 * 15) numerical values are listed. The ground truth is the measured rainfall amount (mm3) from 1 h to 2 h"
1711.02316v1,1711.02316v1:8260-10328,DeepRain: ConvLSTM Network for Precipitation Predi,0.713,2068,"By doing this, a fully connected layer is replaced with a convolutional layer, and then the number of weight parameters in the model can be significantly reduce"
1711.02316v1,1711.02316v1:10329-12399,DeepRain: ConvLSTM Network for Precipitation Predi,0.768,2070,using Adam and Gradient Descendant Optimizer (GDO). A further experiment confirmed that FC-LSTM with GDO required 300 epochs to reduce the loss from 15.5 to 14.
1711.02316v1,1711.02316v1:12400-13171,DeepRain: ConvLSTM Network for Precipitation Predi,0.752,771,to compare ConvLSTM and expand the data set with several data augmentation techniques to enhance the performance. The augmentation technique will include croppi
1812.10915v1,1812.10915v1:0-2270,Spatiotemporal Data Fusion for Precipitation Nowca,0.809,2270,"Spatiotemporal Data Fusion for Precipitation Nowcasting Vladimir Ivashkin Yandex, Moscow, Russia vlivashkin@yandex-team.ru Vadim Lebedev Yandex, Moscow, Russia "
1812.10915v1,1812.10915v1:2271-4522,Spatiotemporal Data Fusion for Precipitation Nowca,0.778,2251,"by alpha-blending and special modification of inpainting algorithm with a soft mask to correct artifacts. In the simplest case of spatial fusion, the satellite "
1812.10915v1,1812.10915v1:4523-6697,Spatiotemporal Data Fusion for Precipitation Nowca,0.704,2174,"in the pre-CNN era of computer vision (i.e., reconstruction of isophotes [12] or Patch-Match algorithm [13]), but the modern approaches rely on neural networks,"
1812.10915v1,1812.10915v1:6698-8717,Spatiotemporal Data Fusion for Precipitation Nowca,0.701,2019,"if max(M) = 1 m, otherwise (3) m′ = where m is a correspondent element of the mask from the previous layer. 3.3 Soft-mask preprocessing for blending Since our i"
1812.10915v1,1812.10915v1:8718-10579,Spatiotemporal Data Fusion for Precipitation Nowca,0.748,1861,"SSIM Binary 32.6 0.9765 Semi-transparent 35.3 0.9798 α 35.9 0.9822 The best performance is achieved in the case of M = α, but in context of the task this is dat"
1902.06515v1,1902.06515v1:0-2155,Grids versus Graphs: Partitioning Space for Improv,0.835,2155,"Grids versus Graphs: Partitioning Space for Improved Taxi Demand-Supply Forecasts Neema Davis, Gaurav Raina, Krishna Jagannathan Abstract—Accurate taxi demand-s"
1902.06515v1,1902.06515v1:2156-4322,Grids versus Graphs: Partitioning Space for Improv,0.794,2166,"in either scarcity or abundance of vacant taxis. For example, Fig. 1 presents a case of demand-supply mismatch averaged over all Mondays near the city center in"
1902.06515v1,1902.06515v1:4323-6602,Grids versus Graphs: Partitioning Space for Improv,0.791,2279,"the ability to learn temporal dependencies, leading to the design of models that are more suited for sequence data such as RNN (Recurrent Neural Network) and it"
1902.06515v1,1902.06515v1:6603-8875,Grids versus Graphs: Partitioning Space for Improv,0.764,2272,"of variable-sized spatial partitions. While dividing the city space into variable-sized Voronoi tessellations, we take note of the fact that arbitrarily spaced "
1902.06515v1,1902.06515v1:8876-11184,Grids versus Graphs: Partitioning Space for Improv,0.819,2308,"rectangular cells and variable-sized polygon cells, we employ the standard ConvLSTM to model the equally-spaced Geohash tessellated city and the GraphLSTM to mo"
1902.06515v1,1902.06515v1:11185-13134,Grids versus Graphs: Partitioning Space for Improv,0.718,1949,the dHEDGE algorithm in Section VI. We conclude our results in Section VII. II. PROBLEM SETTING We formulate our problem as follows. For a location-based foreca
1902.06515v1,1902.06515v1:13135-15147,Grids versus Graphs: Partitioning Space for Improv,0.723,2012,edges. The connectivity between nodes is represented by an adjacency matrix A ∈RN×N. The adjacency matrix is defined as follows: ( 1 if there is a link connecti
1902.06515v1,1902.06515v1:15148-17174,Grids versus Graphs: Partitioning Space for Improv,0.702,2026,"1st of January 2016 to 29th of February 2016. The data sets contain latitude-longitude coordinates of the passenger/driver, session duration and time stamp. The"
1902.06515v1,1902.06515v1:17175-19307,Grids versus Graphs: Partitioning Space for Improv,0.74,2132,clusters and New York city into 780 clusters so that the average cluster area remains close to 1 km2. Note that instead of applying a separate K-Means algorithm
1902.06515v1,1902.06515v1:19308-21102,Grids versus Graphs: Partitioning Space for Improv,0.604,1794,"50000-150000 Latitude (c) Data per region (b) Voronoi tessellation RNN cell, from which the LSTM is developed, considers its present input and the output of the"
1902.06515v1,1902.06515v1:21103-22996,Grids versus Graphs: Partitioning Space for Improv,0.651,1893,"+ Rf ∗ht−1 + bf), (8) it = δ(Wi ∗Xt + Ri ∗ht−1 + bi), (9) ot = δ(Wo ∗Xt + Ro ∗ht−1 + bo), (10) Ct = ϕ(Wc ∗Xt + Rc ∗ht−1 + bc), (11) Ct = ft • Ct−1 + it • Ct, (1"
1902.06515v1,1902.06515v1:22997-24718,Grids versus Graphs: Partitioning Space for Improv,0.541,1721,[23] is to define the neighborhood. A k-hop neighborhood can be used to gather information from nodes that are k hops away from a node of interest. In this stud
1902.06515v1,1902.06515v1:24719-26869,Grids versus Graphs: Partitioning Space for Improv,0.77,2150,"then, compare the ConvLSTM and GraphLSTM networks against LSTM networks modeled using Voronoi and Geohash features. The ARIMA and ARIMAX models are also used as"
1902.06515v1,1902.06515v1:26870-28847,Grids versus Graphs: Partitioning Space for Improv,0.688,1977,"[1, 2] Number of neurons, n = [10, 20, 50, 100] Dropout, D = Uniform (0,0.5) Activation = [Sigmoid, Relu, Linear] Optimizer = [Adam, Stochastic Gradient, RMSpro"
1902.06515v1,1902.06515v1:28848-30766,Grids versus Graphs: Partitioning Space for Improv,0.683,1918,"×S, where S is the number of spatial neighbors. Note that while a geohash has 8 fixed number of first-order neighbors, a Voronoi cell has a variable number of f"
1902.06515v1,1902.06515v1:30767-32318,Grids versus Graphs: Partitioning Space for Improv,0.497,1551,"models to the city, we varied the number of spatial Voronoi and Geohash features included in the model, to find the best spatial configurations for each data se"
1902.06515v1,1902.06515v1:32319-33821,Grids versus Graphs: Partitioning Space for Improv,0.488,1502,2.25 ± 1.90 0.81 ± 0.96 17.7 ± 4.51 4.61 ± 2.73 0.43 ± 0.17 8.90 ± 3.6 6.48 ± 5.5 TABLE III: Predictive performance of various models across data sets with diff
1902.06515v1,1902.06515v1:33822-35585,Grids versus Graphs: Partitioning Space for Improv,0.625,1763,"the length of the training set, and ˆyt is the forecast at time t. The RMSE gives relatively high weights to large errors. The SMAPE is an accuracy measure base"
1902.06515v1,1902.06515v1:35586-37843,Grids versus Graphs: Partitioning Space for Improv,0.825,2257,"the GraphLSTM is better than that of the standard ConvLSTM on the majority of test cases, and this was achieved with lower computational complexity. 4) Across d"
1902.06515v1,1902.06515v1:37844-40129,Grids versus Graphs: Partitioning Space for Improv,0.791,2285,"with NYC demand data can be attributed to the highly skewed spatial data distribution. 90% of the total data is concentrated around the Manhattan borough, leavi"
1902.06515v1,1902.06515v1:40130-42489,Grids versus Graphs: Partitioning Space for Improv,0.835,2359,"Bengaluru demand and supply data sets have a uniform spatial distribution, and hence, a Geohash partitioning scheme based model works sufficiently well. Therefo"
1902.06515v1,1902.06515v1:42490-44703,Grids versus Graphs: Partitioning Space for Improv,0.753,2213,there is no universally superior tessellation strategy. This is in addition to the dependency of the strategies on the data set and performance metric (Table II
1902.06515v1,1902.06515v1:44704-47132,Grids versus Graphs: Partitioning Space for Improv,0.819,2428,"the other two experts. Further, in some use cases, we note that combining the experts produces accuracy levels better than that of any of the individual experts"
1902.06515v1,1902.06515v1:47133-47433,Grids versus Graphs: Partitioning Space for Improv,0.809,300,"analysis of GraphLSTM can be performed, using more real-world data sets. Further, we note that demand-supply mismatches also occur when there are unexpected spi"
1905.09771v1,1905.09771v1:0-2314,Multi-Service Mobile Traffic Forecasting via Convo,0.759,2314,Multi-Service Mobile Traffic Forecasting via Convolutional Long Short-Term Memories Marco Fiore CNR-IEIIT marco.fiore@ieiit.cnr.it Chaoyun Zhang University of E
1905.09771v1,1905.09771v1:2315-4733,Multi-Service Mobile Traffic Forecasting via Convo,0.756,2418,a per-service basis. Allocating sufficient resources to a certain slice however requires precise measurements and detailed real-time analysis of mobile traffic 
1905.09771v1,1905.09771v1:4734-6769,Multi-Service Mobile Traffic Forecasting via Convo,0.597,2035,"In addition, grouping services into 8 main categories leads to a NMAE that is as low as 3.79%. These results confirm that our proposal can be used as a reliable"
1905.09771v1,1905.09771v1:6770-8477,Multi-Service Mobile Traffic Forecasting via Convo,0.612,1707,individual services. We detail the proposed neural network architecture next. III. SEQUENCE-TO-SEQUENCE CONVLSTM Convolutional long short-term memories (ConvLST
1905.09771v1,1905.09771v1:8478-10843,Multi-Service Mobile Traffic Forecasting via Convo,0.781,2365,... ConvLSTM ConvLSTM ConvLSTM ... ... ConvLSTM ConvLSTM ConvLSTM ConvLSTM ConvLSTM ConvLSTM ... ConvLSTM ConvLSTM ConvLSTM ... ConvLSTM ConvLSTM ConvLSTM Decod
1905.09771v1,1905.09771v1:10844-13371,Multi-Service Mobile Traffic Forecasting via Convo,0.811,2527,using a large-scale mobile traffic dataset collected by a major operator in a large European metropolitan area during 85 consecutive days. This produces Fig. 2.
1905.09771v1,1905.09771v1:13372-15769,Multi-Service Mobile Traffic Forecasting via Convo,0.815,2397,"spatiotemporal dynamics [11], [12], and that our S provides a relevant case study to evaluate multi-service forecasting in a general, realistic configuration. 3"
1905.09771v1,1905.09771v1:15770-17737,Multi-Service Mobile Traffic Forecasting via Convo,0.68,1967,"50.36 50.62 Fig. 3. Evaluation of all models considered in this study in terms of MAE (left), PSNR (middle) and SSIM (right). The metrics are averaged over the "
1905.09771v1,1905.09771v1:17738-19550,Multi-Service Mobile Traffic Forecasting via Convo,0.593,1812,"0.4 0.27 0.26 0.27 0.33 0.37 0.3 SSIM 0.2 0.1 0.0 3D CNN LSTM 3D CNN LSTM MLP S2S ConvLSTM S2S ConvLSTM CNN Model Model vation and predictions, i.e., MSE(t) = 1"
1905.09771v1,1905.09771v1:19551-21186,Multi-Service Mobile Traffic Forecasting via Convo,0.555,1635,"dmax(t) is the highest traffic volume recorded over all antennas a ∈A, and all services s ∈S in our test set. Structural similarity (SSIM) is traditionally empl"
1905.09771v1,1905.09771v1:21187-23195,Multi-Service Mobile Traffic Forecasting via Convo,0.714,2008,"the fraction in the presence of weak denominators. Following standard practice, we set c1 = (k1L)2 and c2 = (k2L)2, where L = 2 is the dynamic range of float ty"
1905.09771v1,1905.09771v1:23196-25277,Multi-Service Mobile Traffic Forecasting via Convo,0.732,2081,"step, as uncertainty increases with time. Fig. 4 confirms our hypothesis, as the MAE grows with the prediction step. Overall, forecasting at 60 minutes ahead yi"
1905.09771v1,1905.09771v1:25278-26995,Multi-Service Mobile Traffic Forecasting via Convo,0.825,1717,"in the plots are the corresponding ground truth observations. Since the time evolution of traffic consumption at antenna level varies significantly, perfectly p"
1905.09932v1,1905.09932v1:0-1865,Precipitation Nowcasting with Satellite Imagery,0.754,1865,"Precipitation Nowcasting with Satellite Imagery Vadim Lebedev, Vladimir Ivashkin, Irina Rudenko, Alexander Ganshin, Alexander Molchanov, Sergey Ovcharenko, Rusl"
1905.09932v1,1905.09932v1:1866-4079,Precipitation Nowcasting with Satellite Imagery,0.76,2213,urban residents are dependent on weather conditions outside their homes. Plans and activities of a significant part of the population are influenced by temperat
1905.09932v1,1905.09932v1:4080-6409,Precipitation Nowcasting with Satellite Imagery,0.756,2329,this product combined weather radar data with neural network-based super-short-term precipitation forecasting (further nowcasting) to provide a house-level map 
1905.09932v1,1905.09932v1:6410-8913,Precipitation Nowcasting with Satellite Imagery,0.82,2503,"models are constrained in prediction strength for a precipitation event in a specific location at a specific time. At the same time, radar extrapolation product"
1905.09932v1,1905.09932v1:8914-11191,Precipitation Nowcasting with Satellite Imagery,0.776,2277,is radar observations. The Russian network of ground-based DMRL-C radars is operated by the Federal Service for Hydrometeorology and Environmental Monitoring of
1905.09932v1,1905.09932v1:11192-13396,Precipitation Nowcasting with Satellite Imagery,0.735,2204,"provides a review of previous works on the subject, none of which provides a level of accuracy appropriate for a user-facing product aiming to alert users about"
1905.09932v1,1905.09932v1:13397-15637,Precipitation Nowcasting with Satellite Imagery,0.834,2240,"heating of the surface leads to convection and formation of cumulonimbus clouds with strong rainfall showers. Over a significant period of the year, frontal pre"
1905.09932v1,1905.09932v1:15638-17877,Precipitation Nowcasting with Satellite Imagery,0.756,2239,"of our precipitation detection approach. From the machine learning point of view, precipitation detection is similar to the problem of semantic segmentation, in"
1905.09932v1,1905.09932v1:17878-20152,Precipitation Nowcasting with Satellite Imagery,0.763,2274,"precipitation areas. On the other hand, vanishing is the most noticeable among these processes and it can easily be accounted for by adding basic filtering to t"
1905.09932v1,1905.09932v1:20153-22307,Precipitation Nowcasting with Satellite Imagery,0.777,2154,"flow cannot be computed directly over the satellite imagery, because the images consist of at least two layers: the transient atmosphere and the permanent under"
1905.09932v1,1905.09932v1:22308-24641,Precipitation Nowcasting with Satellite Imagery,0.75,2333,4.2 Training We use a variant of UNet architecture [25] as our main model for the precipitation detection task. We have tested various numbers of upsample/downs
1905.09932v1,1905.09932v1:24642-26943,Precipitation Nowcasting with Satellite Imagery,0.785,2301,"labels incentivizes the model to ignore the areas outside radar coverage, where the labels are never supplied, and produce some constant output for these areas."
1905.09932v1,1905.09932v1:26944-28723,Precipitation Nowcasting with Satellite Imagery,0.66,1779,"quality of the pointwise model is located between UNet and physics-based approaches. Since it is trained on the radar data, this model detects the same types of"
1905.09932v1,1905.09932v1:28724-30838,Precipitation Nowcasting with Satellite Imagery,0.751,2114,0.48 U-Net w/o GFS 0.65 0.55 0.49 0.56 U-Net with GFS 0.67 0.60 0.54 0.60 5 NOWCASTING When the reconstruction of the precipitation field in the area of interes
1905.09932v1,1905.09932v1:30839-33064,Precipitation Nowcasting with Satellite Imagery,0.752,2225,"of Russia and it could be well-received initially even if the quality of the map was low. Therefore, we had to evaluate the performance of the new precipitation"
1905.09932v1,1905.09932v1:33065-35438,Precipitation Nowcasting with Satellite Imagery,0.803,2373,"it is still better than the traditional forecast, with precipitation imbalance and F1 scores similar to those for radars (Figure 8). We should note that the rad"
1905.09932v1,1905.09932v1:35439-36698,Precipitation Nowcasting with Satellite Imagery,0.848,1259,sharp edge between the radar and satellite data. The stationary edge on the weather map confuses users and shows that more sophisticated data fusion is needed. 
1907.08069v2,1907.08069v2:0-2235,Precipitation Nowcasting with Star-Bridge Networks,0.795,2235,"Precipitation Nowcasting with Star-Bridge Networks Yuan Cao1, Qiuying Li1, Hongming Shan1, Zhizhong Huang1, Lei Chen2, Leiming Ma2, and Junping Zhang1 1Shanghai"
1907.08069v2,1907.08069v2:2236-4530,Precipitation Nowcasting with Star-Bridge Networks,0.83,2294,"of accuracy and resolution. Given the huge amount of video-like radar echo data provided by the operational weather radar networks, the literature proposed seve"
1907.08069v2,1907.08069v2:4531-6589,Precipitation Nowcasting with Star-Bridge Networks,0.692,2058,the information flow across RNN layers; and 3) uses a novel multi-sigmoid loss function to optimize the parameters by taking weather criterion into account. We 
1907.08069v2,1907.08069v2:6590-8411,Precipitation Nowcasting with Star-Bridge Networks,0.671,1821,"simple version of ConvLSTM, the key equations of ConvLSTM are summarized as follows: f t, it, ot = σ(W g ⊛[xt, ht−1] + bg) ct = f t ⊙ct−1 + it ⊙tanh(W c ⊛[xt, h"
1907.08069v2,1907.08069v2:8412-10692,Precipitation Nowcasting with Star-Bridge Networks,0.782,2280,"Then, the cell states of StarBriLSTM encoder are transfered to a StarBri LSTM decoder as the initial states. Another Resize network consisting of three deconvol"
1907.08069v2,1907.08069v2:10693-12882,Precipitation Nowcasting with Star-Bridge Networks,0.713,2189,"in testing stage, because ˆIt−1 is different from the ground truth input It−1. But this connection passes more information across time steps which benefits the "
1907.08069v2,1907.08069v2:12883-14802,Precipitation Nowcasting with Star-Bridge Networks,0.59,1919,"classification for the classification point ci: where the subscript MSL is short for multi-sigmoid loss. In this work, we follow the weather forecasters’ recomm"
1907.08069v2,1907.08069v2:14803-16770,Precipitation Nowcasting with Star-Bridge Networks,0.681,1967,"(5) Li SSL (6) 2 It −bIt 2, (7) 2 × 101 scale=5 scale=15 scale=25 scale=35 L1+L2 MSE=6.2 101 6 × 100 0 5000 10000 15000 20000 25000 30000 35000 Figure 5: MSE pe"
1907.08069v2,1907.08069v2:16771-18766,Precipitation Nowcasting with Star-Bridge Networks,0.709,1995,SSL. We tested several scale factors in Fig. 6 and Fig. 5. Larger scale factor leads the gradient sensitive to tiny differences at the starting phase of trainin
1907.08069v2,1907.08069v2:18767-19513,Precipitation Nowcasting with Star-Bridge Networks,0.691,746,58.4 ConvLSTM [1] 6.31 60.0 TrajGRU [2] - 63.0 PredRNN [3] 7.03 63.1 ConvLSTM+MC 6.51 62.1 StarBri LSTM+MC 6.12 63.8 StarBri LSTM+MC+MSL 6.18 64.4 8 Figure 7: P
1907.09725v1,1907.09725v1:0-2334,VARENN: Graphical representation of spatiotemporal,0.83,2334,"VARENN: Graphical representation of spatiotemporal data and application to climate studies Takeshi Ise1* and Yurika Oba1,2 1Field Science Education and Research"
1907.09725v1,1907.09725v1:2335-4717,VARENN: Graphical representation of spatiotemporal,0.794,2382,"teleconnection patterns. Deep learning has been used in diverse topics recently. For example, CNNs (convolutional neural networks) have been a powerful tool in "
1907.09725v1,1907.09725v1:4718-6957,VARENN: Graphical representation of spatiotemporal,0.787,2239,"arrays of three color channels, it is possible to assign three different time series to such arrays. This facilitates the analysis of multiple global time serie"
1907.09725v1,1907.09725v1:6958-8429,VARENN: Graphical representation of spatiotemporal,0.606,1471,"was/were filled with zeroes. For 3-VAR models, the R, G, and B channels were all used. The images are annotated with five categories based on decadal climatic t"
1907.09725v1,1907.09725v1:8430-10458,VARENN: Graphical representation of spatiotemporal,0.745,2028,"the accuracies of the 1-VAR, 2-VAR, and 3-VAR experiments (p<0.05) for both TMP-EX and PRE-EX. The result shows that the number of climatic variables had an obv"
1907.09725v1,1907.09725v1:10459-12860,VARENN: Graphical representation of spatiotemporal,0.786,2401,"the higher the accuracy. Using these high-performance models, we visualized the model classifications and errors (Fig. 3). Basically, the models were able to as"
1907.09725v1,1907.09725v1:12861-15326,VARENN: Graphical representation of spatiotemporal,0.821,2465,"effect on the accuracy of the classification model; the greater the number of variables embedded in training images, the higher the test accuracy obtained. We a"
1907.09725v1,1907.09725v1:15327-17498,VARENN: Graphical representation of spatiotemporal,0.773,2171,objectively. 6 The VARENN approach aims to find climatic patterns as a classification problem. We believe that our approach has successfully captured multi-deca
1907.09725v1,1907.09725v1:17499-19660,VARENN: Graphical representation of spatiotemporal,0.704,2161,"using R 3.5.1 [19]. Selecting Images and Supervised Learning by CNN Globally, there are ~67,000 terrestrial grid cells with a resolution of 0.5˚. The length of "
1907.09725v1,1907.09725v1:19661-20106,VARENN: Graphical representation of spatiotemporal,0.648,445,accuracies. 16 17 18 Supplementary Fig. 1. Euclidean distances among the eight climatic variables. 19 Supplementary Fig. 2. LeNet [18] employed in this study. 2
1907.11617v2,1907.11617v2:0-2188,Analog forecasting of extreme-causing weather patt,0.775,2188,"Analog forecasting of extreme-causing weather patterns using deep learning Ashesh Chattopadhyay1, Ebrahim Nabizadeh1, and Pedram Hassanzadeh1,2,* 1Department of"
1907.11617v2,1907.11617v2:2189-4450,Analog forecasting of extreme-causing weather patt,0.744,2261,"events has remained a challenge. For example, blocking events, which are large-scale, persistent, high-pressure systems that block/divert the usual eastward win"
1907.11617v2,1907.11617v2:4451-6734,Analog forecasting of extreme-causing weather patt,0.762,2283,"the NWP models, analog forecasting was a key tool in weather prediction; e.g., it was used in the planning of the D-Day for the 1944 Normandy invasion [34]. Ana"
1907.11617v2,1907.11617v2:6735-8972,Analog forecasting of extreme-causing weather patt,0.754,2237,"state of each member to create an ensemble. To ensure abundant training samples for the purpose of demonstrating a proof-ofconcept for the framework, we choose "
1907.11617v2,1907.11617v2:8973-11284,Analog forecasting of extreme-causing weather patt,0.743,2311,"another extreme event within the next 10 days (i.e., maximum of one onset in each 16-day window over North America). This procedure substantially removes potent"
1907.11617v2,1907.11617v2:11285-13482,Analog forecasting of extreme-causing weather patt,0.775,2197,"that would not effectively separate the geographical regions, and demonstrate the effectiveness of the proposed data-driven extreme weather event prediction fra"
1907.11617v2,1907.11617v2:13483-15628,Analog forecasting of extreme-causing weather patt,0.745,2145,"rows 2 and 4 show the average of Z500 patterns 3 days before the onsets for each cluster. complexities, expert-labeled data are not useful for our objective. Fo"
1907.11617v2,1907.11617v2:15629-17815,Analog forecasting of extreme-causing weather patt,0.747,2186,"While more challenging, the impact-based auto-labeling strategy circumvents the need for a full understanding of the complex and nonlinear relationship between "
1907.11617v2,1907.11617v2:17816-20154,Analog forecasting of extreme-causing weather patt,0.754,2338,"while other outputs indicate prediction of a cold spell in 3 days over North-West US-Canada (W1), Alaska (W2), North-East US-Canada (W3), or Northern Canada (W4"
1907.11617v2,1907.11617v2:20155-22174,Analog forecasting of extreme-causing weather patt,0.672,2019,"accuracy and recall fully quantify the skills of the framework for a multi-class prediction. Note that the accuracy for individual clusters, computed as the num"
1907.11617v2,1907.11617v2:22175-24467,Analog forecasting of extreme-causing weather patt,0.773,2292,"the largest decrease in accuracy is 4.7% (for day −4). In summer, the effect of the size of the training set is more pronounced especially at longer lead times,"
1907.11617v2,1907.11617v2:24468-26420,Analog forecasting of extreme-causing weather patt,0.707,1952,"are expected to improve the prediction skills (see Discussion). To demonstrate the promises of such multi-variate data-driven frameworks, we repeat the analysis"
1907.11617v2,1907.11617v2:26421-28511,Analog forecasting of extreme-causing weather patt,0.759,2090,"conduct the analyses in Figures 3 and 4 with CapsNet replaced with two simpler methods: i) ConvNet, which is a deep learning method of growing interest in clima"
1907.11617v2,1907.11617v2:28512-30779,Analog forecasting of extreme-causing weather patt,0.78,2267,"and environmental sciences might benefit from using CapsNets (and might benefit even more from deep learning techniques designed specifically for multi-scale, s"
1907.11617v2,1907.11617v2:30780-33100,Analog forecasting of extreme-causing weather patt,0.784,2320,"[13, 58, 59]. The data-driven extreme event prediction framework introduced here can be useful in (at least) two ways: 1) To provide early warnings of extreme e"
1907.11617v2,1907.11617v2:33101-35513,Analog forecasting of extreme-causing weather patt,0.781,2412,"compared to the simulations with lower resolutions [2, 61]. The advantage of using the data-driven framework, trained on high-resolution NWP models, is that it "
1907.11617v2,1907.11617v2:35514-37766,Analog forecasting of extreme-causing weather patt,0.758,2252,"interest and its driver(s). Needless to say, domain expertise is still critical in designing the auto-labeling strategy, e.g., in choosing the relevant variable"
1907.11617v2,1907.11617v2:37767-40102,Analog forecasting of extreme-causing weather patt,0.769,2335,and each filter has a kernel size of 5 × 5. Zero padding is used to maintain the size of patterns before and after applying the filters. Each convolutional laye
1907.11617v2,1907.11617v2:40103-42535,Analog forecasting of extreme-causing weather patt,0.753,2432,the feature maps. One might expect CapsNet to be more suitable than ConvNet for our data-driven extreme weather prediction framework (and other climate and envi
1907.11617v2,1907.11617v2:42536-43853,Analog forecasting of extreme-causing weather patt,0.762,1317,"cannot predict T2m pattern (or cluster) based on the input of Z500 patterns, which is our objective here. To predict T2m based on Z500+T2m, persistence could no"
1909.02902v4,1909.02902v4:0-2307,Dynamic Spatial-Temporal Representation Learning f,0.798,2307,"IEEE TRANSACTIONS ON INTELLIGENT TRANSPORTATION SYSTEMS 1 Dynamic Spatial-Temporal Representation Learning for Traffic Flow Prediction Lingbo Liu, Jiajie Zhen, "
1909.02902v4,1909.02902v4:2308-4615,Dynamic Spatial-Temporal Representation Learning f,0.767,2307,"each region with mobility data. The weight of a specific grid indicates the traffic density of its corresponding region during a time interval. In this work, we"
1909.02902v4,1909.02902v4:4616-6876,Dynamic Spatial-Temporal Representation Learning f,0.792,2260,"qiuzhl3@mail2.sysu.edu.cn; liguanbin@mail.sysu.edu.cn; linliang@ieee.org). Recently, notable successes have been achieved for citywide traffic flow prediction b"
1909.02902v4,1909.02902v4:6877-9312,Dynamic Spatial-Temporal Representation Learning f,0.849,2435,"Notice that our framework is general. Besides citywide traffic flow prediction, it can also be applied to extensive traffic tasks (e.g., citywide passenger dema"
1909.02902v4,1909.02902v4:9313-11706,Dynamic Spatial-Temporal Representation Learning f,0.782,2393,"[17]–[20], ATFM adaptively learns to represent the weights of each spatial location at each time-step, which allows the model to dynamically perceive the impact"
1909.02902v4,1909.02902v4:11707-13942,Dynamic Spatial-Temporal Representation Learning f,0.781,2235,"analysis has been studied for decades [22], [23] due to its wide applications in urban traffic management and public safety monitoring. Traditional approaches ["
1909.02902v4,1909.02902v4:13943-16329,Dynamic Spatial-Temporal Representation Learning f,0.826,2386,"[13] simply employed convolution operations to extract temporal features and could not fully explore the temporal patterns. Second, all of them neglected the dy"
1909.02902v4,1909.02902v4:16330-18715,Dynamic Spatial-Temporal Representation Learning f,0.786,2385,refers to the process by which humans focus the computational resources of their brain’s visual system to specific regions of the visual field while perceiving 
1909.02902v4,1909.02902v4:18716-20683,Dynamic Spatial-Temporal Representation Learning f,0.702,1967,"TRANSPORTATION SYSTEMS 4 in our work. For convenience, we denote the traffic flow map at the tth time interval of dth day as a tensor M t ATFM 1 2 𝐶𝑖 𝐶𝑖 d ∈R2×h"
1909.02902v4,1909.02902v4:20684-22335,Dynamic Spatial-Temporal Representation Learning f,0.53,1651,"wxi ∗Xi + whi ∗H1 I1    i−1 + bi i =σ ii) Holiday preprocessing: Multiple categories of holiday (e.g., Chinese Spring Festival and Christmas) can be acquired f"
1909.02902v4,1909.02902v4:22336-24482,Dynamic Spatial-Temporal Representation Learning f,0.699,2146,"various contextual dependencies of the traffic flow, e.g., the spatial consistency and the temporal dependency of long and short term. As shown in Fig. 2, the p"
1909.02902v4,1909.02902v4:24483-26761,Dynamic Spatial-Temporal Representation Learning f,0.784,2278,"fed into ATFM, the last hidden state 2https://www.wunderground.com/ IEEE TRANSACTIONS ON INTELLIGENT TRANSPORTATION SYSTEMS 5 encodes the information of the who"
1909.02902v4,1909.02902v4:26762-28827,Dynamic Spatial-Temporal Representation Learning f,0.644,2065,"do not adopt any pooling layers in ResNet. Following [7], we first scale M i j into the range [−1, 1] with a min-max linear normalization and then feed it into "
1909.02902v4,1909.02902v4:28828-31020,Dynamic Spatial-Temporal Representation Learning f,0.705,2192,by feeding the last hidden state of ATFM into a 1 × 1 convolution layer. Sf encodes the sequential evolution trend of traffic flow. 3) Periodic Representation L
1909.02902v4,1909.02902v4:31021-32506,Dynamic Spatial-Temporal Representation Learning f,0.565,1485,"fusion (TVF) module. {M, E}i j and external factors tensor Ei j is the embedded feature of Mi j. Sf and Pf are sequential representation and periodic representa"
1909.02902v4,1909.02902v4:32507-34147,Dynamic Spatial-Temporal Representation Learning f,0.622,1640,the second one has only one neuron. We then obtain the fusion weight of Sf by applying a sigmoid function on the output of the second FC layer. The weight of Pf
1909.02902v4,1909.02902v4:34148-35713,Dynamic Spatial-Temporal Representation Learning f,0.624,1565,"..., 0} are recurrently fed into ATFM to learn the sequential representation. The output sequential representation is then fed into a LSTM prediction network. W"
1909.02902v4,1909.02902v4:35714-37091,Dynamic Spatial-Temporal Representation Learning f,0.569,1377,𝑡+1 𝐹𝑑−1 𝑡+1 𝑡+1 𝐹𝑑−𝑚 𝐹𝑑−𝑚+1 LSTM LSTM LSTM … … ATFM ATFM ATFM SRL 𝑡−𝑛+2 𝑡−𝑛+1 𝑡 𝐹𝑑 𝐹𝑑 𝐹𝑑 j is the normal traffic flow feature described in Section V-A1. Et+i F
1909.02902v4,1909.02902v4:37092-39261,Dynamic Spatial-Temporal Representation Learning f,0.767,2169,for bike flow prediction. These two datasets can be accessed publicly and various comparison algorithms can be evaluated on the same testing sets for fair compa
1909.02902v4,1909.02902v4:39262-41147,Dynamic Spatial-Temporal Representation Learning f,0.673,1885,"BOTH DATASETS. z X z X 2, MAE = 1 ( bYi −Yi) | bYi −Yi| RMSE = Method TaxiBJ BikeNYC RMSE MAE RMSE MAE HA 57.79 - 21.57 - SARIMA 26.88 - 10.56 - VAR 22.88 - 9.9"
1909.02902v4,1909.02902v4:41148-43295,Dynamic Spatial-Temporal Representation Learning f,0.793,2147,"on the TaxiBJ dataset and 21.57 on the BikeNYC dataset. Although having some progress, the traditional time series algorithms (e.g., VAR, ARIMA, and SARIMA) sti"
1909.02902v4,1909.02902v4:43296-45241,Dynamic Spatial-Temporal Representation Learning f,0.644,1945,am on all historical Tuesdays. • ARIMA [27]: Auto-Regressive Integrated Moving Average (ARIMA) is a famous statistical analysis model that uses time series data
1909.02902v4,1909.02902v4:45242-46933,Dynamic Spatial-Temporal Representation Learning f,0.592,1691,"to 18:00 and from 18:00 to 6:00, respectively. Best view in color. 15 𝑝 10% 20% 30% 40% 50% 60% 70% 80% 90% 100% DeepST ST-ResNet PredNet PredRNN Ours Fig. 8. T"
1909.02902v4,1909.02902v4:46934-48948,Dynamic Spatial-Temporal Representation Learning f,0.753,2014,"to conduct the evaluation. As shown in Fig. 8, on the TaxiBJ dataset, the RMSE of five deep learning-based methods are much larger on the top-10% regions and ou"
1909.02902v4,1909.02902v4:48949-50409,Dynamic Spatial-Temporal Representation Learning f,0.557,1460,LONG-TERM TRAFFIC FLOW PREDICTION ON TAXIBJ. ALL COMPARED METHODS HAVE BEEN FINETUNED FOR LONG-TERM PREDICTION. EACH TIME INTERVAL IS HALF AN HOUR (0.5 H) IN TH
1909.02902v4,1909.02902v4:50410-52552,Dynamic Spatial-Temporal Representation Learning f,0.771,2142,"long-term prediction. As shown in Table IV, the RMSE of all methods gradually increases on the TaxiBJ dataset when attempting to forecast the longer-term flow. "
1909.02902v4,1909.02902v4:52553-54557,Dynamic Spatial-Temporal Representation Learning f,0.712,2004,"temporallyvarying fusion module. In this section, we implement eight variants of our framework in order to verify the effectiveness of each component: • PCNN: d"
1909.02902v4,1909.02902v4:54558-56775,Dynamic Spatial-Temporal Representation Learning f,0.767,2217,“SPN-w/o-Ext vs. SPN” is utilized to illustrate the influence of external factors and “SPN-w/o-Fusion vs. SPN” is utilized to show the effectiveness of Temporal
1909.02902v4,1909.02902v4:56776-59048,Dynamic Spatial-Temporal Representation Learning f,0.777,2272,"the primary positive impacts for the future flow prediction. According to the experiment, we can see that the proposed model can not only effectively improve th"
1909.02902v4,1909.02902v4:59049-61335,Dynamic Spatial-Temporal Representation Learning f,0.796,2286,"data is more regular. Although the weight is low, the periodic representation still helps to improve the performance of traffic flow prediction qualitatively an"
1909.02902v4,1909.02902v4:61336-63152,Dynamic Spatial-Temporal Representation Learning f,0.623,1816,"truth inflow/outflow map of next time interval; ii) on the second row, the first two images are the attentional maps generated by our ATFM, while the last one i"
1909.02902v4,1909.02902v4:63153-65270,Dynamic Spatial-Temporal Representation Learning f,0.775,2117,"dropoff locations. For each region, we measure the passenger pickup/dropoff demands every half an hour, thus the dimensionality of passenger demand maps is 2×h×"
1909.02902v4,1909.02902v4:65271-67371,Dynamic Spatial-Temporal Representation Learning f,0.748,2100,COMPARED METHODS HAVE BEEN FINETUNED FOR LONG-TERM PREDICTION. EACH TIME INTERVAL IS HALF AN HOUR (0.5 H) IN THIS DATASET. Time Interval 1 2 3 4 (0.5 h) (1.0 h)
1909.02902v4,1909.02902v4:67372-67689,Dynamic Spatial-Temporal Representation Learning f,0.833,317,"during morning rush hours and have high inflow during evening rush hours. Base on this consideration, we plan to incorporate the prior knowledge of functionalit"
2002.00469v3,2002.00469v3:0-2369,WeatherBench: A benchmark dataset for data-driven ,0.76,2369,"WeatherBench: A benchmark dataset for data-driven weather forecasting arXiv:2002.00469v3 [physics.ao-ph] 11 Jun 2020 Stephan Rasp1, Peter D. Dueben2, Sebastian "
2002.00469v3,2002.00469v3:2370-4583,WeatherBench: A benchmark dataset for data-driven ,0.718,2213,"Currently, weather (and climate) predictions are based on purely physical computer models, in which the governing equations, or our best approximation thereof, "
2002.00469v3,2002.00469v3:4584-7001,WeatherBench: A benchmark dataset for data-driven ,0.829,2417,idea behind these approaches is to only replace uncertain (e.g. clouds) or computationally expensive (e.g. line-by-line radiation) model components with machine
2002.00469v3,2002.00469v3:7002-9265,WeatherBench: A benchmark dataset for data-driven ,0.731,2263,fields of 2 pressure and temperature – for which physical models perform very well – the hope is that the insights gained from this task can be leveraged for mo
2002.00469v3,2002.00469v3:9266-11625,WeatherBench: A benchmark dataset for data-driven ,0.735,2359,"2017). Here, we propose a benchmark problem for data-driven weather forecasting. We provide a ready-to-use dataset for download along with specific metrics to c"
2002.00469v3,2002.00469v3:11626-13786,WeatherBench: A benchmark dataset for data-driven ,0.814,2160,they use a third-order Adams-Bashford explicit time-stepping scheme. The CNN predicting only geopotential performed best but was unable to beat the low-resoluti
2002.00469v3,2002.00469v3:13787-15895,WeatherBench: A benchmark dataset for data-driven ,0.728,2108,as those used by Scher (2018) and Scher and Messori (2019b) but also experimented with adding a convolution long short-term memory (LSTM; Hochreiter and Schmidh
2002.00469v3,2002.00469v3:15896-17972,WeatherBench: A benchmark dataset for data-driven ,0.691,2076,Note that it is common to use pressure in hecto-Pascals as a vertical coordinate instead of physical height. The pressure at sea level is approximately 1000 hPa
2002.00469v3,2002.00469v3:17973-20243,WeatherBench: A benchmark dataset for data-driven ,0.706,2270,"(vorticity) and vertical temperature gradient of the atmosphere. It is defined as PV = ρ−1ζa · ∇θ, where ρ is the density, ζa is the absolute vorticity (relativ"
2002.00469v3,2002.00469v3:20244-22482,WeatherBench: A benchmark dataset for data-driven ,0.636,2238,13 levels relative_humidity r Humidity relative to saturation [%] 13 levels u_component_of_wind u Wind in x/longitude-direction [m s−1] 13 levels v_component_of
2002.00469v3,2002.00469v3:22483-24704,WeatherBench: A benchmark dataset for data-driven ,0.716,2221,in this paper are done in this Jupyter notebook: https://github.com/pangeo-data/WeatherBench/blob/master/notebooks/ 4-evaluation.ipynb 7 to check the model perf
2002.00469v3,2002.00469v3:24705-26552,WeatherBench: A benchmark dataset for data-driven ,0.579,1847,"weighting factor for the latitude at the jth latitude index: L(j) = cos(lat(j)) (3) PNlat 1 Nlat j cos(lat(j)) In addition, we also evaluate the baselines using"
2002.00469v3,2002.00469v3:26553-28532,WeatherBench: A benchmark dataset for data-driven ,0.61,1979,/ 463 1.85 / 2.52 2.04 / 2.44 Operational IFS 154 / 334 1.36 / 2.03 1.35 / 1.77 2.36 / 2.59 climatologies were computed from the training dataset (1979–2016): f
2002.00469v3,2002.00469v3:28533-30784,WeatherBench: A benchmark dataset for data-driven ,0.746,2251,resolution at the equator (NCAR)) with 62 vertical levels and T63 (approximately 1.9° or 210 km) with 137 vertical levels. The T42 run was initialized from ERA5
2002.00469v3,2002.00469v3:30785-33058,WeatherBench: A benchmark dataset for data-driven ,0.799,2273,for 2017. For this reason the TIGGE evaluation for these variables is only done using the 2018 data. 10 5.5 Simple convolutional neural network As our deep lear
2002.00469v3,2002.00469v3:33059-35340,WeatherBench: A benchmark dataset for data-driven ,0.789,2281,the extratropics where propagating fronts can cause rapid temperature changes. An interesting feature is detectable in the 6h Z500 difference field in the tropi
2002.00469v3,2002.00469v3:35341-37690,WeatherBench: A benchmark dataset for data-driven ,0.772,2349,"typical image-to-image applications and raises several open questions. First, the atmosphere is three-dimensional. So far, this aspect has not been taken into a"
2002.00469v3,2002.00469v3:37691-39919,WeatherBench: A benchmark dataset for data-driven ,0.732,2228,"could provide more diversity in the training dataset. Finally, there are technical challenges. Data for a single variable with ten levels at 5.625° resolution t"
2002.00469v3,2002.00469v3:39920-42280,WeatherBench: A benchmark dataset for data-driven ,0.796,2360,"2007; Gneiting and Katzfuss, 2014). For deterministic forecast the CRPS reduces to the mean absolute error. Extending this benchmark to probabilistic forecastin"
2002.00469v3,2002.00469v3:42281-44551,WeatherBench: A benchmark dataset for data-driven ,0.764,2270,"in complexity. To start with, external greenhouse gas forcing would have to be included. Further, future climates will produce atmospheric states that lie outsi"
2002.00469v3,2002.00469v3:44552-46949,WeatherBench: A benchmark dataset for data-driven ,0.775,2397,"training samples. 7 Code and data availability The dataset is available at https://mediatum.ub.tum.de/1524895 (Rasp et al., 2020). Code, instructions for dowloa"
2002.00469v3,2002.00469v3:46950-48784,WeatherBench: A benchmark dataset for data-driven ,0.601,1834,"– Reproducibility and citability: All baselines and results form this paper are fully reproducible from the code repository. Further, the baseline predictions a"
2002.00469v3,2002.00469v3:48785-50125,WeatherBench: A benchmark dataset for data-driven ,0.338,1340,Forecast time [days] c) T2M 1.0 0.9 0.8 T2M ACC TP ACC 0.7 0.6 0.5 0.4 0 1 2 3 4 5 Forecast time [days] different baselines at 5.625° resolution. 18 b) T850 1.0
2002.00469v3,2002.00469v3:50126-51566,WeatherBench: A benchmark dataset for data-driven ,0.373,1440,0.92 / 0.90 0.15 / 0.13 Linear regression (iterative) 0.76 / 0.67 0.82 / 0.78 CNN (direct) 0.81 / 0.71 0.85 / 0.79 CNN (iterative) 0.61 / 0.41 0.72 / 0.31 IFS T
2002.00469v3,2002.00469v3:51567-51864,WeatherBench: A benchmark dataset for data-driven ,0.814,297,the data. Peter D. Dueben gratefully acknowledges funding from the Royal Society for his University Research Fellowship and the ESIWACE2 project. The ESIWACE2 p
2002.05398v3,2002.05398v3:0-2303,Ensemble methods for neural network-based weather ,0.767,2303,manuscript submitted to Journal of Advances in Modeling Earth Systems (JAMES) Ensemble methods for neural network-based weather forecasts S. Scher1and G. Messor
2002.05398v3,2002.05398v3:2304-4559,Ensemble methods for neural network-based weather ,0.741,2255,"be sunny at location x”), one performs a set (ensemble) of different forecasts. This set of forecasts represents different possible future weather scenarios (e."
2002.05398v3,2002.05398v3:4560-6882,Ensemble methods for neural network-based weather ,0.767,2322,"(∼3 – 14 days) is typically much poorer than what operational NWP models achieve. Independent of the forecast method, it has long been recognized that weather f"
2002.05398v3,2002.05398v3:6883-9285,Ensemble methods for neural network-based weather ,0.81,2402,"estimate of forecast uncertainty, is that the mean of all members (the ensemble mean) has on average a higher forecast skill than when making a single (determin"
2002.05398v3,2002.05398v3:9286-11555,Ensemble methods for neural network-based weather ,0.737,2269,"initial perturbations or an adaption of the SVD technique to neural networks. The two other methods perturb the forecast system itself, by retraining the neural"
2002.05398v3,2002.05398v3:11556-13995,Ensemble methods for neural network-based weather ,0.783,2439,"weights of the neural network in the training procedure. As discussed above, conventional NWP ensemble methods make us of both perturbations to the initial cond"
2002.05398v3,2002.05398v3:13996-16259,Ensemble methods for neural network-based weather ,0.737,2263,"in the training the distribution of the weight is learned (for example via mean and standard deviation). At prediction time, the value –4– manuscript submitted "
2002.05398v3,2002.05398v3:16260-18368,Ensemble methods for neural network-based weather ,0.731,2108,turn an existing neural network weather forecasting system into an ensemble forecasting system. As neural network system we use the architecture proposed by (We
2002.05398v3,2002.05398v3:18369-20659,Ensemble methods for neural network-based weather ,0.749,2290,are a set of (nonlinear) functions with a – potentially very large – set of parameters. The parameters and functions are organized in layers. There is always an
2002.05398v3,2002.05398v3:20660-22846,Ensemble methods for neural network-based weather ,0.705,2186,"Earth Systems (JAMES) retraining ensemble, for which the maximum ensemble size is 20 due to constraints in available computation time. 2.3.1 Random initial pert"
2002.05398v3,2002.05398v3:22847-24687,Ensemble methods for neural network-based weather ,0.682,1840,"input perturbation pattern⃗x′ leads to the maximum output perturbation⃗y′ with respect to some norm, when linearizing the function around its input: max||⃗y′|| "
2002.05398v3,2002.05398v3:24688-26764,Ensemble methods for neural network-based weather ,0.732,2076,"Si of the Jacobian matrix with a standard SVD-routine from the numpy library. This results in the SVD of the system, using the euclidean norm. The validity of t"
2002.05398v3,2002.05398v3:26765-28997,Ensemble methods for neural network-based weather ,0.723,2232,"even though they have small errors on the training lead time of 6h). Therefore, we trained 50 members, and then selected the 20 members that had the highest ski"
2002.05398v3,2002.05398v3:28998-31135,Ensemble methods for neural network-based weather ,0.754,2137,"forecasts, we compute the error for each member individually, and then average over all members to obtain a representative score. This will be referred to as ”u"
2002.05398v3,2002.05398v3:31136-33299,Ensemble methods for neural network-based weather ,0.768,2163,"Secondly, we compute the correlation between spread and error of all forecasts for a given lead time. Since the spread is only a predictor of the expected, or a"
2002.05398v3,2002.05398v3:33300-35552,Ensemble methods for neural network-based weather ,0.847,2252,"different parameter selection method (minimal RMSE, maximal spread-error correlation and minimal CRPS). The results are relatively similar when selecting on min"
2002.05398v3,2002.05398v3:35553-37447,Ensemble methods for neural network-based weather ,0.578,1894,"(large RMSE) can nonetheless display a higher spread-error correlation than more skillful forecasts. The very small ensembles have a high RMSE, yet it appears t"
2002.05398v3,2002.05398v3:37448-39532,Ensemble methods for neural network-based weather ,0.771,2084,0 0 20 40 60 80 100 120 0 0 20 40 60 80 100 120 Figure 3. Results for the best parameter settings for all 4 methods. The parameters for each method were selecte
2002.05398v3,2002.05398v3:39533-41206,Ensemble methods for neural network-based weather ,0.432,1673,"on the other hand, is comparable. Regarding sensitivity to ensemble size, RMSE and CRPS decrease monotonically with increasing size, whereas the spread-error co"
2002.05398v3,2002.05398v3:41207-42637,Ensemble methods for neural network-based weather ,0.298,1430,[m2/s2] 600 1000 400 500 200 0 0 20 40 60 80 100 nens 0.0 0.5 1.0 1.5 2.0 2.5 3.0 rand Figure 5. Sensitivity of the rand ensemble method to the number of ensemb
2002.05398v3,2002.05398v3:42638-44243,Ensemble methods for neural network-based weather ,0.343,1605,80 120 leadtime 0 40 80 120 1000 800 800 crps [m2/s2] crps [m2/s2] 600 600 400 400 200 200 0 20 40 60 80 100 nens 0.0 0.5 1.0 1.5 2.0 2.5 3.0 svd Figure 7. Sens
2002.05398v3,2002.05398v3:44244-46517,Ensemble methods for neural network-based weather ,0.731,2273,20 15 100 10 50 5 0 20 40 60 80 100 120 leadtime [h] 2 3 4 5 6 7 8 9 10 nens Figure 9. Skill of the GEFS ensemble reforecast (left) and sensitivity of the score
2002.05398v3,2002.05398v3:46518-48815,Ensemble methods for neural network-based weather ,0.812,2297,"generated, as long as it has (probabilistic) skill. At the same time, we recognize that some skilled users may tailor their interpretation of the ensemble forec"
2002.05398v3,2002.05398v3:48816-51255,Ensemble methods for neural network-based weather ,0.812,2439,"do not show exponential growth with increasing lead time, in contrast to NWP models. This might have implications for the theoretical grounding of ensemble tech"
2002.05398v3,2002.05398v3:51256-53638,Ensemble methods for neural network-based weather ,0.811,2382,"to the model itself than to the initial conditions, which is in contrast to stateof-the art NWP systems. Finally, in operational practice forecasters would need"
2002.05398v3,2002.05398v3:53639-55318,Ensemble methods for neural network-based weather ,0.589,1679,can already be used to provide probabilistic forecasts with uncertainty estimates comparable to those of NWP models. Code and data availability The software use
2002.05398v3,2002.05398v3:55319-56989,Ensemble methods for neural network-based weather ,0.592,1670,"+ σ⃗x′) −NN (⃗x) (B2) For our test, we use the leading singular vector for x′. Then, for each initial condition, we compute the area mean of⃗y′ for each of the "
2002.05398v3,2002.05398v3:56990-57440,Ensemble methods for neural network-based weather ,0.846,450,computations were performed on resources provided by the Swedish National Infrastructure for Computing (SNIC) at the High Performance Computing Center North (HP
2003.12140v2,2003.12140v2:0-2233,MetNet: A Neural Weather Model for Precipitation F,0.759,2233,MetNet: A Neural Weather Model for Precipitation Forecasting Casper Kaae Sønderby∗ Lasse Espeholt Jonathan Heek Mostafa Dehghani arXiv:2003.12140v2 [cs.LG] 30 M
2003.12140v2,2003.12140v2:2234-4350,MetNet: A Neural Weather Model for Precipitation F,0.758,2116,data and an exponential growth in computing capabilities. These aspects have increased the spatial and temporal resolution of NWP and have advanced the range of
2003.12140v2,2003.12140v2:4351-6678,MetNet: A Neural Weather Model for Precipitation F,0.717,2327,"requirements of the task, the rich spatial and temporal structure of the inputs and predictions and the inherent need to represent uncertainty. We adopt DNNs to"
2003.12140v2,2003.12140v2:6679-8922,MetNet: A Neural Weather Model for Precipitation F,0.733,2243,for a highly varying and densely measured target (Agrawal et al.). We cast precipitation forecasting as a structured prediction problem where the output comes i
2003.12140v2,2003.12140v2:8923-11245,MetNet: A Neural Weather Model for Precipitation F,0.754,2322,Temporal Encoder processes the downsampled time slices in the direction of time using a Convolutional LSTM. The Spatial Aggregator uses 8 axial self-attention b
2003.12140v2,2003.12140v2:11246-13523,MetNet: A Neural Weather Model for Precipitation F,0.698,2277,Conditioning on Target Lead Time A forward pass through MetNet makes a prediction for a single lead time. The model is informed about the desired lead time by c
2003.12140v2,2003.12140v2:13524-15725,MetNet: A Neural Weather Model for Precipitation F,0.708,2201,"representation and the memory and computation required to compute it. To maintain viable memory and computation requirements, the first part of MetNet contracts"
2003.12140v2,2003.12140v2:15726-17460,MetNet: A Neural Weather Model for Precipitation F,0.567,1734,Neural Network Forward Pass 0.3 0.4 0.5 0.6 0.7 0.8 0.9 MetNet HRRR Optical Flow Persistence F1 0.2 mm/h 0.2 0.3 0.4 0.5 0.6 0.7 0.8 F1 1.0 mm/h 0.1 0.2 0.3 0.4
2003.12140v2,2003.12140v2:17461-19798,MetNet: A Neural Weather Model for Precipitation F,0.734,2337,"MetNet-ReducedTemporal 1024 30 MRMS, GOES-16 MetNet-GOESOnly 1024 90 GOES-16 Table 1: Specification of the various configurations used in the ablation experimen"
2003.12140v2,2003.12140v2:19799-21927,MetNet: A Neural Weather Model for Precipitation F,0.703,2128,"al. (2019b) and with a persistence baseline using the F1 score on three precipitation rate thresholds: 0.2 mm/h, 1 mm/h and 2 mm/h in Figure 5 (see Appendix C a"
2003.12140v2,2003.12140v2:21928-24110,MetNet: A Neural Weather Model for Precipitation F,0.724,2182,"km. This contrasts with other neural networks used for 1 hour precipitation forecasting that have a U-Net-style architecture (Ronneberger et al., 2015; Ayzel et"
2003.12140v2,2003.12140v2:24111-26025,MetNet: A Neural Weather Model for Precipitation F,0.651,1914,pixels above the threshold whereas for MetNet we show the probability of each pixels being above the threshold. 2 hr 4 hr 6 hr 8 hr 2 hr 4 hr 6 hr 8 hr MetNet H
2003.12140v2,2003.12140v2:26026-28171,MetNet: A Neural Weather Model for Precipitation F,0.661,2145,Tx. We only retain samples where all GOES and MRMS could be mapped to the desired sampling times with a maximum of 5 minutes mismatch. Furthermore the range of 
2003.12140v2,2003.12140v2:28172-30376,MetNet: A Neural Weather Model for Precipitation F,0.784,2204,"successful framework to perform medium- and longrange (up to 6 days with high confidence) forecast to date (Bauer et al., 2015). The core of NWP models are a se"
2003.12140v2,2003.12140v2:30377-32303,MetNet: A Neural Weather Model for Precipitation F,0.68,1926,leave the data unchanged. In Figure 9 (left) we compare three optical flow based methods for precipitation rate forecasting. We found that using a dense inverse
2006.08209v1,2006.08209v1:0-2066,Multimodal fusion for sea level anomaly forecastin,0.791,2066,"Multimodal fusion for sea level anomaly forecasting Guosong Wang12, Xidong Wang1, Xinrong Wu2, Kexiu Liu2, Yiquan Qi1,Chunjian Sun2, Hongli Fu2 1 College of Oce"
2006.08209v1,2006.08209v1:2067-4237,Multimodal fusion for sea level anomaly forecastin,0.82,2170,"an extension of the validation over the North Pacific Ocean, MMFnet can calculate the forecasting results in a few minutes, and we find good agreement in amplit"
2006.08209v1,2006.08209v1:4238-6284,Multimodal fusion for sea level anomaly forecastin,0.727,2046,"marine forecasting, For example, the French government’s Mercator-Ocean nowcast systems use Oceanic General Circulation Models (OGCM) to predict sea level up to"
2006.08209v1,2006.08209v1:6285-8452,Multimodal fusion for sea level anomaly forecastin,0.765,2167,deep learning for spatiotemporal sequence forecasting is essential for a wide range of scientific studies and real-life applications like precipitation nowcasti
2006.08209v1,2006.08209v1:8453-10812,Multimodal fusion for sea level anomaly forecastin,0.818,2359,"ConvLSTM model, which just can recall and update the temporal correlation. And they are shown to be better than TrajGRU in both of the REE and video frame predi"
2006.08209v1,2006.08209v1:10813-12944,Multimodal fusion for sea level anomaly forecastin,0.757,2131,"(EEMD-LSTM) into ConvLSTM, which applying DMS approach (ConvLSTM) by an ocean data assimilation scheme. The MMFnet, which is included wind and SST as additional"
2006.08209v1,2006.08209v1:12945-15114,Multimodal fusion for sea level anomaly forecastin,0.737,2169,"sequence from 2016 to 2017 as the test set. We slice the sequence with a 30-days sliding window. Each sequence consists of 30 gridded data, with SLA, SSTA and S"
2006.08209v1,2006.08209v1:15116-17325,Multimodal fusion for sea level anomaly forecastin,0.782,2209,"time scales to obtain more realistic and physically meaningful signals and reduce the impact of noise (Huang et al.,2019; Liu et al.,2019). We employ the techni"
2006.08209v1,2006.08209v1:17326-19137,Multimodal fusion for sea level anomaly forecastin,0.62,1811,"on NVIDIA Quadro P6000 GPUs with 50G Memory. 8 / 25 3 Experiments and Evaluation In this paper, root-mean-square error (RMSE) and anomaly correlation coefficien"
2006.08209v1,2006.08209v1:19138-21206,Multimodal fusion for sea level anomaly forecastin,0.744,2068,networks both success has the ability to learn the temporal and spatial relationships associated with time series data in the central SCS. The large RMSE values
2006.08209v1,2006.08209v1:21207-23249,Multimodal fusion for sea level anomaly forecastin,0.76,2042,"and non-stationary in the shelf shallower than 100 m and the Luzon Strait (Fig. 2), which has a strong impact on the performance of the network. Over the shelf "
2006.08209v1,2006.08209v1:23250-24682,Multimodal fusion for sea level anomaly forecastin,0.432,1432,EEMD-LSTM S1 119.50 24.00 7.95 2.17 S2 120.00 24.50 7.72 2.18 S3 118.38 23.88 10.94 2.84 S4 118.88 24.62 9.76 3.47 West coast of Taiwan Strait S5 116.50 22.84 6
2006.08209v1,2006.08209v1:24683-26483,Multimodal fusion for sea level anomaly forecastin,0.685,1800,"the same model structure and uses the best parameters for SLA forecasting; therefore, to impartially compare the forecast uncertainties of SLA in different expe"
2006.08209v1,2006.08209v1:26484-28484,Multimodal fusion for sea level anomaly forecastin,0.707,2000,SLA 0.791 0.995 3.443 0.919 6.169 0.771 3.618 0.898 We use the RMSE as metrics to evaluate the forecast results and the corresponding step-by-step quantitative 
2006.08209v1,2006.08209v1:28485-30536,Multimodal fusion for sea level anomaly forecastin,0.758,2051,"are significantly reduces forecast errors and improves the forecast range in central SCS and East Luzon Strait. In part, this is due to the MMFnet1 can only sol"
2006.08209v1,2006.08209v1:30537-32753,Multimodal fusion for sea level anomaly forecastin,0.795,2216,"forecast. The daily realtime SSHA forecast from HYCOM model were compared with remote sensing altimeter, the Mean Dynamic Topography (MDT) used in HYCOM is the "
2006.08209v1,2006.08209v1:32754-34914,Multimodal fusion for sea level anomaly forecastin,0.796,2160,"forecasting, and the spatiotemporal convolution structure of the network successfully learns the spatiotemporal sequence forecast characteristics of SLA. For st"
2006.08209v1,2006.08209v1:34915-37057,Multimodal fusion for sea level anomaly forecastin,0.794,2142,"due to two reasons. One reason is that, MMFnet3 network can handle boundary conditions. There are a large number of eddy motion samples in the training set in L"
2006.08209v1,2006.08209v1:37058-39454,Multimodal fusion for sea level anomaly forecastin,0.86,2396,"OISST for SLA forecasting, has improved the forecast range over one week and reduces the obstacles of October forecasting than univariate ConvLSTM network .Over"
2007.04005v2,2007.04005v2:0-2164,Statistical post-processing of wind speed forecast,0.821,2164,Generated using the official AMS LATEX template v5.0 Statistical post-processing of wind speed forecasts using convolutional neural networks arXiv:2007.04005v2 
2007.04005v2,2007.04005v2:2165-4409,Statistical post-processing of wind speed forecast,0.775,2244,"wind storms caused one insurance group to pay an estimated €100 million due to damages to individuals, businesses, and the agricultural sector (https://news.ach"
2007.04005v2,2007.04005v2:4410-6430,Statistical post-processing of wind speed forecast,0.742,2020,the year. It is common practice in statistical post-processing to fit a parametric distribution based on measurements and a set of potential predictors. These p
2007.04005v2,2007.04005v2:6431-8564,Statistical post-processing of wind speed forecast,0.73,2133,"statistical post-processing of temperature forecasts. In contrast to MOS/EMOS, QRF and neural networks are both capable of learning non-linear relationships, wh"
2007.04005v2,2007.04005v2:8565-10777,Statistical post-processing of wind speed forecast,0.734,2212,"tool for this purpose. Independently of our work, Scheuerer et al. (2020) very recently investigated CNNs for probabilistic forecasting of precipitation on the "
2007.04005v2,2007.04005v2:10778-13131,Statistical post-processing of wind speed forecast,0.768,2353,"and operational HA40 forecasts from winter 2018-2019 are also available. This data is split into two sets, as shown in Table 2. The first set (2015-2017) is use"
2007.04005v2,2007.04005v2:13132-15565,Statistical post-processing of wind speed forecast,0.795,2433,"in this study: quantile regression forests, fully connected neural networks and convolutional neural networks. We also compare three different methods for condi"
2007.04005v2,2007.04005v2:15566-17789,Statistical post-processing of wind speed forecast,0.739,2223,"predictor is linear, then it may take random forests many splits to represent this relationship. Splits based on other variables are as a result made with limit"
2007.04005v2,2007.04005v2:17790-19863,Statistical post-processing of wind speed forecast,0.722,2073,"CRPS( ˆ𝐹, (𝑥, 𝑦)) = −∞ The log(arithmic) score is defined as the negative log-likelihood of a given conditional density function estimate ˆ𝑝and training datum ("
2007.04005v2,2007.04005v2:19864-22161,Statistical post-processing of wind speed forecast,0.745,2297,where every bin (of size 1 m/s) represents a different wind speed ranging from 0 to 30 m/s. For the neural network which is trained on the residuals of linear r
2007.04005v2,2007.04005v2:22162-24448,Statistical post-processing of wind speed forecast,0.771,2286,"residuals of linear regression. An additional motivation, which is more specific to CNNs, is that we can use local information for linear regression. The streng"
2007.04005v2,2007.04005v2:24449-26859,Statistical post-processing of wind speed forecast,0.775,2410,"quantized softmax, from here on referred to as CNN_LR, the output layer has size 300, as is also used for NN_LR. For fitting a truncated normal, from here on re"
2007.04005v2,2007.04005v2:26860-29188,Statistical post-processing of wind speed forecast,0.79,2328,"have been used in the non-linear methods, as they improved results in all cases. The best QRF models, as determined by the hyperparameter search, have the follo"
2007.04005v2,2007.04005v2:29189-31614,Statistical post-processing of wind speed forecast,0.796,2425,convolutional networks have all been trained on the residuals of linear regression. Convolutional neural networks trained on the observations were found to be n
2007.04005v2,2007.04005v2:31615-33903,Statistical post-processing of wind speed forecast,0.822,2288,"the error of both the deterministic forecast (i.e., the mean and the median of the probabilistic forecast for the RMSE and MAE, respectively) and the probabilis"
2007.04005v2,2007.04005v2:33904-36042,Statistical post-processing of wind speed forecast,0.774,2138,"and CNN_LR, respectively. This choice ensures that the number of training steps is the same as in Section 4b. The results obtained for the CNNs are comparable, "
2007.04005v2,2007.04005v2:36043-38265,Statistical post-processing of wind speed forecast,0.798,2222,"detect the Dutch coastline (see Veldkamp (2020) for details). Based on this observation, we could hypothesize that the CNNs are more skillful for higher wind sp"
2007.04005v2,2007.04005v2:38266-40630,Statistical post-processing of wind speed forecast,0.765,2364,"above 19 m/s. An obvious solution for this would be to obtain more data by obtaining reforecast data for more years, 21 assuming these years contain more climat"
2007.04005v2,2007.04005v2:40631-42338,Statistical post-processing of wind speed forecast,0.722,1707,"statistical post-processing studies are based on ensemble output, an important next step would therefore be to investigate if convolutional neural networks also"
2007.04005v2,2007.04005v2:42339-44159,Statistical post-processing of wind speed forecast,0.702,1820,probability densities that can be approximated well by this procedure is controlled by the choice of the bins 𝐴𝑖. b. Kernel Mixture Networks The second method u
2007.04005v2,2007.04005v2:44160-45307,Statistical post-processing of wind speed forecast,0.541,1147,closed form expression is known for the CRPS of a mixture of Gaussians (Grimit et al. (2006)): if 𝐹is the cumulative distribution function of a mixture of 𝑚Gaus
2007.04005v2,2007.04005v2:45308-46215,Statistical post-processing of wind speed forecast,0.579,907,denote the first output and let 𝜎(𝑥) be the result of applying the softplus function to the second output. The corresponding estimate of the conditional probabi
2007.04417v2,2007.04417v2:0-2368,SmaAt-UNet: Precipitation Nowcasting using a Small,0.786,2368,"SmaAt-UNet: Precipitation Nowcasting using a Small Attention-UNet Architecture Kevin Trebing, Tomasz Sta´nczyk, Siamak Mehrkanoon∗ Department of Data Science an"
2007.04417v2,2007.04417v2:2369-4735,SmaAt-UNet: Precipitation Nowcasting using a Small,0.785,2366,NWP models [3]. This responsiveness is critical to increase the accuracy of predictions for dynamic and rapidly changing environments such as the atmosphere. No
2007.04417v2,2007.04417v2:4736-7093,SmaAt-UNet: Precipitation Nowcasting using a Small,0.745,2357,while [12] employed a CNN for object detection in images. The authors in [13] introduced a 3-dimensional CNN-based model to predict the wind speed in different 
2007.04417v2,2007.04417v2:7094-9378,SmaAt-UNet: Precipitation Nowcasting using a Small,0.736,2284,signal to remain in the network’s state for multiple time steps enabling the network to remember past inputs. This is especially useful for time-series predicti
2007.04417v2,2007.04417v2:9379-11639,SmaAt-UNet: Precipitation Nowcasting using a Small,0.751,2260,"22, 23, 24, 25]. Attention is a mechanism that amplifies wanted signals and suppresses unwanted ones. This directs the network to pay more attention to features"
2007.04417v2,2007.04417v2:11640-14009,SmaAt-UNet: Precipitation Nowcasting using a Small,0.802,2369,"the number of feature maps, respectively. The encoders are subsequently followed by the same amount of decoders (corresponding to the right half of Fig. 1). Fol"
2007.04417v2,2007.04417v2:14010-16161,SmaAt-UNet: Precipitation Nowcasting using a Small,0.746,2151,"corresponding upsampling part of the network to which they are connected through the skip-connections. Following the lines of [27, 17], we used depthwise-separa"
2007.04417v2,2007.04417v2:16162-18108,SmaAt-UNet: Precipitation Nowcasting using a Small,0.653,1946,"yi is the value of the ground truth and ˆyi is the value of the prediction. In addition to the MSE, we calculate different scores for performance evaluation, su"
2007.04417v2,2007.04417v2:18109-20007,SmaAt-UNet: Precipitation Nowcasting using a Small,0.638,1898,"5.18◦E, 44 m MSL) and Den Helder (52.96◦N, 4.79◦E, 51 m MSL), the Netherlands. To acquire a rain map, the two radars perform four azimuthal scans of 360◦around "
2007.04417v2,2007.04417v2:20008-22308,SmaAt-UNet: Precipitation Nowcasting using a Small,0.74,2300,pixels of the raw image have no-data values because the raw image is larger than the maximum range of the radar (see the white margin in the left panel of Fig. 
2007.04417v2,2007.04417v2:22309-24662,SmaAt-UNet: Precipitation Nowcasting using a Small,0.777,2353,"models. The trained models have not seen a single 5 precipitation map of this test dataset. Furthermore, the models may have been biased towards predicting more"
2007.04417v2,2007.04417v2:24663-26477,SmaAt-UNet: Precipitation Nowcasting using a Small,0.632,1814,"error values between the different datasets. The obtained results show that on the Precipitation map dataset, the common persistence baseline is outperformed by"
2007.04417v2,2007.04417v2:26478-28630,SmaAt-UNet: Precipitation Nowcasting using a Small,0.796,2152,"equipping UNet with only CBAMs, resulted in the highest MSE on the Precipitation map dataset with 0.0171. Concerning our second modification, i.e. substituting "
2007.04417v2,2007.04417v2:28631-30909,SmaAt-UNet: Precipitation Nowcasting using a Small,0.775,2278,"Thus, the SmaAt-Unet is able to approximate UNet’s performance even though it only has 1/4 of its parameters. This facilitates research labs and individuals tha"
2007.04417v2,2007.04417v2:30910-33092,SmaAt-UNet: Precipitation Nowcasting using a Small,0.799,2182,"encoder stage of the SmaAt-UNet which have a resolution of 18 × 18. As the images in the bottom row illustrate, this low resolution leads the network to identif"
2007.04417v2,2007.04417v2:33093-34576,SmaAt-UNet: Precipitation Nowcasting using a Small,0.496,1483,lower scores are better. Model MSE ↓ NMSE ↓ Accuracy ↑ Precision ↑ Recall ↑ F1 ↑ CSI ↑ FAR ↓ HSS ↑ Model size Persistence (baseline) 0.0227 1413.45 0.827 0.559 
2007.04417v2,2007.04417v2:34577-35766,SmaAt-UNet: Precipitation Nowcasting using a Small,0.807,1189,"between the scores are smaller compared to those of the precipitation map dataset, because the data values of the cloud cover dataset are binary. The evaluated "
2008.01798v2,2008.01798v2:0-2181,Physics-informed Tensor-train ConvLSTM for Volumet,0.768,2181,"Physics-informed Tensor-train ConvLSTM for Volumetric Velocity Forecasting Yu Huang1, Yufei Tang1, Hanqi Zhuang1∗, James VanZwieten2, Laurent Cherubin3 1 Depart"
2008.01798v2,2008.01798v2:2182-4217,Physics-informed Tensor-train ConvLSTM for Volumet,0.744,2035,"Current (LC) originates as the Yucatan Current, flows northward into the Gulf of Mexico (GoM), and veers east to exit through the Straits of Florida where it be"
2008.01798v2,2008.01798v2:4218-6446,Physics-informed Tensor-train ConvLSTM for Volumet,0.75,2228,"calling for the development of models that are capable of forecasting a) current speed, vertical structure, and duration of the LC and its eddies a week ahead; "
2008.01798v2,2008.01798v2:6447-8544,Physics-informed Tensor-train ConvLSTM for Volumet,0.763,2097,"and 25oN to 27oN with 30–50 km horizontal resolution. Sampling frequency from the multiple sensors varied from minutes to hours. In this study, we utilize a tim"
2008.01798v2,2008.01798v2:8545-10523,Physics-informed Tensor-train ConvLSTM for Volumet,0.632,1978,"along the depth dimension. In this way, the raw data X ⊆RT ×D×H×W ×C is compressed to X ′ ⊆RT ×D×P ×C, where P is the number of selected elements in PCs. The 3D"
2008.01798v2,2008.01798v2:10524-11977,Physics-informed Tensor-train ConvLSTM for Volumet,0.472,1453,"T ↔ =    | {z } S 3 Method 3.1 Method Overview 3    p1,1 · · · p1,m ... ... ... pn,1 · · · pn,m e1,1 · · · e1,m ... ... ... em,1 · · · em,m (1)   "
2008.01798v2,2008.01798v2:11978-13413,Physics-informed Tensor-train ConvLSTM for Volumet,0.395,1435,"function with dynamic physics constraints, which will be discussed in Section 3.3. The convolutional tensor-train decomposition, first proposed by [Su et al., 2"
2008.01798v2,2008.01798v2:13414-15430,Physics-informed Tensor-train ConvLSTM for Volumet,0.667,2016,"(6) l=1 are intermediate results, in which Vl ⊆RH×W ×Rl for l > 1, and V1 ⊆RH×W ×Rm is initialized as all zeros and final prediction is returned as V = Vm+1. Th"
2008.01798v2,2008.01798v2:15431-17281,Physics-informed Tensor-train ConvLSTM for Volumet,0.573,1850,"· · · ; H(t−l)i l=1 (Hcat ⊆RH×W ×(n−m+1)×C) along the time axis, which are thereafter mapped to H(t,o) ⊆ RH×W ×R by the 3D convolutional kernel Ko ⊆RK×K×(n−m+1)"
2008.01798v2,2008.01798v2:17282-19322,Physics-informed Tensor-train ConvLSTM for Volumet,0.671,2040,"(10) gdif = where v (or v′) is the corresponding element of H (or ˜H). The physics-informed objective function of the total sequence is defined as: T X m X H(t,"
2008.01798v2,2008.01798v2:19323-21113,Physics-informed Tensor-train ConvLSTM for Volumet,0.649,1790,"since it fails to memorize the detailed spatial representations. By contrast, results by our proposed PITT-ConvLSTM in both metrics remain stable over time, wit"
2008.01798v2,2008.01798v2:21114-23184,Physics-informed Tensor-train ConvLSTM for Volumet,0.711,2070,"finite-differences or finite-element techniques to discretize PDEs in numerical models. The classical Princeton Regional Ocean Forecast System [Oey et al., 2005"
2008.01798v2,2008.01798v2:23185-25390,Physics-informed Tensor-train ConvLSTM for Volumet,0.768,2205,"in video classification. Different from the first-order RNNs mentioned above, higher-order RNNs [Soltani and Jiang, 2016] require excessively more parameters si"
2008.01798v2,2008.01798v2:25391-27474,Physics-informed Tensor-train ConvLSTM for Volumet,0.82,2083,"RNN, that is capable of effectively capturing long-term spatio-temporal correlations in temporal sequence of volumetric data. Within the PITT-ConvLSTM cell, a l"
2008.08626v2,2008.08626v2:0-2363,Data-driven medium-range weather prediction with a,0.779,2363,manuscript submitted to Journal of Advances in Modeling Earth Systems (JAMES) Data-driven medium-range weather prediction with a Resnet pretrained on climate si
2008.08626v2,2008.08626v2:2364-4687,Data-driven medium-range weather prediction with a,0.763,2323,well for weather forecasting. This paper presents the latest attempt at training a machine learning weather forecasting model. It is shown that the learned mode
2008.08626v2,2008.08626v2:4688-6836,Data-driven medium-range weather prediction with a,0.687,2148,to Journal of Advances in Modeling Earth Systems (JAMES) To answer this question Rasp et al. (2020b) defined a benchmark challenge for datadriven medium-range w
2008.08626v2,2008.08626v2:6837-8930,Data-driven medium-range weather prediction with a,0.676,2093,"the operational Integrated Forecasting System (IFS) of the European Center for Medium-range Weather Forecasting (ECMWF), the current state-of-the-art in NWP, wh"
2008.08626v2,2008.08626v2:8931-11070,Data-driven medium-range weather prediction with a,0.71,2139,Advantages and disadvantages of each technique will be discussed later. All models in this study use the same architecture (except in the network size scaling e
2008.08626v2,2008.08626v2:11071-13119,Data-driven medium-range weather prediction with a,0.701,2048,"one to predict Z500, T850 and T2M and another one to predict TP. The reason for treating TP separately is that its distribution is significantly more skewed eve"
2008.08626v2,2008.08626v2:13120-14742,Data-driven medium-range weather prediction with a,0.482,1622,6.07 2.36 Weekly climatology 816 3.50 3.19 2.32 IFS T42 489 / 743 3.09 / 3.83 3.21 / 3.69 IFS T63 268 / 463 1.85 / 2.52 2.04 / 2.44 Operational IFS 154 / 334 1.
2008.08626v2,2008.08626v2:14743-17029,Data-driven medium-range weather prediction with a,0.795,2286,"plausible, then overfitting to individual outcomes encountered in the training data will lead to more overfitting than it would for shorter forecast times, wher"
2008.08626v2,2008.08626v2:17030-19342,Data-driven medium-range weather prediction with a,0.752,2312,continuous network to predict beyond its training range quickly leads to large errors (not shown). The models presented in this paper outperform the simple mach
2008.08626v2,2008.08626v2:19343-21637,Data-driven medium-range weather prediction with a,0.775,2294,"IFS models would almost certainly lead to increased skill, however it is hard to estimate how much. On the other hand, our models are trained at significantly c"
2008.08626v2,2008.08626v2:21638-23980,Data-driven medium-range weather prediction with a,0.764,2342,"trained. Doing so, however, is technically very challenging and are outside the scope of this paper. We can however, assess the scaling to resolution and networ"
2008.08626v2,2008.08626v2:23981-26146,Data-driven medium-range weather prediction with a,0.719,2165,with respect to the entire input array X ∈Rsamples×lat×lon×variables: G = ∂p/∂X with the same shape as X. We do this analysis for two climatologically different
2008.08626v2,2008.08626v2:26147-28338,Data-driven medium-range weather prediction with a,0.751,2191,"specific input variable, in this case Z500, for 3 days forecast time (Fig. 4b). Here we see a positive-negative pattern across the Atlantic. Physically, one cou"
2008.08626v2,2008.08626v2:28339-30785,Data-driven medium-range weather prediction with a,0.777,2446,gradients stretch across the Atlantic and North America all the way to Hawaii. This extent of information propagation within 3 days is rather unphysical. Studie
2008.08626v2,2008.08626v2:30786-33189,Data-driven medium-range weather prediction with a,0.766,2403,"leads to better scores. It is an interesting question whether the resolution scaling continues for higher resolutions than those considered here. However, the i"
2008.08626v2,2008.08626v2:33190-34462,Data-driven medium-range weather prediction with a,0.304,1272,"defined as i,j,k L(j)f ′ i,j,kt′ P i,j,k qP (A1) ACC = i,j,k L(j)f ′2 i,j,k L(j)t′2 P i,j,k i,j,k where the prime ′ denotes the difference to the climatology. H"
2008.08626v2,2008.08626v2:34463-34906,Data-driven medium-range weather prediction with a,0.667,443,on the paper as well as George Craig for discussing the saliency analysis. Stephan Rasp acknowledges funding from the German Research Foundation (DFG) under gra
2008.10679v2,2008.10679v2:0-2432,Machine learning for weather and climate are world,0.809,2432,"Machine learning for weather and climate are worlds apart D. Watson-Parris1 rsta.royalsocietypublishing.org 1Atmospheric, Oceanic and Planetary Physics, Departm"
2008.10679v2,2008.10679v2:2433-4627,Machine learning for weather and climate are world,0.666,2194,and are the gold-standard of climate modelling. Due to the large range of spatial and temporal scales and huge number of processes being modelled these are extr
2008.10679v2,2008.10679v2:4628-6924,Machine learning for weather and climate are world,0.767,2296,"the tuning of particular parameters against observations, the analysis and exploration of model uncertainties to different inputs, and the constraint on some of"
2008.10679v2,2008.10679v2:6925-9159,Machine learning for weather and climate are world,0.657,2234,. . . . . . . . . . . . . . . . . . . . . . . . . . . . . . . . . . . . . . . . . . . . . . . . . . . . . . . . . . . . . . . (a) Figure 1. The fractional uncer
2008.10679v2,2008.10679v2:9160-11355,Machine learning for weather and climate are world,0.66,2195,Model structural uncertainty Model uncertainties due to incomplete or incorrect representations of the underlying processes are extremely hard to quantify direc
2008.10679v2,2008.10679v2:11356-13827,Machine learning for weather and climate are world,0.773,2471,"[30], and so large parametric uncertainty can persist in even the best models. The representation of clouds, for which even the largest examples occur on scales"
2008.10679v2,2008.10679v2:13828-16025,Machine learning for weather and climate are world,0.668,2197,training data for whole-model emulators). 2https://github.com/duncanwp/GCEm 5 rsta.royalsocietypublishing.org Phil. Trans. R. Soc. A 0000000 . . . . . . . . . .
2008.10679v2,2008.10679v2:16026-18227,Machine learning for weather and climate are world,0.669,2201,"[50] hint at the possibility of using modern machine learning tools to produce robust and general emulators over future scenarios. The opportunities, and signif"
2008.10679v2,2008.10679v2:18228-20589,Machine learning for weather and climate are world,0.801,2361,"could prove valuable [55]. (iii) Accurate quantification of uncertainties Climate model emulation introduces another source of uncertainty in any predictions, a"
2008.10679v2,2008.10679v2:20590-22855,Machine learning for weather and climate are world,0.684,2265,"uncertainties to account for the large co-variabilities often encountered in climate relevant outputs. As described above, due to their huge computational expen"
2008.10679v2,2008.10679v2:22856-25256,Machine learning for weather and climate are world,0.789,2400,the only tools available for generating future projections. In principle an emulator could be trained on the large satellite based datasets which are now availa
2008.10679v2,2008.10679v2:25257-27224,Machine learning for weather and climate are world,0.621,1967,. . . . . . . . . . . . . . . . . . . . . . . . . . . . . . . . . . . . . . . . . . . . . . . . . . . . . . . . . Competing Interests. The author declares that 
2008.10679v2,2008.10679v2:27225-27420,Machine learning for weather and climate are world,0.462,195,"(A 3) while the scenario uncertainty is the variance of the multi-model mean: S(t) = vars(|xm,s,t|m) (A 4) The total variance is then the sum of each of these t"
2009.14573v6,2009.14573v6:0-2134,Rain-Code Fusion : Code-to-code ConvLSTM Forecasti,0.821,2134,Rain-Code Fusion : Code-to-code ConvLSTM Forecasting Spatiotemporal Precipitation Takato Yasuno1 Akira Ishii1 Masazumi Amakata1 1 Research Institute for Infrast
2009.14573v6,2009.14573v6:2135-4402,Rain-Code Fusion : Code-to-code ConvLSTM Forecasti,0.788,2267,"forecast may influence the accuracy of dam inflow prediction more than 6 hours forward for flood damage mitigation. In particular, in Japan, forecasting 6 hours"
2009.14573v6,2009.14573v6:4403-6566,Rain-Code Fusion : Code-to-code ConvLSTM Forecasti,0.812,2163,"precipitation estimation. Because the prediction of precipitation is generally a timeseries problem, LSTM is commonly used. Wu et al. [3] designed a model combi"
2009.14573v6,2009.14573v6:6567-8891,Rain-Code Fusion : Code-to-code ConvLSTM Forecasti,0.778,2324,"weather even if we use the-state-of-the-art architectures. In contrast, in the field of urban computing, e.g., air-quality forecasting [11] and traffic crowd pr"
2009.14573v6,2009.14573v6:8892-11201,Rain-Code Fusion : Code-to-code ConvLSTM Forecasti,0.793,2309,rain-code based precipitation forecasting using real-world spatiotemporal data. Fig. 1. Ordinary single-frame unit input and output for precipitation forecastin
2009.14573v6,2009.14573v6:11202-12854,Rain-Code Fusion : Code-to-code ConvLSTM Forecasti,0.688,1652,precipitation forecasting. We introduce a new rainy feature fusion that represents a spatiotemporal rainy process including hourly multiframes. We perform multi
2009.14573v6,2009.14573v6:12855-14132,Rain-Code Fusion : Code-to-code ConvLSTM Forecasti,0.562,1277,"and 𝑍𝑠(𝑖, 𝑗) indicates the ground truth of rain-code at timestep s, whose pixel location is the i-th row and j-th column. In contrast 𝑍̂𝑠(𝑖, 𝑗) denotes the pred"
2009.14573v6,2009.14573v6:14133-15957,Rain-Code Fusion : Code-to-code ConvLSTM Forecasti,0.557,1824,"example of a real-time flood risk map for 15:10 JST, 30 September 2020. Additionally, the forecasts of hourly precipitation up to 6 hours ahead are updated ever"
2009.14573v6,2009.14573v6:15958-17944,Rain-Code Fusion : Code-to-code ConvLSTM Forecasti,0.745,1986,"We excluded the empty of rainy term containing a zero-precipitation sequence, which was always 12 hours long. We transformed the mini-max form 𝐵𝑖𝑗= (𝐴𝑖𝑗−min {𝐴𝑖"
2009.14573v6,2009.14573v6:17945-20202,Rain-Code Fusion : Code-to-code ConvLSTM Forecasti,0.778,2257,regions. The average frame based RMSEs forecasting results were almost constant level. 8 Fig. 5. Plot of the hourly frame based accuracy RMSE for the 1- and 2-t
2009.14573v6,2009.14573v6:20203-22167,Rain-Code Fusion : Code-to-code ConvLSTM Forecasti,0.643,1964,results and indices with different multi-frame sizes of the of rain-code. 3.87 1.05 2hours 24min. (10 epoch) 4 (2×2frames) 8 hours Predictable 3.68 1.02 1hours 
2009.14573v6,2009.14573v6:22168-24315,Rain-Code Fusion : Code-to-code ConvLSTM Forecasti,0.708,2147,Results and Accuracy Using 3×4 frames with Padding 1×4 mask Figure. 10 shows five test sets of prediction results at each line that contains the “ground truth” 
2009.14573v6,2009.14573v6:24316-26398,Rain-Code Fusion : Code-to-code ConvLSTM Forecasti,0.835,2082,precipitation data since 2006 to 2019. We used the radar analysis hourly data for the central broader region with an area of 136 × 148 km2. Although the forecas
2011.04452v1,2011.04452v1:0-2373,Comparison between ARIMA and Deep Learning Models ,0.827,2373,Comparison between ARIMA and Deep Learning Models for Temperature Forecasting Eranga De Saa University of Moratuwa Department of information Technology Katubedd
2011.04452v1,2011.04452v1:2374-4886,Comparison between ARIMA and Deep Learning Models ,0.822,2512,"bayes based machine learning approaches [3]. Second method is prediction based on time series data. This method includes usage of artificial neural network [4],"
2011.04452v1,2011.04452v1:4887-7372,Comparison between ARIMA and Deep Learning Models ,0.789,2485,resourceful approach [1]. Support vector machines algorithm falls in to supervised machine leaning model category and they’re widely used for classification and
2011.04452v1,2011.04452v1:7373-9689,Comparison between ARIMA and Deep Learning Models ,0.766,2316,study uses past daily weather between 2012 and 2015 from Chaloemprakiet weather station as the dataset. The model attained training accuracy of 81.48% and testi
2011.04452v1,2011.04452v1:9690-12024,Comparison between ARIMA and Deep Learning Models ,0.784,2334,"by p , order of moving average model is denoted by q and degree of differencing is denoted by d. Dickey-Fuller test can be used to check whether the given time "
2011.04452v1,2011.04452v1:12025-14400,Comparison between ARIMA and Deep Learning Models ,0.837,2375,"CNNS are trained using back propagation algorithm [10]. Furthermore, CNNs are commonly used for image processing related tasks. CNNs share similar properties an"
2011.04452v1,2011.04452v1:14401-16835,Comparison between ARIMA and Deep Learning Models ,0.816,2434,next hidden state. A sigmoid function is applied to the current input and the previous hidden state to decide which information should contain in the next hidde
2011.04452v1,2011.04452v1:16836-17461,Comparison between ARIMA and Deep Learning Models ,0.885,625,ARIMA models to predict temperature twelve months ahead. Both of these models were comparatively analyzed based on the performance in terms of accuracy. This pa
2012.09670v1,2012.09670v1:0-2183,RainBench: Towards Global Precipitation Forecastin,0.776,2183,"RainBench: Towards Global Precipitation Forecasting from Satellite Imagery Christian Schroeder de Witt*1, Catherine Tong*1, Valentina Zantedeschi2, Daniele De M"
2012.09670v1,2012.09670v1:2184-4560,RainBench: Towards Global Precipitation Forecastin,0.809,2376,"of millions around the world. Given the increase in global precipitation and extreme precipitation events driven by climate change (Gupta et al. 2020), the need"
2012.09670v1,2012.09670v1:4561-6854,RainBench: Towards Global Precipitation Forecastin,0.775,2293,"and testing process. This gap prompted us to also release PyRain, a data processing and experimentation framework with fast and configurable multi-modal dataloa"
2012.09670v1,2012.09670v1:6855-8970,RainBench: Towards Global Precipitation Forecastin,0.771,2115,"radar measurements as inputs. This approach performs well up to 7-8 hours, but inevitably runs into a forecast horizon limit as information from global or surro"
2012.09670v1,2012.09670v1:8971-11136,RainBench: Towards Global Precipitation Forecastin,0.7,2165,global precipitation estimates. SimSat We use simulated satellite data in place of real satellite imagery to minimise data processing requirements and to simpli
2012.09670v1,2012.09670v1:11137-13263,RainBench: Towards Global Precipitation Forecastin,0.673,2126,"precipitation values from two sources, ERA5 and IMERG, as both are widely used and considered to be high-quality precipitation datasets. The ERA5 precipitation "
2012.09670v1,2012.09670v1:13264-15303,RainBench: Towards Global Precipitation Forecastin,0.727,2039,"files use the mmap system call to map physical disk space directly to virtual process memory, enabling the use of lazy OS demand paging and circumventing the ke"
2012.09670v1,2012.09670v1:15304-17523,RainBench: Towards Global Precipitation Forecastin,0.747,2219,"also supplies flexible raw-data conversion tools, a convenient interface for data-analysis tasks, various data-normalisation methods and a number of ready-built"
2012.09670v1,2012.09670v1:17524-19432,RainBench: Towards Global Precipitation Forecastin,0.612,1908,on time and is capable of forecasting at different lead times. clbt:1 clbt:2 0.75 tp imerg 1.00 oro imerg q tp lat z clbt:0 clbt:1 clbt:2 t sp clwc ciwc lon t2m
2012.09670v1,2012.09670v1:19433-21757,RainBench: Towards Global Precipitation Forecastin,0.769,2324,"few exceptions: Specific humidity, q, and geopotential height, z, correlate strongly at 300 hPa but not at 850 hPa, cloud ice water content, ciwc, generally cor"
2012.09670v1,2012.09670v1:21758-23480,RainBench: Towards Global Precipitation Forecastin,0.634,1722,"date range from April 2016 to December 2019 (see Figure 3). In contrast to Pearson’s correlation coefficient, Spearman’s correlation coefficient is significant "
2012.09670v1,2012.09670v1:23481-25869,RainBench: Towards Global Precipitation Forecastin,0.819,2388,"as target, Table 2a shows that training from SimSat alone gives the worst results across the data settings. This confirms the difficulty in precipitation foreca"
2012.09670v1,2012.09670v1:25870-28146,RainBench: Towards Global Precipitation Forecastin,0.744,2276,"for same-timestep precipitation estimation on IMERG. This analysis is done independently from the precipitation forecasting benchmark tasks, in order to provide"
2012.09670v1,2012.09670v1:28147-30214,RainBench: Towards Global Precipitation Forecastin,0.725,2067,16.2 63.1 0.65 20.9 SimSat 0.20 4.38 16.8 54.1 0.65 18.9 SimSat + ERA 0.20 4.03 16.5 53.0 0.65 18.4 Probabilistic forecasts. The current machine learning setup 
2012.09670v1,2012.09670v1:30215-32724,RainBench: Towards Global Precipitation Forecastin,0.82,2509,normalisation context remains constant (LatitudeAdjusted LAS) per-channel image-size normalisation. Discussion We outline the key challenges in global precipita
2012.09670v1,2012.09670v1:32725-35025,RainBench: Towards Global Precipitation Forecastin,0.772,2300,"or employ techniques that trade-off memory for compute such as gradient checkpointing (Pinckaers, van Ginneken, and Litjens 2019). PyRain’s dataloader efficient"
2012.09670v1,2012.09670v1:35026-37291,RainBench: Towards Global Precipitation Forecastin,0.803,2265,"2018). Weyn, Durran, and Caruana (2020) pioneer this approach but limit themselves to just two time steps. To overcome device memory constraints in such a setti"
2012.09670v1,2012.09670v1:37292-38872,RainBench: Towards Global Precipitation Forecastin,0.296,1580,"Urtasun, R.; and Grosse, R. B. 2017. The Reversible Residual Network: Backpropagation Without Storing Activations. arXiv:1707.04585 [cs] ArXiv: 1707.04585. Gr¨o"
2012.09670v1,2012.09670v1:38873-38908,RainBench: Towards Global Precipitation Forecastin,0.0,35,0% 0% 0.10% 0.07% 0.05% 0.03% 0.00%
2102.08175v1,2102.08175v1:0-2300,Accurate and Clear Precipitation Nowcasting with C,0.833,2300,Accurate and Clear Precipitation Nowcasting with Consecutive Attention and Rain-map Discrimination Buo-Fu Chen bfchen@ntu.edu.tw National Taiwan University Taip
2102.08175v1,2102.08175v1:2301-4432,Accurate and Clear Precipitation Nowcasting with C,0.78,2131,"forecasts, the numerical weather prediction (NWP) models driven by physics simulation provide superior and more stable predictions than conventional data-driven"
2102.08175v1,2102.08175v1:4433-6791,Accurate and Clear Precipitation Nowcasting with C,0.83,2358,forecasters. Extending the prediction period from one hour to three hours can be a unique selling proposition of deep learning models compared to the convention
2102.08175v1,2102.08175v1:6792-9060,Accurate and Clear Precipitation Nowcasting with C,0.784,2268,"discriminatorbased architecture, attention module and different loss components. Section 4 evaluates the performance of our model using statistical analysis and"
2102.08175v1,2102.08175v1:9061-11220,Accurate and Clear Precipitation Nowcasting with C,0.772,2159,0.67 0.37 0.09 0.03 0.03 Table 1: Distribution of rainfall in QPESUMS dataset. RR is rain rate in mm/hr a convolutional neural network to combine an ensemble of
2102.08175v1,2102.08175v1:11221-13253,Accurate and Clear Precipitation Nowcasting with C,0.735,2032,over the 21 channels to get 2D data which we work with. Both rain and radar data have a time resolution of 10 minutes. We have this data from January 2015 till 
2102.08175v1,2102.08175v1:13254-14993,Accurate and Clear Precipitation Nowcasting with C,0.754,1739,"Let 𝑌𝑡= 1/6 ∗Í5 𝑖=0 𝑅𝑛𝑡+10∗𝑖. Given {𝑅𝑛𝑡−10, 𝑅𝑛𝑡−20 .. 𝑅𝑛𝑡−10∗𝑁} and {𝑅𝑑𝑡−10,.. 𝑅𝑑𝑡−10∗𝑁}, task is to predict [𝑌𝑡,𝑌𝑡+60,𝑌𝑡+120]. In our setting, 𝑁= 6. Put simpl"
2102.08175v1,2102.08175v1:14994-16326,Accurate and Clear Precipitation Nowcasting with C,0.627,1332,"on the latest available rain map is taken as input. The module is composed of 2D convolution layers and uses leaky relu as activation. In this work, we refer to"
2102.08175v1,2102.08175v1:16327-17683,Accurate and Clear Precipitation Nowcasting with C,0.664,1356,"= (2)  We refer to this loss component as ’WMAE’ (Weighted MAE). For comparison, we also use an MSE based version of it where MAE is replaced with MS"
2102.08175v1,2102.08175v1:17684-18663,Accurate and Clear Precipitation Nowcasting with C,0.588,979,based approach and we do not use this in our final model. The motivation here is to account for pixels which are not considered in equations 1 and 2— pixels wit
2102.08175v1,2102.08175v1:18664-19913,Accurate and Clear Precipitation Nowcasting with C,0.439,1249,is set to 16 and we train for a maximum of 15 epochs. We pick the best performing model on validation data using 𝐿𝑃𝑟𝑒𝑑metric. Our Discriminator model is compose
2102.08175v1,2102.08175v1:19914-21321,Accurate and Clear Precipitation Nowcasting with C,0.632,1407,0.49 0.84 0.95 0.66 1.4 1.91 2.7 4.8 5.52 3.13 6.31 7.99 GRU + WMAE+Adv 0.49 0.85 0.96 0.58 1.26 1.85 2.72 4.83 5.52 2.96 5.98 7.68 GRU + WMAE+Adv+Atn 0.48 0.84
2102.08175v1,2102.08175v1:21322-23362,Accurate and Clear Precipitation Nowcasting with C,0.707,2040,"+ (𝑇𝑃+𝐹𝑃)(𝑇𝑁+𝐹𝑃)) respectively. For both metrics, the higher the value, better is the model. Since our focus is on heavy rainfall and to that end we introduced "
2102.08175v1,2102.08175v1:23363-25331,Accurate and Clear Precipitation Nowcasting with C,0.724,1968,of attention module. Our claim that the discriminator based approach gets clearer predictions can be inferred by observing its (’GRU+WMAE+Adv’ model) superior p
2102.08175v1,2102.08175v1:25332-27382,Accurate and Clear Precipitation Nowcasting with C,0.766,2050,"that if needed, it is relatively easy to get even better performance on lower thresholds and to that end we showcase a blended version of our model. We first cr"
2102.08175v1,2102.08175v1:27383-29513,Accurate and Clear Precipitation Nowcasting with C,0.792,2130,"10, fifth row) handles the problem of predicting too large raining areas with GRU+WMAE+Adv doing a better job visually as well. After fixing this issue, the dee"
2102.08175v1,2102.08175v1:29514-31542,Accurate and Clear Precipitation Nowcasting with C,0.745,2028,re-scaling the prediction using an attention module. We see the improvement at multiple rain-rate thresholds. We observed that on using real rain data as in our
2102.08175v1,2102.08175v1:31543-33310,Accurate and Clear Precipitation Nowcasting with C,0.729,1767,mis-predictions on non-rainy pixels as well. We see significant worse performance on 𝑊𝑀𝑀𝐴𝐸(𝑇ℎ= 0.5) which is our metric for evaluating heavy rainfall conditions
2102.08175v1,2102.08175v1:33311-34331,Accurate and Clear Precipitation Nowcasting with C,0.18,1020,shown in Table 4 (last column). Figure 11: Artefacts observed in predicted rain maps in GRU+WMAE+Adv model trained on just rain data. Accurate and Clear Precipi
2102.08175v1,2102.08175v1:34332-35407,Accurate and Clear Precipitation Nowcasting with C,0.175,1075,0.01 0.11 0.2 0.2 0.19 0.18 0.15 0.11 0.04 0.16 0.29 0.3 0.27 0.25 0.21 0.15 GRU + WMAE+Adv+Atn 0.22 0.22 0.21 0.20 0.19 0.17 0.15 0.11 0.32 0.32 0.31 0.30 0.27
2102.08175v1,2102.08175v1:35408-36271,Accurate and Clear Precipitation Nowcasting with C,0.064,863,0.49 0.4 0.32 0.26 0.19 0.15 Last 10min 0.36 0.34 0.33 0.29 0.25 0.22 0.17 0.14 0.62 0.57 0.52 0.43 0.36 0.3 0.22 0.18 QPESUMS 0.31 0.3 0.28 0.24 0.2 0.17 0.12 
2102.08175v1,2102.08175v1:36272-37112,Accurate and Clear Precipitation Nowcasting with C,0.248,840,"Table 7: HSS and CSI score for Highest Rainfall Month in 2018, namely August on first hour prediction Model CSI HSS 1 5 10 15 20 30 1 5 10 15 20 30 TrajGRU + WM"
2103.01479v2,2103.01479v2:0-2209,Statistical Post-Processing for Gridded Temperatur,0.807,2209,STATISTICAL POST-PROCESSING FOR GRIDDED TEMPERATURE PREDICTION USING ENCODER–DECODER-BASED DEEP CONVOLUTIONAL NEURAL NETWORKS A PREPRINT arXiv:2103.01479v2 [phy
2103.01479v2,2103.01479v2:2210-4600,Statistical Post-Processing for Gridded Temperatur,0.832,2390,"temperature; wind; precipitation; snowfall amount; precipitation type, e.g., rain and snow; weather category; humidity; etc. [JMA, 2018, 2019a]. Two types of te"
2103.01479v2,2103.01479v2:4601-6660,Statistical Post-Processing for Gridded Temperatur,0.693,2059,"or deep neural networks, have largely impacted various industries due to precise image and speech recognition capability [Alam et al., 2020, Yu et al., 2020]. M"
2103.01479v2,2103.01479v2:6661-8674,Statistical Post-Processing for Gridded Temperatur,0.696,2013,"the calculation time. The area is shown in the right panel in Fig. 1. The input variables used in this study are seven MSM output variables, namely, temperature"
2103.01479v2,2103.01479v2:8675-10921,Statistical Post-Processing for Gridded Temperatur,0.66,2246,"sea to avoid unfavorable training results. As described in section 4, only the 2-m temperature over land will be used to verify prediction accuracy. This study "
2103.01479v2,2103.01479v2:10922-12998,Statistical Post-Processing for Gridded Temperatur,0.632,2076,ConvT2 Inverse Transformation Gridded Temperature Prediction Using Deep Convolutional Neural Networks A PREPRINT Table 1: Functions and parameters used in the n
2103.01479v2,2103.01479v2:12999-15398,Statistical Post-Processing for Gridded Temperatur,0.755,2399,"verification of statistical post-processing, cross-validations such as a leave-one-year-out or leave-one-month-out cross-validation are used especially when the"
2103.01479v2,2103.01479v2:15399-17696,Statistical Post-Processing for Gridded Temperatur,0.718,2297,"φmax −φmin where φ represents an original variable, φ′ represents a standardized variable, and φmax and φmin represent the maximum and minimum of during the tra"
2103.01479v2,2103.01479v2:17697-19606,Statistical Post-Processing for Gridded Temperatur,0.691,1909,N RMSE = T t=1 ME 0.8 (a) MSM GDC CNN 0.6 0.4 0.2 0.0 −0.2 −0.4 −0.6 −0.8 0 3 6 9 12 15 18 Forecast Lead Time [h] 5 (1) N X (Fnt −Ont) n=1 (Fnt −Ont)2 n=1 RMSE 
2103.01479v2,2103.01479v2:19607-21279,Statistical Post-Processing for Gridded Temperatur,0.473,1672,are shown. The first case is a low-temperature case associated with radiative cooling. It typically happens on clear and calm nights in winter. It is difficult 
2103.01479v2,2103.01479v2:21280-23054,Statistical Post-Processing for Gridded Temperatur,0.57,1774,+2 +1 VALID= 01/29 21:00UTC VALID= 01/29 21:00UTC -1 -6 -2 -6 -6 -3 -12 0 -6 -4 -6 -5 -6 6 -12 -6 0 -6 0 -12 6 0 0 6 6 6 12 VALID= 01/29 21:00UTC Gridded Temper
2103.01479v2,2103.01479v2:23055-24888,Statistical Post-Processing for Gridded Temperatur,0.632,1833,and observation sometimes happens under radiative cooling conditions and seems to be one of the greatest challenges to accurate temperature prediction. The 12-h
2103.01479v2,2103.01479v2:24889-26737,Statistical Post-Processing for Gridded Temperatur,0.601,1848,09:00Z FT= 12:00 -6 -6 6 -6 0 0 6 -6 -6 -6 0 0 6 6 0 VALID= 01/29 21:00UTC VALID= 01/29 21:00UTC VALID= 01/29 21:00UTC VALID= 01/29 21:00UTC Gridded Temperature
2103.01479v2,2103.01479v2:26738-28301,Statistical Post-Processing for Gridded Temperatur,0.431,1563,18:00Z FT= 9:00 INITIAL= 2019/10/07 18:00Z FT= 9:00 18 18 18 18 18 24 18 18 18 12 18 24 24 24 VALID= 10/08 03:00UTC VALID= 10/08 03:00UTC 8 INITIAL= 2019/10/07 
2103.01479v2,2103.01479v2:28302-30069,Statistical Post-Processing for Gridded Temperatur,0.576,1767,"8 October 2019. The estimated 24◦C isothermal line located in the south of the Kanto region corresponds to the coastal front in Fig. 7. In this case, MSM predic"
2103.01479v2,2103.01479v2:30070-32161,Statistical Post-Processing for Gridded Temperatur,0.741,2091,10/08 03:00UTC VALID= 10/08 03:00UTC VALID= 10/08 03:00UTC VALID= 10/08 03:00UTC Gridded Temperature Prediction Using Deep Convolutional Neural Networks A PREPR
2103.01479v2,2103.01479v2:32162-33776,Statistical Post-Processing for Gridded Temperatur,0.384,1614,the morning to the afternoon (from 21 UTC 4 August to 06 UTC 5 August). The 15-h forecast by the CNN model (Fig. 11) predicted high temperatures better than GDC
2103.01479v2,2103.01479v2:33777-36040,Statistical Post-Processing for Gridded Temperatur,0.749,2263,on 4 August 2019 and observation time from 15 UTC 4 August 2019 to 15 UTC 5 August 2019. Tokyo Tokyo Tokyo 30 30 30 CNN5L NN3L linearNN -5 -4 -3 -2 -1 +1 +2 +3 
2103.01479v2,2103.01479v2:36041-36574,Statistical Post-Processing for Gridded Temperatur,0.167,533,FT= 15:00 INITIAL= 2019/08/04 15:00Z FT= 15:00 INITIAL= 2019/08/04 15:00Z FT= 15:00 INITIAL= 2019/08/04 15:00Z FT= 15:00 30 30 30 30 30 30 30 30 30 30 30 30 30 
2103.14430v2,2103.14430v2:0-2242,Combining distribution-based neural networks to pr,0.807,2242,COMBINING DISTRIBUTION-BASED NEURAL NETWORKS TO PREDICT WEATHER FORECAST PROBABILITIES THIS MANUSCRIPT IS A NON-PEER REVIEWED PREPRINT THAT HAS BEEN SUBMITTED F
2103.14430v2,2103.14430v2:2243-4279,Combining distribution-based neural networks to pr,0.727,2036,world’s largest supercomputers to solve complex non-linear differential equations. The forecast skill of these models has been improving by approximately one da
2103.14430v2,2103.14430v2:4280-6465,Combining distribution-based neural networks to pr,0.736,2185,"networks to predict from the weather data itself, the error and ensemble spread which would be produced if an NWP model were applied to this data i.e. a mixed d"
2103.14430v2,2103.14430v2:6466-8685,Combining distribution-based neural networks to pr,0.708,2219,The data was processed and regridded onto a 5.625o resolution latitudelongitude grid (32 × 64 grid points) by Rasp et al. (2020) and we refer the reader to that
2103.14430v2,2103.14430v2:8686-10842,Combining distribution-based neural networks to pr,0.65,2156,"when more layers are added (He et al., 2016). Figure 1 shows the general structure of the convolutional ResNet used in this work and provides details of the lay"
2103.14430v2,2103.14430v2:10843-13030,Combining distribution-based neural networks to pr,0.707,2187,"K (to 3 significant figures). We take the value of the category to be its lowest value, which introduces an inbuilt root mean square error (RMSE) of 91.2 m2s−2 "
2103.14430v2,2103.14430v2:13031-15311,Combining distribution-based neural networks to pr,0.728,2280,"we compile our neural network with an Adam Optimiser (Kingma and Ba, 2014) with an initial learning rate of 5e-5. This learning rate is reduced by a factor of 5"
2103.14430v2,2103.14430v2:15312-17456,Combining distribution-based neural networks to pr,0.728,2144,"4 CLARE ET AL. xiP(X = xi), (2) Nlat X Nlon X L(j)(fi,j,k −ti,j,k)2, (3) j=1 k=1 , (4) j=0 cos(lat(j)) CLARE ET AL. would have added an extra dimension to the o"
2103.14430v2,2103.14430v2:17457-19713,Combining distribution-based neural networks to pr,0.711,2256,"dropout layer is a common strategy to improve the performance of neural networks (e.g. Srivastava et al., 2014). This layer randomly ignores some outputs from t"
2103.14430v2,2103.14430v2:19714-21892,Combining distribution-based neural networks to pr,0.745,2178,result of the dropout ensemble technique is obtained for almost no extra computational cost and occurs no matter the number of residual blocks used. Whilst for 
2103.14430v2,2103.14430v2:21893-24063,Combining distribution-based neural networks to pr,0.742,2170,"Figure 3 in Scher and Messori (2021), when they use the dropout-at-inference technique to create an ensemble forecast of Z500. This shows that the use of the dr"
2103.14430v2,2103.14430v2:24064-26428,Combining distribution-based neural networks to pr,0.742,2364,"machine with two GPUs and 48GB of memory and the stacked neural network takes 30 minutes on the same machine. and discard the unimportant ones. In this section,"
2103.14430v2,2103.14430v2:26429-28845,Combining distribution-based neural networks to pr,0.77,2416,this choice because it is simple to implement and computationally cheap: the stacked neural network used in this work takes only 30 minutes to train on a RTX600
2103.14430v2,2103.14430v2:28846-31363,Combining distribution-based neural networks to pr,0.779,2517,in the potential input. Recall that the WeatherBench dataset contains a mix of multi-level variables and single level variables. We choose to include the multi-
2103.14430v2,2103.14430v2:31364-33737,Combining distribution-based neural networks to pr,0.757,2373,"do so, we first train an individual neural network with an input dataset of just Z500 and T850, and define this as our ‘benchmark’ training dataset, which will "
2103.14430v2,2103.14430v2:33738-36004,Combining distribution-based neural networks to pr,0.749,2266,validation dataset (i.e. 2016). We next seek to understand which pressure levels are the most important in predicting Z500 and T850 using a purely data-driven a
2103.14430v2,2103.14430v2:36005-37752,Combining distribution-based neural networks to pr,0.628,1747,"First we consider the two levels we are trying to predict and the levels between these two (i.e. [500hPa, 600hPa, 700hPa, r MSE ± 1.96 where MSE = E L(j)(fi,j,k"
2103.14430v2,2103.14430v2:37753-39833,Combining distribution-based neural networks to pr,0.731,2080,"all other level choices considered. When predicting T850, a good compromise for both the geopotential and temperature input variables is the level choice [500hP"
2103.14430v2,2103.14430v2:39834-41796,Combining distribution-based neural networks to pr,0.696,1962,"predicting T850, the 95% confidence interval (7) of this optimum level choice does not overlap with that of the level choice with the most similar accuracy, sho"
2103.14430v2,2103.14430v2:41797-44041,Combining distribution-based neural networks to pr,0.727,2244,"accuracy to it, which also applies for all other level choices (not shown for brevity). This means our optimum level choice is statistically significantly diffe"
2103.14430v2,2103.14430v2:44042-46414,Combining distribution-based neural networks to pr,0.785,2372,"a predominantly data-driven manner. It is worth emphasizing that the focus has been on predicting Z500 and T850 three days ahead. If other target variables, or "
2103.14430v2,2103.14430v2:46415-48770,Combining distribution-based neural networks to pr,0.719,2355,to identify which pressure levels are important for prediction. Both the agreement with key physical principles and the ability to deal with correlated data are
2103.14430v2,2103.14430v2:48771-51069,Combining distribution-based neural networks to pr,0.781,2298,bars are shown for some level combinations. Some intervals are so narrow that it is not possible to distinguish between the upper and lower error bars on the fi
2103.14430v2,2103.14430v2:51070-53307,Combining distribution-based neural networks to pr,0.756,2237,variable after the stacked neural network is applied will be small. Thus it is reasonable to ignore that the error from specific humidity is high when 29 blocks
2103.14430v2,2103.14430v2:53308-55524,Combining distribution-based neural networks to pr,0.734,2216,"with much larger errors than others, (for example in Figure 10a where the error when using solar radiation is much larger). This is because it learns in trainin"
2103.14430v2,2103.14430v2:55525-57433,Combining distribution-based neural networks to pr,0.688,1908,"other neural networks (Weyn et al., 2020; Rasp and Thuerey, 2020) and numerical models (IFS T42 and operational IFS) where the numerical model results have been"
2103.14430v2,2103.14430v2:57434-59397,Combining distribution-based neural networks to pr,0.659,1963,a much larger dataset of the WeatherBench data (117 data variables compared to our training dataset of 34 data variables for Z500 and 33 data variables for T850
2103.14430v2,2103.14430v2:59398-61393,Combining distribution-based neural networks to pr,0.678,1995,output enables us to estimate uncertainty and obtain notably more information from our neural network predictions than can be obtained from a deterministic outp
2103.14430v2,2103.14430v2:61394-63407,Combining distribution-based neural networks to pr,0.76,2013,"3-day hindcast. The probabilistic output of the neural network also means we can estimate uncertainty and skill metrics (Hudson and Ebert, 2017) for our predict"
2103.14430v2,2103.14430v2:63408-65088,Combining distribution-based neural networks to pr,0.554,1680,"(2018)). Note the method to calculate these scores changed between 2017 and 2018, hence the two different values. For reference, we have also included the actua"
2103.14430v2,2103.14430v2:65089-67089,Combining distribution-based neural networks to pr,0.668,2000,"(refexpectation) and, as before, the value of each bin xi is taken to be the lower bound. This informs on the spread of the distribution and allows us to calcul"
2103.14430v2,2103.14430v2:67090-69515,Combining distribution-based neural networks to pr,0.799,2425,"III: Percentage of datapoints where the true value is within a set interval from the expected value predicted by the neural network. Finally, the probability de"
2103.14430v2,2103.14430v2:69516-71866,Combining distribution-based neural networks to pr,0.775,2350,is able to predict full probability density functions for the target weather variable at each point in space and time instead of single values. This enables pra
2103.14430v2,2103.14430v2:71867-72275,Combining distribution-based neural networks to pr,0.78,408,"work, we will seek to explore the use of transfer learning to further improve the training efficiency of the neural networks. 4.1 Computer Code availability The"
2107.01343v1,2107.01343v1:0-2264,Short-term probabilistic photovoltaic power foreca,0.847,2264,"Short-term probabilistic photovoltaic power forecast based on deep convolutional long short-term memory network and kernel density estimation Mingliang Bai1, Xi"
2107.01343v1,2107.01343v1:2265-4429,Short-term probabilistic photovoltaic power foreca,0.79,2164,"Solar energy is a clean, low-carbon and inexhaustible energy. As one of the important ways to utilize solar energy, photovoltaic (PV) power generation has been "
2107.01343v1,2107.01343v1:4430-6661,Short-term probabilistic photovoltaic power foreca,0.799,2231,"various uncertain factors in reality. Thus, many nonlinear regression methods including random forest, SVR, ELM, ANN etc., are introduced in PV power forecast. "
2107.01343v1,2107.01343v1:6662-8949,Short-term probabilistic photovoltaic power foreca,0.828,2287,and neural networks and verified the superiorities of LSTM network. Mellit et al. [37 ] compared LSTM network with two conventional neural networks including El
2107.01343v1,2107.01343v1:8950-11315,Short-term probabilistic photovoltaic power foreca,0.843,2365,"series of detailed comparison experiments are made and verify the superiorities of ConvLSTM network in forecast accuracy. To the best of our knowledge, this is "
2107.01343v1,2107.01343v1:11316-13093,Short-term probabilistic photovoltaic power foreca,0.454,1777,"such as image recognition [26], natural language processing [27], time series forecast [35] etc. The typical architecture of CNN is given in Fig. 1, where Conv "
2107.01343v1,2107.01343v1:13094-14841,Short-term probabilistic photovoltaic power foreca,0.457,1747,"to 1 th − tx Fig. 3 LSTM network (adopted from literature [44]). In Equation (2), xi W , hi W , xf W , hf W , xc W , hc W , xo W and ho W denote the weight term"
2107.01343v1,2107.01343v1:14842-16705,Short-term probabilistic photovoltaic power foreca,0.569,1863,"ob in Equation (5) also denote the bias term, the operation in Equation (5) also denotes element-wise product, tx in Equation (5) also denotes the current input"
2107.01343v1,2107.01343v1:16706-18475,Short-term probabilistic photovoltaic power foreca,0.501,1769,"data. Thus, KDE is used to post-process the forecast results of ConvLSTM network and give probabilistic confidence interval. Given a sequence X with N 1-dimensi"
2107.01343v1,2107.01343v1:18476-20718,Short-term probabilistic photovoltaic power foreca,0.796,2242,PV power data are divided into two parts in terms of time order: training set and test set. The first 80% is the training set and the rest 20% is the test set. 
2107.01343v1,2107.01343v1:20719-22782,Short-term probabilistic photovoltaic power foreca,0.625,2063,"study. The monitored capacity of the studied PV power station is 2915.88 MWp. The data are collected from January 1, 2015 to December 31, 2015 with a temporal r"
2107.01343v1,2107.01343v1:22783-24800,Short-term probabilistic photovoltaic power foreca,0.697,2017,"ConvLSTM layers. When applying deep ConvLSTM network, this paper first performs experiments to evaluate the forecast performances in test sets. The change of co"
2107.01343v1,2107.01343v1:24801-26134,Short-term probabilistic photovoltaic power foreca,0.325,1333,"means totally positive correlation. Larger absolute 13 value of Pearson correlation coefficient, namely , means strong correlation relationship. 2 R , it measu"
2107.01343v1,2107.01343v1:26135-27719,Short-term probabilistic photovoltaic power foreca,0.62,1584,"power is close to the actual PV 2 R and Pearson correlation coefficient are both more than 0.97, which is very close power. to 1. This shows that there is stron"
2107.01343v1,2107.01343v1:27720-29660,Short-term probabilistic photovoltaic power foreca,0.698,1940,"0.9643 LSTM 0.9977 0.9910 0.9786 0.9598 3.3.2. Comparison with other conventional forecast methods After comparing deep ConvLSTM network with CNN and LSTM, this"
2107.01343v1,2107.01343v1:29661-30805,Short-term probabilistic photovoltaic power foreca,0.324,1144,and other conventional methods 1step 2step 3step 4step ConvLSTM 11.3152 22.3553 34.7191 47.9319 MLP 15.2727 31.0658 49.1673 68.2710 SVR 20.7915 41.7145 64.9068 
2107.01343v1,2107.01343v1:30806-32440,Short-term probabilistic photovoltaic power foreca,0.662,1634,"0.9575 From Table 4-Table 8, it is observed that ConvLSTM obtains much smaller forecast errors than the other five methods. Thus, ConvLSTM significantly outperf"
2107.01343v1,2107.01343v1:32441-34347,Short-term probabilistic photovoltaic power foreca,0.727,1906,with other methods 1step 2step 3step 4step CNN 7.23% 8.98% 10.01% 10.73% LSTM 17.38% 17.02% 16.51% 15.84% MLP 25.91% 28.04% 29.39% 29.79% SVR 45.58% 46.41% 46.5
2107.01343v1,2107.01343v1:34349-36207,Short-term probabilistic photovoltaic power foreca,0.571,1858,Fig. 17 Joint probabilistic distribution estimation for three-step prediction Fig. 18 Joint probabilistic distribution estimation for four-step prediction 21 Fi
2107.01343v1,2107.01343v1:36208-38607,Short-term probabilistic photovoltaic power foreca,0.849,2399,"114.2159 0.9489 145.8368 From Table 11, it is observed that PICP approximates to 95% for both training data and test data. The goal of probabilistic forecast in"
2107.01343v1,2107.01343v1:38608-40296,Short-term probabilistic photovoltaic power foreca,0.814,1688,"including multilayer perceptron (MLP), support vector regression (SVR), extreme learning machine (ELM), classification and regression tree (CART) and gradient b"
2107.06991v1,2107.06991v1:0-2239,Physics-informed generative neural network: an app,0.816,2239,"Physics-Informed Generative Neural Network: An Application to Troposphere Temperature Prediction Zhihao Chena,+, Jie Gaob,+,∗, Weikai Wangb, Zheng Yanb,∗ aEast "
2107.06991v1,2107.06991v1:2240-4552,Physics-informed generative neural network: an app,0.827,2312,"world [3]. Thus, it can be solved by physical dynamics [5, 6]. NWP leverages the integrated data of different weather services on coarse-grained resolution grid"
2107.06991v1,2107.06991v1:4553-6809,Physics-informed generative neural network: an app,0.799,2256,"generated. Some works introduces GAN [23, 24], which simultaneously trains discriminator and generator networks to generate more realistic images, into the pred"
2107.06991v1,2107.06991v1:6810-9192,Physics-informed generative neural network: an app,0.818,2382,"and generative networks simultaneously. This phenomenon will be discussed in detail in section 3.4. In this paper, we propose a two-stage model called PGnet tha"
2107.06991v1,2107.06991v1:9193-11191,Physics-informed generative neural network: an app,0.644,1998,"into a physical system, such as physical particles, energy(temperature). And it is called the convection-diffusion equation that integrates the diffusion proces"
2107.06991v1,2107.06991v1:11192-13465,Physics-informed generative neural network: an app,0.732,2273,"equation, we use the warping mechanism in [26] that clearly adapted to the modeling of phenomena governed by the advection-diffusion equation. Troposphere tempe"
2107.06991v1,2107.06991v1:13466-15582,Physics-informed generative neural network: an app,0.68,2116,F is a motion field evolution function that learns time-dependent dynamic characteristics of the motion field. The last frame of inputs is warped by the motion 
2107.06991v1,2107.06991v1:15583-17794,Physics-informed generative neural network: an app,0.751,2211,"Jump Pattern Algorithm Most of the approaches (ConvLstm[12], DeepRNN[16], MCnet[43], Traj-GRU[15], Vid2Vid[19], etc[44][45]) implement the next-step prediction "
2107.06991v1,2107.06991v1:17795-19584,Physics-informed generative neural network: an app,0.651,1789,"frames without jump pattern. Where H represents the hidden state of different prediction steps (e.g., interval motion field). The structure of the graph G induc"
2107.06991v1,2107.06991v1:19585-21915,Physics-informed generative neural network: an app,0.741,2330,"trajectory of objects with the latent notion of inertia. For our task, the motion field of different prediction steps should maintain stability and continuity. "
2107.06991v1,2107.06991v1:21916-23707,Physics-informed generative neural network: an app,0.584,1791,"boundary affected pixels padded by warp net) 2. If E2 i,j ≥2. there are at least two pixels in the first frame compete for the same location, which suggests it "
2107.06991v1,2107.06991v1:23708-25812,Physics-informed generative neural network: an app,0.724,2104,on the ERA5 dataset and compared it with several baselines. The model with 4 input frames is forecasting images on a horizon of 8 and evaluated with the mean sq
2107.06991v1,2107.06991v1:25813-28097,Physics-informed generative neural network: an app,0.814,2284,effectively. Figure 2: The averaged metric scores for different prediction steps. We averaged the results of the testing data described in 4.1. The base model i
2107.06991v1,2107.06991v1:28098-30257,Physics-informed generative neural network: an app,0.75,2159,step. The results show that our method can keep similarities and reduce errors by capturing the time-variant features of the motion field. We also found that th
2107.06991v1,2107.06991v1:30258-32145,Physics-informed generative neural network: an app,0.658,1887,"= 1, λsmoth = 0.4, α = 0.9, β = 0.9999 for PGnet-Momentum. Model MSE SSIM PSNR CORR CDNN 12.210 0.820 28.884 0.9724 ConvLSTM 9.121 0.890 31.717 0.9852 DeepRNN 9"
2107.06991v1,2107.06991v1:32146-34171,Physics-informed generative neural network: an app,0.82,2025,"in the large red box represents dramatic temperature changes. Our new model captured bright spot and vortex, which are distinct from the absence of these featur"
2203.13263v1,2203.13263v1:0-2238,Precipitaion Nowcasting using Deep Neural Network,0.775,2238,Precipitaion Nowcasting using Deep Neural Network Mohamed Chafik Bakkay * 1 Mathieu Serrurier 2 Valent´ın Kivachuk Burd´a 1 Florian Dupuy 1 Naty Citlali Cabrera
2203.13263v1,2203.13263v1:2239-4555,Precipitaion Nowcasting using Deep Neural Network,0.797,2316,Precipitation nowcasting based on radar images is a particular case of spatio-temporal prediction problem which contains two steps. The first step consists on l
2203.13263v1,2203.13263v1:4556-6772,Precipitaion Nowcasting using Deep Neural Network,0.779,2216,issue is to resize precipitation maps Submission and Formatting Instructions for ICML 2021 (using bilinear interpolation for example). The advantage of this sol
2203.13263v1,2203.13263v1:6773-8795,Precipitaion Nowcasting using Deep Neural Network,0.741,2022,Yao et al. (2020) added two discriminators to ConvLSTM model in order to ensure continuity of video and realistic of photo. They proposed also an adaptive mean 
2203.13263v1,2203.13263v1:8796-10803,Precipitaion Nowcasting using Deep Neural Network,0.693,2007,"all convolutional net (Springenberg et al., 2014) for precipitation nowcasting. Recently, U-net (Ronneberger et al., 2015) is used by precipitation nowcasting m"
2203.13263v1,2203.13263v1:10804-12831,Precipitaion Nowcasting using Deep Neural Network,0.697,2027,"graph convolutional network with a sequence connect architecture to learn the features of all local areas. In their model, different modalities of observation d"
2203.13263v1,2203.13263v1:12832-14988,Precipitaion Nowcasting using Deep Neural Network,0.702,2156,3.3. Data preprocessing Giving high resolution precipitation maps (1050 × 1650) as input to the neural networks saturates the GPU memory. 3.3.1. FULL MAP RESIZE
2203.13263v1,2203.13263v1:14989-16380,Precipitaion Nowcasting using Deep Neural Network,0.428,1391,"each area of the source image for k = 1 to margin do //the area to interpolate is divided into 4 rectangles: upper, lower, left and right //interpolate upper re"
2203.13263v1,2203.13263v1:16381-18501,Precipitaion Nowcasting using Deep Neural Network,0.685,2120,"5.(a). In general, right skewness should be reduced to make patterns in the data more interpretable and helps to meet the assumptions of inferential statistics "
2203.13263v1,2203.13263v1:18502-20702,Precipitaion Nowcasting using Deep Neural Network,0.679,2200,"contain a stride-2 4 × 4 deconvolution followed by Leaky-ReLU non-linearity. After the last dwonsampling layer, we added a stride-1 3 × 3 convolution followed b"
2203.13263v1,2203.13263v1:20703-22360,Precipitaion Nowcasting using Deep Neural Network,0.536,1657,3 × 3 convolutions. The last convolutional layer of decoder uses three 3 × 3 convolutions to generate 64 feature maps with a 256 × 256 size then uses a 1 × 1 co
2203.13263v1,2203.13263v1:22361-24271,Precipitaion Nowcasting using Deep Neural Network,0.619,1910,"weak denominator. In SSIM paper (Wang et al., 2004), in order to evaluate the overall image quality, the mean SSIM score, an uniformly weighted average of the d"
2203.13263v1,2203.13263v1:24272-26174,Precipitaion Nowcasting using Deep Neural Network,0.677,1902,"weighted MSE loss ℓW MSE. On the other hand, ℓW MSE preserves colors and luminance better than ℓW SSIM. To capture the best characteristics of both error functi"
2203.13263v1,2203.13263v1:26175-28248,Precipitaion Nowcasting using Deep Neural Network,0.706,2073,"the use of weighting in WMSE and WSSIM allows the network to generate more precipitation. Comparing to WMSE, WSSIM loss allows the network to generate highest v"
2203.13263v1,2203.13263v1:28249-30255,Precipitaion Nowcasting using Deep Neural Network,0.805,2006,"In Figure 12, we present two particular precipitation prediction for the proposed model, which include two types of precipitation. The models predicts 6 image m"
2206.11669v3,2206.11669v3:0-2142,Short-range forecasts of global precipitation usin,0.769,2142,Short-range forecasts of global precipitation using deep learning-augmented numerical weather prediction Abstract Precipitation drives the hydroclimate of Earth
2206.11669v3,2206.11669v3:2143-4220,Short-range forecasts of global precipitation usin,0.714,2077,"Sciences Pune, India 411008 vaisakh.sb@tropmet.res.in Aditya Grover Department of Computer Science University of California, Los Angeles Los Angeles, CA 90095 a"
2206.11669v3,2206.11669v3:4221-5789,Short-range forecasts of global precipitation usin,0.569,1568,"task LeCun et al. [2015]. There have been attempts to perform data-driven weather forecasting by various researchers in the past Kashinath et al. [2021], Rolnic"
2206.11669v3,2206.11669v3:5790-7959,Short-range forecasts of global precipitation usin,0.696,2169,"2020], Yuval and O’Gorman [2020]. 1.1 Our contributions Rather than using deep learning directly to forecast precipitation, we use a hybrid approach combining i"
2206.11669v3,2206.11669v3:7960-9953,Short-range forecasts of global precipitation usin,0.651,1993,when deep learning is added to the system. Our hybrid model can be used for mitigating the impacts of various natural disasters triggered by precipitation and e
2206.11669v3,2206.11669v3:9954-11864,Short-range forecasts of global precipitation usin,0.642,1910,X width) ERA5 Precipitation Figure 2: Average bias in precipitation for June to August season for the deep learning augmented NWP model (DL) and NWP model relat
2206.11669v3,2206.11669v3:11865-14043,Short-range forecasts of global precipitation usin,0.731,2178,model. While the mean bias over important land regions lies within the range +5 to +7 mm/day in NWP (CFSv2) (similar to the results of Mukhopadhyay et al. [2019
2206.11669v3,2206.11669v3:14044-16261,Short-range forecasts of global precipitation usin,0.758,2217,"that the heavy data can be trained on the A100 GPU by iterating on different choices. We use the adam optimizer, learning rate of 0.0001 and mean squared error "
2206.11669v3,2206.11669v3:16262-18460,Short-range forecasts of global precipitation usin,0.774,2198,"input variables from CFSv2 model; viz, precipitation and temperature are fed as channels to the UNET from modified DLWP-CS. The target is a single channel ERA5 "
2206.11669v3,2206.11669v3:18461-20472,Short-range forecasts of global precipitation usin,0.704,2011,"merged product of satellite, gauge-based ground observations, ocean buoys and other instrumental data combined with model outputs to generate a global product. "
2206.11669v3,2206.11669v3:20473-22419,Short-range forecasts of global precipitation usin,0.714,1946,global datasets such as GPCC and GPCP are either available since the satellite era (1996 onwards) precipitation products became available or are only over land.
2206.11669v3,2206.11669v3:22420-23760,Short-range forecasts of global precipitation usin,0.5,1340,A summary of these statistics is provided in the table 2. Following are some case studies from the test data period corresponding to the years 2003-2010 showing
2209.14782v2,2209.14782v2:0-2210,A case study of spatiotemporal forecasting techniq,0.828,2210,"A case study of spatiotemporal forecasting techniques for weather forecasting Shakir Showkat Sofi1* and Ivan Oseledets1 1CAIT, Skoltech., Bolshoy Bulvar, Skolko"
2209.14782v2,2209.14782v2:2211-4624,A case study of spatiotemporal forecasting techniq,0.852,2413,"forecasting, tensor train decomposition, dynamic mode decomposition 1 Introduction Time series forecasting has played a vital role in various real-world applica"
2209.14782v2,2209.14782v2:4625-7066,A case study of spatiotemporal forecasting techniq,0.822,2441,weather forecasting methods. Many researchers have incorporated newly observed data and compared it to previous forecasts in order to update model states in suc
2209.14782v2,2209.14782v2:7067-8736,A case study of spatiotemporal forecasting techniq,0.661,1669,than vectors. We 2 evaluated and compared the proposed model on the real-world weather datasets to standard baselines. Let us highlight a few essential notation
2209.14782v2,2209.14782v2:8737-11055,A case study of spatiotemporal forecasting techniq,0.848,2318,"the prediction by finding the arithmetic mean of the most recent past states. Jenkins and Box proposed a statistical model based on past sequences, the most fam"
2209.14782v2,2209.14782v2:11056-13344,A case study of spatiotemporal forecasting techniq,0.791,2288,"operations within the LSTM model to incorporate spatial features [13, 16, 19–22]. More sophisticated models, such as the state-of-the-art Real-time Optical flow"
2209.14782v2,2209.14782v2:13345-15780,A case study of spatiotemporal forecasting techniq,0.764,2435,and [37]. There are many ways to make predictions in this situation. One of the most straightforward ideas for forecasting time series at multiple locations is 
2209.14782v2,2209.14782v2:15781-17857,A case study of spatiotemporal forecasting techniq,0.704,2076,"the left, we can see the locations sampled along the latitude direction, and the data from these locations is used for training. On the right, we can see the di"
2209.14782v2,2209.14782v2:17858-19223,A case study of spatiotemporal forecasting techniq,0.638,1365,"as shown below: X𝑡= AX𝑡−1B⊤+ ℰ𝑡, (2) where ℰ𝑡is the error matrix at time 𝑡, A having size of 𝑀× 𝑀, and B having size of 𝑁× 𝑁. The authors claim that framing mat"
2209.14782v2,2209.14782v2:19224-20773,A case study of spatiotemporal forecasting techniq,0.59,1549,𝜎(W𝑜𝑥* X𝑡+ W𝑜ℎ* H𝑡−1 + W𝑜𝑐∘C𝑡+ b𝑜) (3e) H𝑡= o𝑡∘tanh (C𝑡) (3f) where ∘denotes Hadamard product and * denotes convolution operation. ConvLSTM based encoder-decode
2209.14782v2,2209.14782v2:20774-22718,A case study of spatiotemporal forecasting techniq,0.67,1944,"matrices 2. Compute SVD of X as: X = UΣV∗ where U is n × s, Σ is diagonal and s × s, V is m × s, and s is the rank of X 3. Define reduced matrix as: ˜A ≜U∗YVΣ−1"
2209.14782v2,2209.14782v2:22719-23754,A case study of spatiotemporal forecasting techniq,0.478,1035,"combines the best features of both CPD and MLSVD. It is stable like the MLSVD and overcomes the curse of dimensionality like the CPD. In recent years, the TT fo"
2209.14782v2,2209.14782v2:23755-25087,A case study of spatiotemporal forecasting techniq,0.541,1332,"be written as: 𝑟𝑑 ∑︁ 𝑟0 ∑︁ A(1) 𝑘0,:,𝑘1 ⊗· · · ⊗A(𝑑) A = . . . 𝑘𝑑−1,:,𝑘𝑑. (7) 𝑘0=1 𝑘𝑑=1 Additionally, we introduce the notation for matricizations (unfoldings) "
2209.14782v2,2209.14782v2:25088-26370,A case study of spatiotemporal forecasting techniq,0.5,1282,"of a matrix using the SVD. TT cores around the unfolding mode possesses similar properties, i.e., we can compute pseudoinverse by reordering the left and right "
2209.14782v2,2209.14782v2:26371-27443,A case study of spatiotemporal forecasting techniq,0.442,1072,"the SVD for matrices, but in the TT format, we work on smaller cores instead of full matricization. M ∈R𝑛1···𝑛𝑑×𝑟𝑑is computed by left-orthogonalization of first"
2209.14782v2,2209.14782v2:27444-28138,A case study of spatiotemporal forecasting techniq,0.259,694,"(︀ )︀ M⊤· P 𝑖,𝑗 (︁ 𝑟𝑑−1 ∑︁ 𝑠𝑑−1 ∑︁ 𝑟0 ∑︁ 𝑠0 ∑︁ X(1) · · · · · · = 𝑘0=1 𝑘𝑑−1=1 𝑙0=1 𝑙𝑑−1=1 9 ⎞ ⎠⃒⃒⃒⃒⃒ 𝑟𝑑 𝑛1, . . . , 𝑛𝑑. 𝑘𝑑−1,:,: 𝑟𝑑−1, 𝑛𝑑Note that N is Y = AX, "
2209.14782v2,2209.14782v2:28139-29070,A case study of spatiotemporal forecasting techniq,0.309,931,"X(𝑑+1)⃒⃒⃒⃒⃒ 𝑚 𝑟𝑑 · . 𝑠𝑑 Considering the exact DMD method outlined as Algorithm-2 in [65], we can compute the DMD modes of ˜A. If 𝜆1, . . . , 𝜆𝑝are the eigenvalu"
2209.14782v2,2209.14782v2:29071-31183,A case study of spatiotemporal forecasting techniq,0.707,2112,"MT · P Σ−1 5. Λ, W ←eigendecomposition of ˜A. sd X s0 X Y(1) l0,:,l1⊗.. ⊗Y(d) 6. Φ ← .. ld−1,:,ld  l0=1 ld=1 Q · N†Σ−1 · W · Λ−1 ld,: 7. return: Φ, Λ 4.1.3 Fo"
2209.14782v2,2209.14782v2:31184-33097,A case study of spatiotemporal forecasting techniq,0.707,1913,"Φ ∈R𝑛1×···×𝑛𝑑×𝑝in TTformat from the multidimensional data tensor X and its time-delayed shifted data tensor Y, as shown in Algorithm 2. Note that the dimensions"
2209.14782v2,2209.14782v2:33098-35179,A case study of spatiotemporal forecasting techniq,0.744,2081,one day. We used the maximum temperature time series (TMAX in degrees Celsius). The selected subset of the data is formatted as a time series collected across l
2209.14782v2,2209.14782v2:35180-36732,A case study of spatiotemporal forecasting techniq,0.624,1552,∑︁ SMAPE = 100% 𝑛 𝑡=1⃒⃒⃒ 𝑖 and 𝑦pred where 𝑦obs 5.3 Numerical Experiments 12 )︁2 𝑖 −𝑦pred 𝑦obs . 𝑖 𝑖 −𝑦pred 𝑖=1⃒⃒⃒𝑦obs 𝑖⃒⃒⃒ 𝑛 . 𝑦pred 𝑖 −𝑦obs 𝑖⃒⃒⃒ (︁⃒⃒ )︁ . 𝑖⃒⃒
2209.14782v2,2209.14782v2:36733-38755,A case study of spatiotemporal forecasting techniq,0.762,2022,"LSTM data preparation, except that frames are used instead of vectors; data instances consist of twelve frames, five for input and seven for prediction. Similar"
2209.14782v2,2209.14782v2:38756-40688,A case study of spatiotemporal forecasting techniq,0.696,1932,"error in the sampling-based model is uniformly distributed, whereas error in other models is much higher in some regions. To draw a general conclusion about the"
2209.14782v2,2209.14782v2:40689-42877,A case study of spatiotemporal forecasting techniq,0.786,2188,"preceding section that ConvLSTM, TT-DMD, and MAR models could be easily tested for long-term predictions because they are computationally less 14 Fig. 6: Region"
2209.14782v2,2209.14782v2:42878-44914,A case study of spatiotemporal forecasting techniq,0.728,2036,"ConvLSTM, and MAR predictions are compared. It was found that ConvLSTM and TT-DMD successfully capture trends, and their trajectories are close to the target. I"
2209.14782v2,2209.14782v2:44915-46966,A case study of spatiotemporal forecasting techniq,0.713,2051,"while TT-DMD predictions are 66% similar. ConvLSTM has the highest average PSNR, followed by TT-DMD. TT-DMD has the lowest mean NRMSE, followed by ConvLSTM. The"
2209.14782v2,2209.14782v2:46967-49115,A case study of spatiotemporal forecasting techniq,0.803,2148,models (50 step ahead) Model RMSE MAE ConvLSTM 2.02 5.54 PhyDNet 6.29 11.22 SimVP 1.79 5.13 PredRNN 2.36 6.30 TAU 1.67 4.47 MAR 2.86 4.08 TT-DMD 2.28 3.25 suppo
2209.14782v2,2209.14782v2:49116-51384,A case study of spatiotemporal forecasting techniq,0.816,2268,"over must be regularly sampled). successive time stamps. be the case. Model Pros Cons since it is an algebraic method. Therefore, it is fast. 1. The prediction "
2209.14782v2,2209.14782v2:51385-53067,A case study of spatiotemporal forecasting techniq,0.803,1682,"transformers, etc.) Snapshot temporal models Clustering based models 6 Concluding remarks We discussed various data-driven approaches for spatiotemporal forecas"
2210.12853v1,2210.12853v1:0-2233,Deep-Learning-Based Precipitation Nowcasting with ,0.784,2233,"Deep-Learning-Based Precipitation Nowcasting with Ground Weather Station Data and Radar Data Jihoon Ko∗, Kyuhan Lee∗, Hyunjin Hwang, and Kijung Shin Kim Jaechul"
2210.12853v1,2210.12853v1:2234-4480,Deep-Learning-Based Precipitation Nowcasting with ,0.801,2246,"numerical weather prediction models, with lead times up to 12 hours. For precipitation nowcasting, U-Net [11] and ConvLSTM [1], which were originally designed f"
2210.12853v1,2210.12853v1:4481-6693,Deep-Learning-Based Precipitation Nowcasting with ,0.698,2212,"[14] and Transformer [15] to capture temporal dynamics of the ground-based observations and also contextual relationships between them. Specifically, ASOC uses "
2210.12853v1,2210.12853v1:6694-8713,Deep-Learning-Based Precipitation Nowcasting with ,0.728,2019,"classes at time t in each region x the inputs of a random forest classifier. In contrast to our deep-learning-based approach, they did not employ any deeplearni"
2210.12853v1,2210.12853v1:8714-10754,Deep-Learning-Based Precipitation Nowcasting with ,0.634,2040,"et al. [16] pointed out that deep-learning based approaches tend to provide blurry predictions, especially at long lead times, and they used a conditional gener"
2210.12853v1,2210.12853v1:10755-12623,Deep-Learning-Based Precipitation Nowcasting with ,0.629,1868,"to predict weather-related events. For example, Seo et al. [19] considered temperature forecasting. They generated a graph, where each node corresponds to a wea"
2210.12853v1,2210.12853v1:12624-14608,Deep-Learning-Based Precipitation Nowcasting with ,0.56,1984,"on meteorological observations collected from multiple weather stations. We also discuss ASOC+, where ASOC is combined with a radarimage-based model for precipi"
2210.12853v1,2210.12853v1:14609-16722,Deep-Learning-Based Precipitation Nowcasting with ,0.72,2113,"i , Sh,i, Sc,i) 8 {Sh,i}i∈I ←MultiHeadAttention({Sh,i}i∈I) 9 foreach i ∈I do 10 Yi ←CONCATENATE(Sh,i, ˜Ri, Ai) 11 ˆC(t′) i ←WYi + b 12 return { ˆC(t′) i }i∈I B."
2210.12853v1,2210.12853v1:16723-18329,Deep-Learning-Based Precipitation Nowcasting with ,0.748,1606,"and (b) auxiliary information. Then, the concatenated features are used as the input of a recurrent architecture that consists of LSTM cells and self-attention "
2210.12853v1,2210.12853v1:18330-20167,Deep-Learning-Based Precipitation Nowcasting with ,0.679,1837,"up, for each region x ∈I, the final input feature of ASOC+ for region x and time t is the concatenated vector of (a) the ground observation feature O(t) x , (b)"
2210.12853v1,2210.12853v1:20168-21962,Deep-Learning-Based Precipitation Nowcasting with ,0.642,1794,"FNc are differentiable approximations of the number of true positives, false positives, and false negatives for each precipitation class c. Refer to [3] for the"
2210.12853v1,2210.12853v1:21963-23362,Deep-Learning-Based Precipitation Nowcasting with ,0.336,1399,0.226 0.170 0.291 300 minutes 0.079 0.147 0.064 0.121 0.057 0.108 0.141 0.247 0.108 0.195 0.135 0.238 360 minutes 0.070 0.132 0.048 0.091 0.046 0.087 0.096 0.17
2210.12853v1,2210.12853v1:23363-25603,Deep-Learning-Based Precipitation Nowcasting with ,0.719,2240,"from ground weather stations are (a) 9 features related to wind direction and speed, (b) a feature related to one-minute average temperature, (c) a binary featu"
2210.12853v1,2210.12853v1:25604-27532,Deep-Learning-Based Precipitation Nowcasting with ,0.735,1928,"optimizer with a learning rate 2×10−5. When pre-training DeepRaNE, we set the batch size to 20 and the number of training steps to 50, 000. For the other traini"
2210.12853v1,2210.12853v1:27533-28659,Deep-Learning-Based Precipitation Nowcasting with ,0.156,1126,BOLD. Precipitation level Lead time ASOC+ ASOC-A ASOC-P ASOC-W ASOC-T ASOC-D ASOC-H ASOC-B CSI F1 CSI F1 CSI F1 CSI F1 CSI F1 CSI F1 CSI F1 CSI F1 60 minutes 0.
2210.12853v1,2210.12853v1:28660-30366,Deep-Learning-Based Precipitation Nowcasting with ,0.578,1706,0.633 240 minutes 0.428 0.599 0.425 0.596 0.440 0.611 0.413 0.585 0.421 0.593 0.414 0.585 0.426 0.598 0.391 0.562 300 minutes 0.394 0.565 0.390 0.561 0.404 0.57
2210.12853v1,2210.12853v1:30367-32498,Deep-Learning-Based Precipitation Nowcasting with ,0.702,2131,"mm/hr) and RAIN (≥1 mm/hr) were 0.234 and 0.465, respectively. Specifically, compared to DeepRaNE, ASOC+ achieved 18.7% (49.3% at a 5-hr lead time) better CSI s"
2210.12853v1,2210.12853v1:32499-34689,Deep-Learning-Based Precipitation Nowcasting with ,0.796,2190,features. (f) ASOC-D: a variant that uses only that related to precipitation detection among ground-based features. (g) ASOC-H: a variant that uses only that re
2210.12853v1,2210.12853v1:34690-34910,Deep-Learning-Based Precipitation Nowcasting with ,0.692,220,work was supported by Institute of Information & Communications Technology Planning & Evaluation (IITP) grant funded by the Korea government(MSIT) (No.20190-000
2210.13648v2,2210.13648v2:0-2232,Learning to forecast vegetation greenness at fine ,0.785,2232,"Learning to forecast vegetation greenness at fine resolution over Africa with ConvLSTMs Claire Robin1, Christian Requena-Mesa1, Vitus Benson1, Lazaro Alonso1, J"
2210.13648v2,2210.13648v2:2233-4365,Learning to forecast vegetation greenness at fine ,0.768,2132,and human livelihoods. Africa is one of the most vulnerable continents to climate change with droughts in the region expected to increase in severity according 
2210.13648v2,2210.13648v2:4366-6648,Learning to forecast vegetation greenness at fine ,0.745,2282,"conditions, at a very fine resolution in order to characterise and forecast the impact of weather extremes from an ecosystem perspective. We use the Normalized "
2210.13648v2,2210.13648v2:6649-8733,Learning to forecast vegetation greenness at fine ,0.69,2084,"the influence of weather on the predictions by providing artificial meteorological inputs. 2 2 Method This paper follows the works of Requena-Mesa et al. [31], "
2210.13648v2,2210.13648v2:8734-10565,Learning to forecast vegetation greenness at fine ,0.642,1831,propagate information from the context period. The model is visualized in supplementary material fig. 3. The training procedure is detailed in supplementary mat
2210.13648v2,2210.13648v2:10566-12641,Learning to forecast vegetation greenness at fine ,0.751,2075,0.7348 ConvLSTM (ours) 0.1882 0.0270 0.7570 0.0628 0.8024 Table 1: Test set model performance. All values are computed on minicubes with less than 75% masked va
2210.13648v2,2210.13648v2:12642-14277,Learning to forecast vegetation greenness at fine ,0.523,1635,"is due the dataset. On 2019-12-09, the gapfilled RGB satellite image has noise due to undetected clouds. Clouds lower the target NDVI and lead to an apparent ov"
2210.13648v2,2210.13648v2:14278-16616,Learning to forecast vegetation greenness at fine ,0.739,2338,"towards lower greenness values. Nevertheless, our model is a proof-of-concept of high resolution vegetation modeling in Africa. Future work should now focus on "
2210.13648v2,2210.13648v2:16617-18923,Learning to forecast vegetation greenness at fine ,0.807,2306,"of the data set. We chose to randomly split the years in the training and test sets due to interannual climate variability, e.g. El Niño. Splitting the years wi"
2210.13648v2,2210.13648v2:18924-21125,Learning to forecast vegetation greenness at fine ,0.793,2201,"[15], a vegetation index (VI) for vegetation health monitoring based on the red and near-infrared bands. This is the target for the landsurface forecasting task"
2210.13648v2,2210.13648v2:21126-22658,Learning to forecast vegetation greenness at fine ,0.745,1532,"When weather and environmental variables are 10 in input of the ConvLSTM, their dimensions are upscaled to 128 × 128, moreover, future weather is on input even "
2211.02556v1,2211.02556v1:0-2205,Pangu-Weather: A 3D High-Resolution Model for Fast,0.788,2205,"TECHNICAL REPORT 1 Pangu-Weather: A 3D High-Resolution System for Fast and Accurate Global Weather Forecast Kaifeng Bi, Lingxi Xie, Hengheng Zhang, Xin Chen, Xi"
2211.02556v1,2211.02556v1:2206-4326,Pangu-Weather: A 3D High-Resolution Model for Fast,0.744,2120,"GPUs), AI-based methods run very fast and easily achieve a tradeoff between model complexity, prediction resolution, and prediction accuracy [9], [10], [11], [1"
2211.02556v1,2211.02556v1:4327-6325,Pangu-Weather: A 3D High-Resolution Model for Fast,0.701,1998,"rely on the parametric numerical models, but these models, albeit being very complex [1], are often considered inadequate [6], [7], e.g., errors will be introdu"
2211.02556v1,2211.02556v1:6326-7982,Pangu-Weather: A 3D High-Resolution Model for Fast,0.462,1656,"in 2018, i.e., Typhoon Kong-rey (2018-25) and Yutu (2018-26). Specifically, Pangu-Weather predicts the correct path of Yutu (i.e., it goes to the Philippines) 4"
2211.02556v1,2211.02556v1:7983-10205,Pangu-Weather: A 3D High-Resolution Model for Fast,0.761,2222,"forecast, Pangu-Weather reports an RMSE of 5-day Z500 forecast of 296.7, significantly better than the operational IFS [16] and the previous best AI-based metho"
2211.02556v1,2211.02556v1:10206-12559,Pangu-Weather: A 3D High-Resolution Model for Fast,0.8,2353,"is 192. With diagnostic studies, we notice that the forecast accuracy continuously goes up with a larger amount of training data and/or a longer training proced"
2211.02556v1,2211.02556v1:12560-14828,Pangu-Weather: A 3D High-Resolution Model for Fast,0.72,2268,"upon the analysis or reanalysis beyond observation data. The reanalysis datasets are considered the best known estimation [22], [23] for most atmospheric variab"
2211.02556v1,2211.02556v1:14829-16875,Pangu-Weather: A 3D High-Resolution Model for Fast,0.68,2046,"at time point t ˆA∗ t+∆t The forecast results at time point t + ∆t TABLE 1: A summary of terminologies and notations used in this paper. In this work, we name t"
2211.02556v1,2211.02556v1:16876-19222,Pangu-Weather: A 3D High-Resolution Model for Fast,0.782,2346,"larger number of grids and a higher spatial resolution of weather forecast, and also increases the computational costs of simulation. Currently, the spatial res"
2211.02556v1,2211.02556v1:19223-21331,Pangu-Weather: A 3D High-Resolution Model for Fast,0.74,2108,and optimized by back-propagating prediction errors of the deep network. The most similar field to weather forecast is computer vision (CV) where image data app
2211.02556v1,2211.02556v1:21332-23640,Pangu-Weather: A 3D High-Resolution Model for Fast,0.803,2308,"mostly play the role of fast surrogate models for medium-range weather forecast. 2.4 Insights We briefly analyze the reasons why AI-based (specifically, deep le"
2211.02556v1,2211.02556v1:23641-25788,Pangu-Weather: A 3D High-Resolution Model for Fast,0.713,2147,"METHODOLOGY 3.1 Overview Based on the above insights, we present our system, termed Pangu-Weather, for fast and accurate global weather forecast. As an AI-based"
2211.02556v1,2211.02556v1:25789-27651,Pangu-Weather: A 3D High-Resolution Model for Fast,0.601,1862,"[10] to choose 13 pressure levels (i.e., 50hPa, 100hPa, 150hPa, 200hPa, 250hPa, 300hPa, 400hPa, 500hPa, 600hPa, 700hPa, 850hPa, 925hPa, and 1000hPa), from a tot"
2211.02556v1,2211.02556v1:27652-29754,Pangu-Weather: A 3D High-Resolution Model for Fast,0.655,2102,"and ˆA∗ t+∆t is computed and back-propagated to update the parameters, θ. The technical details, including the design of f(·; θ) and the choice of ∆t values, ar"
2211.02556v1,2211.02556v1:29755-31897,Pangu-Weather: A 3D High-Resolution Model for Fast,0.635,2142,"4 × 4 Patch Recovery (8 × 180 × 91 × 2𝐶) Surface Variables (1440 × 721 × 4) activation for this purpose. In our implementation, a patch has 2×4×4 pixels for upp"
2211.02556v1,2211.02556v1:31898-34057,Pangu-Weather: A 3D High-Resolution Model for Fast,0.714,2159,"al., PANGU-WEATHER: A 3D HIGH-RESOLUTION MODEL FOR FAST AND ACCURATE GLOBAL WEATHER FORECAST 7 500hPa Geopotential Height Fig. 3: The motivation of using an Ear"
2211.02556v1,2211.02556v1:34058-36062,Pangu-Weather: A 3D High-Resolution Model for Fast,0.637,2004,has a size of Wpl × Wlat × Wlon. The Earth-specific position bias matrix contains Mpl × Mlat sub-matrices (Mlon does not appear because different longitudes sha
2211.02556v1,2211.02556v1:36063-38363,Pangu-Weather: A 3D High-Resolution Model for Fast,0.727,2300,"learn specific patterns for each variable, such as the relationship shown in Figure 3. In practice, we do not observe any difficulties in optimizing the large a"
2211.02556v1,2211.02556v1:38364-40600,Pangu-Weather: A 3D High-Resolution Model for Fast,0.743,2236,"[14] to execute the 6hour model 28 times to achieve up to 7-day forecast, and we find that the forecast accuracy rapidly goes down as iteration goes on. Not sur"
2211.02556v1,2211.02556v1:40601-42809,Pangu-Weather: A 3D High-Resolution Model for Fast,0.731,2208,"training procedure takes 16 days on 192 NVIDIA Tesla-V100 GPUs. We find that all models have not yet arrived at full convergence at the end of 100 epochs, but t"
2211.02556v1,2211.02556v1:42810-44421,Pangu-Weather: A 3D High-Resolution Model for Fast,0.517,1611,"IFS by (i) fetching the numbers reported in WeatherBench [10] and (ii) extracting the quantities from the plots in the FourCastNet paper [14]. BI et al., PANGU-"
2211.02556v1,2211.02556v1:44422-46271,Pangu-Weather: A 3D High-Resolution Model for Fast,0.584,1849,provide extensive visualization and diagnostic results for qualitative studies. 4.1.1 Upper-air Atmospheric Variables As in the training procedure (see Section 
2211.02556v1,2211.02556v1:46272-48297,Pangu-Weather: A 3D High-Resolution Model for Fast,0.7,2025,"In addition, for the T850 variable, all test points in October 2018 are not used due to an unexpected error of data download from the TIGGE archive. 10 TECHNICA"
2211.02556v1,2211.02556v1:48298-50139,Pangu-Weather: A 3D High-Resolution Model for Fast,0.621,1841,implies that AI-based methods are significantly better at forecasting specific variables. U10 V10 4.5 4.0 3.5 RMSE (m/s) 3.0 2.5 2.0 1.5 1.0 0.5 24 72 120 168 F
2211.02556v1,2211.02556v1:50140-52226,Pangu-Weather: A 3D High-Resolution Model for Fast,0.724,2086,"The input time point (i.e. the forecast is performed on) is 00:00 UTC, September 1st, 2018. 4.1.2 Surface Weather Variables Pangu-Weather forecasts four importa"
2211.02556v1,2211.02556v1:52227-54231,Pangu-Weather: A 3D High-Resolution Model for Fast,0.707,2004,"reduces them to 1.61 and 2.53 (1.61 and 2.55 for the test data in 2018 with a 6-hour interval), respectively. We omit the numerical comparison for v-component o"
2211.02556v1,2211.02556v1:54232-56423,Pangu-Weather: A 3D High-Resolution Model for Fast,0.718,2191,"In comparison, operational IFS tends to preserve small-scale structures, yet such predictions are not guaranteed to be correct. As shown in the previous part, P"
2211.02556v1,2211.02556v1:56424-58611,Pangu-Weather: A 3D High-Resolution Model for Fast,0.715,2187,"3 calls are required for a 72-hour forecast, while 8 calls are required for a 71-hour forecast (i.e., 71 = 24 + 24 + 6 + 6 + 6 + 3 + 1 + 1), and thus the 71-hou"
2211.02556v1,2211.02556v1:58612-60548,Pangu-Weather: A 3D High-Resolution Model for Fast,0.648,1936,"global weather forecast. To further accelerate Pangu-Weather, we can train models with larger lead times (e.g., 72 hours) so as to reduce the number of temporal"
2211.02556v1,2211.02556v1:60549-62300,Pangu-Weather: A 3D High-Resolution Model for Fast,0.522,1751,24 72 120 168 Forecast Time (hours) 24 72 120 168 Forecast Time (hours) U500 0.025 0.025 Relative Quantile Error Relative Quantile Error 0.000 0.000 0.025 0.025
2211.02556v1,2211.02556v1:62301-64064,Pangu-Weather: A 3D High-Resolution Model for Fast,0.46,1763,and any weather forecast system: 50 24 (788) 120 (214) Forecast Time (hours) 48 (637) 72 (492) 96 (340) North Atlantic Ocean Northeastern Pacific Ocean Northwes
2211.02556v1,2211.02556v1:64065-66146,Pangu-Weather: A 3D High-Resolution Model for Fast,0.71,2081,that of operational IFS remains mostly unchanged. We attribute the above observation to the cumulative forecast errors of AI-based methods – compared to FourCas
2211.02556v1,2211.02556v1:66147-68079,Pangu-Weather: A 3D High-Resolution Model for Fast,0.721,1932,can be directly trained or fine-tuned on these data for more accurate intensity forecast. 4.2.2 Tracking Tropical Cyclones We study a special case of extreme we
2211.02556v1,2211.02556v1:68080-69716,Pangu-Weather: A 3D High-Resolution Model for Fast,0.536,1636,from 2018-09-29 12UTC Track Forecast from 2018-09-30 00UTC Track Forecast from 2018-09-30 12UTC 50°N 50°N 50°N 40°N 40°N 40°N 30°N 30°N 30°N 20°N 20°N 20°N 10°N
2211.02556v1,2211.02556v1:69717-71863,Pangu-Weather: A 3D High-Resolution Model for Fast,0.765,2146,in a vicinity of 445km. The tracking algorithm terminates when no local minimum of MSLP is found to satisfy the above conditions. We refer to the International 
2211.02556v1,2211.02556v1:71864-73823,Pangu-Weather: A 3D High-Resolution Model for Fast,0.753,1959,"tracking results to ECMWF-HRES and the ground-truth. Again, Pangu-Weather produces much more accurate tracking results compared to ECMWF-HRES, and the advantage"
2211.02556v1,2211.02556v1:73824-75798,Pangu-Weather: A 3D High-Resolution Model for Fast,0.68,1974,"but 18 hours for ECMWF-HRES. In addition, Pangu-Weather shows great advantages in tracking Michael after it landed, while the tracking of ECMWF-HRES is much sho"
2211.02556v1,2211.02556v1:75799-77751,Pangu-Weather: A 3D High-Resolution Model for Fast,0.626,1952,(hours) Z500 Q500 0.95 1.00 0.90 0.98 0.96 0.85 ACC ACC ACC 0.94 0.80 0.92 0.75 0.90 0.70 0.88 24 72 120 168 Forecast Time (hours) 24 72 120 168 Forecast Time (
2211.02556v1,2211.02556v1:77752-79939,Pangu-Weather: A 3D High-Resolution Model for Fast,0.681,2187,"data (e.g., caused by assimilation [35]) and bias of both NWP and AI-based models (e.g., biasing towards false patterns). The methodology of ensemble forecast m"
2211.02556v1,2211.02556v1:79940-82192,Pangu-Weather: A 3D High-Resolution Model for Fast,0.77,2252,"ensemble forecast is especially useful when single-model accuracy becomes lower, yet it risks introducing unexpected noise that may cause accuracy drop when the"
2211.02556v1,2211.02556v1:82193-82823,Pangu-Weather: A 3D High-Resolution Model for Fast,0.84,630,using deeper and/or wider networks. All of these require more powerful GPUs with larger memory and higher FLOPs. ACKNOWLEDGMENTS We would like to thank ECMWF fo
2212.02952v2,2212.02952v2:0-2270,Simple Baseline for Weather Forecasting Using Spat,0.805,2270,Simple Baseline for Weather Forecasting Using Spatiotemporal Context Aggregation Network Minseok Seo∗ Doyi Kim∗ SI Analytics doyi@ewhain.net Seungheon Shin SI A
2212.02952v2,2212.02952v2:2271-4568,Simple Baseline for Weather Forecasting Using Spat,0.789,2297,two hours of prediction are known to have a high prediction error because the model resolution is not enough to describe cloud particle development. More recent
2212.02952v2,2212.02952v2:4569-5740,Simple Baseline for Weather Forecasting Using Spat,0.605,1171,"of 3D-CNN compared to others that use a mixture of several models [13, 4]. We use satellite image data as an input without other static data such as latitude, l"
2212.02952v2,2212.02952v2:5741-7374,Simple Baseline for Weather Forecasting Using Spat,0.65,1633,"Spatiotemporal Refinement Module 𝒚𝒓𝒆𝒇𝒊𝒏𝒆∈ℝ𝟏×𝑻𝒐𝒖𝒕×𝑯×𝑾 (STR) Kernel Size=(1,1,1) Large Kernel Spatiotemporal Attention Residual block Residual block Kernel Size=("
2212.02952v2,2212.02952v2:7375-9410,Simple Baseline for Weather Forecasting Using Spat,0.661,2035,of parameters is as follows: Flopsd = H × W × Cin × Cout × (Kt + Kh × Kw) (2) 2.2 Overview Weather forecasting aims to infer the future weather state based on p
2212.02952v2,2212.02952v2:9411-11188,Simple Baseline for Weather Forecasting Using Spat,0.679,1777,"F1, F2, F3, F4 = ChannelsSplit(F) ▷Divide the channels at even intervals for i in 4 do ˆFi = DilateConv1×n[i]×n[i](Fi) ▷n = [3, 5, 7, 9] end for ˆF = Concat( ˆF"
2212.02952v2,2212.02952v2:11189-13247,Simple Baseline for Weather Forecasting Using Spat,0.688,2058,"𝑊 𝐶 Figure 3: The reshape method adopted by SIANet. As shown in Fig. 1, the STR consists of a large kernel spatiotemporal attention and two sequential residual "
2212.02952v2,2212.02952v2:13248-14793,Simple Baseline for Weather Forecasting Using Spat,0.512,1545,"December 2019. W4C’22 stage2 Datasets consists of two years, 2019 and 2020, and seven regions of Europe (R15, R34, R76, R04, R05, R06, R07). Unlike the stage1 d"
2212.02952v2,2212.02952v2:14794-16418,Simple Baseline for Weather Forecasting Using Spat,0.496,1624,"0.557 0.386 3.2 Stage1 Results Results Table 1 is the result of evaluating SIANet on the stage1 test set. As shown in the table, our SIANet achieved state-of-th"
2212.02952v2,2212.02952v2:16419-18024,Simple Baseline for Weather Forecasting Using Spat,0.521,1605,indicates the highest performance. W4C 22 Heldout Leaderboard Method 2019 2020 mIoU R15 R34 R76 R04 R05 R06 R07 R15 R34 R76 R04 R05 R06 R07 FIT-CTU 0.382 0.290 
2212.02952v2,2212.02952v2:18025-20211,Simple Baseline for Weather Forecasting Using Spat,0.76,2186,"Discussion Longitude, latitude, and topological height are important properties that can reflect regional features in the model. Many deep learning-based weathe"
2212.02952v2,2212.02952v2:20212-22177,Simple Baseline for Weather Forecasting Using Spat,0.65,1965,"we hope that the matrix decomposition technique will be widely used in the field of weather, which requires training on large data. Component Ablation Study Tab"
2212.02952v2,2212.02952v2:22178-23956,Simple Baseline for Weather Forecasting Using Spat,0.827,1778,period. These experimental results indicate that SIANet made predictions by capturing the moving direction of clouds. Discussion According to the qualitative ex
2212.12794v2,2212.12794v2:0-2073,GraphCast: Learning skillful medium-range global w,0.775,2073,"GraphCast: Learning skillful medium-range global weather forecasting Remi Lam*,1, Alvaro Sanchez-Gonzalez*,1, Matthew Willson*,1, Peter Wirnsberger*,1, Meire Fo"
2212.12794v2,2212.12794v2:2074-4357,GraphCast: Learning skillful medium-range global w,0.831,2283,"weather forecasts available. The IFS, and modern weather forecasting more generally, are triumphs of science and engineering. The dynamics of weather systems ar"
2212.12794v2,2212.12794v2:4358-6355,GraphCast: Learning skillful medium-range global w,0.619,1997,"regimes where traditional NWP is relatively weak, for example sub-seasonal heat wave prediction [16] and precipitation nowcasting from radar images [32, 33, 29,"
2212.12794v2,2212.12794v2:6356-8668,GraphCast: Learning skillful medium-range global w,0.701,2312,"a new MLWP approach for global medium-range weather forecasting called “GraphCast”, which produces an accurate 10-day forecast in under a minute on a single Goo"
2212.12794v2,2212.12794v2:8669-10906,GraphCast: Learning skillful medium-range global w,0.77,2237,"base mesh (𝑀0, 12 nodes) to the finest resolution (𝑀6, 40, 962 nodes), which has uniform resolution across the globe. It contains the set of nodes from 𝑀6, and "
2212.12794v2,2212.12794v2:10907-13205,GraphCast: Learning skillful medium-range global w,0.779,2298,"(1979–2017) of historical data from ECMWF’s ERA5 [10] reanalysis archive. As a training objective, we averaged the mean squared error (MSE) weighted by vertical"
2212.12794v2,2212.12794v2:13206-15308,GraphCast: Learning skillful medium-range global w,0.721,2102,"with observations. We use ERA5 as the ground truth for evaluating GraphCast, since it was trained to take ERA5 data as input and predict ERA5 data as outputs. H"
2212.12794v2,2212.12794v2:15309-17269,GraphCast: Learning skillful medium-range global w,0.734,1960,verification results We find that GraphCast has greater weather forecasting skill than HRES when evaluated on 10-day forecasts at a horizontal resolution of 0.2
2212.12794v2,2212.12794v2:17270-19033,GraphCast: Learning skillful medium-range global w,0.559,1763,"than 3.5 days are from the 06z/18z and 00z/12z initializations, respectively. (b) RMSE skill score (y-axis) for GraphCast versus HRES, on z500, as a function of"
2212.12794v2,2212.12794v2:19034-21141,GraphCast: Learning skillful medium-range global w,0.68,2107,8 9 10 Lead time (days) t q 2t 10u 10v msl 1 2 3 4 5 6 7 8 910 Lead time (days) 1 2 3 4 5 6 7 8 910 Lead time (days) 1 2 3 4 5 6 7 8 910 Lead time (days) 6 Grap
2212.12794v2,2212.12794v2:21142-23330,GraphCast: Learning skillful medium-range global w,0.734,2188,"of variables and lead times, we also evaluate how its forecasts support predicting severe events, including tropical cyclones, atmospheric rivers, and extreme t"
2212.12794v2,2212.12794v2:23331-25457,GraphCast: Learning skillful medium-range global w,0.778,2126,(days) d) Extreme heat precision-recall (2t) b) Cyclone tracking paired analysis Median paired error difference (km) 1.0 HRES (12h) HRES (5d) HRES (10d) GraphCa
2212.12794v2,2212.12794v2:25458-27600,GraphCast: Learning skillful medium-range global w,0.739,2142,"when atmospheric rivers are most frequent. Despite not being specifically trained to characterize atmospheric rivers, Figure 3c shows that GraphCast improves th"
2212.12794v2,2212.12794v2:27601-29660,GraphCast: Learning skillful medium-range global w,0.707,2059,"“GraphCast:<2018”, etc). We compared their performances to HRES on 2021 test data. Figure 4 shows the skill scores (normalized by GraphCast:<2018) of the four v"
2212.12794v2,2212.12794v2:29661-32075,GraphCast: Learning skillful medium-range global w,0.798,2414,"model by modern ML standards, chosen to keep the memory footprint tractable. And while HRES is released on 0.1° resolution, 137 levels, and up to 1 hour time st"
2212.12794v2,2212.12794v2:32076-33955,GraphCast: Learning skillful medium-range global w,0.777,1879,"agriculture, and human and biological activity, as well as other complex dynamical systems. We believe that learned simulators, trained on rich, real-world data"
2212.12794v2,2212.12794v2:33956-35552,GraphCast: Learning skillful medium-range global w,0.738,1596,"[2] P. Bauer, A. Thorpe, and G Brunet. The quiet revolution of numerical weather prediction. Nature, 525, 2015. [3] Stanley G Benjamin, John M Brown, Gilbert Br"
2212.12794v2,2212.12794v2:35553-37239,GraphCast: Learning skillful medium-range global w,0.762,1686,"F Prates, and F Vitart. Evaluation of ECMWF forecasts, including the 2018 upgrade. European Centre for Medium Range Weather Forecasts Reading, UK, 2018. [10] Ha"
2212.12794v2,2212.12794v2:37240-39002,GraphCast: Learning skillful medium-range global w,0.746,1762,"weather models. Artificial Intelligence for the Earth Systems, pages 1–41, 2022. [17] Carsten Maass and Esperanza Cuartero. MARS user documentation. https://con"
2212.12794v2,2212.12794v2:39003-40662,GraphCast: Learning skillful medium-range global w,0.804,1659,"2023. [25] Jaideep Pathak, Shashank Subramanian, Peter Harrington, Sanjeev Raja, Ashesh Chattopadhyay, Morteza Mardani, Thorsten Kurth, David Hall, Zongyi Li, K"
2212.12794v2,2212.12794v2:40663-42319,GraphCast: Learning skillful medium-range global w,0.752,1656,"Conference on Machine Learning, pages 8459–8468. PMLR, 2020. 13 GraphCast: Learning skillful medium-range global weather forecasting [32] Xingjian Shi, Zhihan G"
2212.12794v2,2212.12794v2:42320-43498,GraphCast: Learning skillful medium-range global w,0.058,1178,. . . . . . . . . . . . . . . . . . . . . . . . . . . . . . . . . . . . . . . . . 18 1.2 HRES . . . . . . . . . . . . . . . . . . . . . . . . . . . . . . . . . 
2212.12794v2,2212.12794v2:43499-44805,GraphCast: Learning skillful medium-range global w,0.1,1306,. . . . . . . . . . . . . . . . . . . . . . . . . . . . 29 3.7 Normalization and network parameterization . . . . . . . . . . . . . . . . . . . . . . 30 4 Train
2212.12794v2,2212.12794v2:44806-46152,GraphCast: Learning skillful medium-range global w,0.141,1346,. . . . . . . . . . . . . . . . . . . . . . . . . 35 5.2.2 Ensuring equal lookahead in assimilation windows . . . . . . . . . . . . . . . 35 5.2.3 Alignment of 
2212.12794v2,2212.12794v2:46153-47396,GraphCast: Learning skillful medium-range global w,0.113,1243,. . . . . . . . . . . . . . 47 7.2 Disaggregated results . . . . . . . . . . . . . . . . . . . . . . . . . . . . . . . . . . . . 53 7.2.1 RMSE by region . . . .
2212.12794v2,2212.12794v2:47397-48735,GraphCast: Learning skillful medium-range global w,0.127,1338,. . . . . 68 7.4.4 Relationship between autoregressive training horizon and blurring . . . . . . 72 7.5 Spectral analysis . . . . . . . . . . . . . . . . . . . 
2212.12794v2,2212.12794v2:48736-50609,GraphCast: Learning skillful medium-range global w,0.568,1873,"medium-range global weather forecasting 1. Datasets In this section, we give an overview of the data we used to train and evaluate GraphCast (Supplements Sectio"
2212.12794v2,2212.12794v2:50610-52807,GraphCast: Learning skillful medium-range global w,0.676,2197,"The downsampling is performed by subsampling, except for the total precipitation, which is accumulated for the 6 hours leading up to the corresponding downsampl"
2212.12794v2,2212.12794v2:52808-54672,GraphCast: Learning skillful medium-range global w,0.615,1864,Local time of day n/a n/a Input Clock Elapsed year progress n/a n/a Input Table 2 | ECMWF variables used in our datasets. The “Type” column indicates whether th
2212.12794v2,2212.12794v2:54673-56668,GraphCast: Learning skillful medium-range global w,0.716,1995,"an octahedral reduced Gaussian grid, TCo1279 [36]), and roughly corresponds to 0.1° latitude/longitude resolution. We then spatially downsampled the forecasts t"
2212.12794v2,2212.12794v2:56669-58779,GraphCast: Learning skillful medium-range global w,0.687,2110,"measurable impact on performance. For easier comparison, we filled these rare missing values with the weighted average of the immediate neighboring pixels. We u"
2212.12794v2,2212.12794v2:58780-60918,GraphCast: Learning skillful medium-range global w,0.741,2138,"HRES forecasts initialized from 00z and 12z make predictions up to 10 days lead time (blue axis), while HRES forecasts initialized from 06z and 18z make predict"
2212.12794v2,2212.12794v2:60919-62380,GraphCast: Learning skillful medium-range global w,0.64,1461,"which represents the total number of steps in a forecast. • 𝑑: Validity time, which indicates the date-time of a particular weather state. • 𝑑0: Forecast initia"
2212.12794v2,2212.12794v2:62381-63313,GraphCast: Learning skillful medium-range global w,0.554,932,"𝑋𝑑. The model can then, in principle, leverage this additional context information to approximate 𝑍𝑑more accurately. Thus 𝜙predicts a future weather state as, ˆ"
2212.12794v2,2212.12794v2:63314-65082,GraphCast: Learning skillful medium-range global w,0.62,1768," , L which is described explicitly in Section 5. In our work, the temporal resolution of data and forecasts was always Δ𝑑= 6 hours with a maximum forecast hori"
2212.12794v2,2212.12794v2:65083-66794,GraphCast: Learning skillful medium-range global w,0.623,1711,variables for a total of 227 target variables. Several other static and/or external variables were also provided as input context for our model. These variables
2212.12794v2,2212.12794v2:66795-69020,GraphCast: Learning skillful medium-range global w,0.744,2225,"ˆ𝑋𝑡+𝑇−2) | {z } ) (5) 1...𝑇autoregressive iterations of arbitrary length, 𝑇. This is illustrated in Figure 1b,c. We found, in early experiments, that two input "
2212.12794v2,2212.12794v2:69021-71000,GraphCast: Learning skillful medium-range global w,0.76,1979,"faces) iteratively 6 times to obtain a hierarchy of icosahedral meshes with a total of 40,962 nodes and 81,920 faces on the highest resolution. We leveraged the"
2212.12794v2,2212.12794v2:71001-72810,GraphCast: Learning skillful medium-range global w,0.661,1809,"resolution, 10-day forecast (released at 1-hour steps for the first 90 hours, 3-hour steps for hours 93-144, and 6-hour steps from 150-240 hours, in about an ho"
2212.12794v2,2212.12794v2:72811-74574,GraphCast: Learning skillful medium-range global w,0.611,1763,"there is a total of 721 × 1440 = 1, 038, 240 grid nodes, each with (5 surface variables + 6 atmospheric variables × 37 levels) × 2 steps + 5 forcings × 3 steps "
2212.12794v2,2212.12794v2:74575-76546,GraphCast: Learning skillful medium-range global w,0.674,1971,"𝑀0. This is straightforward because of how the refinement process works: the nodes of 𝑀𝑟−1 are always a subset of the nodes in 𝑀𝑟. Therefore, nodes introduced a"
2212.12794v2,2212.12794v2:76547-78477,GraphCast: Learning skillful medium-range global w,0.696,1930,"in 𝑀6, since there is some variance in the length of the edges caused by the split-and-reproject mechanism. 27 GraphCast: Learning skillful medium-range global "
2212.12794v2,2212.12794v2:78478-79561,GraphCast: Learning skillful medium-range global w,0.377,1083,"subgraph, ′ = MLPGrid2Mesh After updating all three elements, the model includes a residual connection, and for simplicity of the notation, reassigns the variab"
2212.12794v2,2212.12794v2:79562-81283,GraphCast: Learning skillful medium-range global w,0.631,1721,"is a standard interaction network [5, 6] which first updates each of the mesh edges using information of the adjacent nodes: EM ([eM Then it updates each of the"
2212.12794v2,2212.12794v2:81284-82516,GraphCast: Learning skillful medium-range global w,0.504,1232,"𝑠, v𝑀 𝑟]). (11) ′ (12) ∑︁ eM 𝑣M s →𝑣M r : 𝑣M r =𝑣M 𝑖 𝑣M s →𝑣M r ′ 𝑖+ vM 𝑖 ′ (13) 𝑣𝑁s →𝑣𝑀 r + eM 𝑣𝑀 s →𝑣𝑀 r 𝑣𝑀 s →𝑣Gr , v𝑀 𝑠, vG 𝑟]) (14) ′ ∑︁ eM2G . (15) 𝑣M"
2212.12794v2,2212.12794v2:82517-84658,GraphCast: Learning skillful medium-range global w,0.782,2141,"produce ˆ𝑋𝑡+1, we normalized the output of the model by computing per-pressure level standard deviation statistics for the time difference 𝑌𝑡= 𝑋𝑡+1 −𝑋𝑡of each v"
2212.12794v2,2212.12794v2:84659-86467,GraphCast: Learning skillful medium-range global w,0.71,1808,"protocol from being able to exploit any information from the future. Within our development set, we further split the data into a training set comprising the ye"
2212.12794v2,2212.12794v2:86468-88168,GraphCast: Learning skillful medium-range global w,0.68,1700,"pressure levels, 4. Training details 4.1. Training split 4.2. Training objective LMSE = 1 |𝐷batch| 1 |𝐺0.25◦| 1 𝑇train ∑︁ ∑︁ 𝑑0∈𝐷batch | {z } 𝜏∈1:𝑇train | {z } "
2212.12794v2,2212.12794v2:88169-89840,GraphCast: Learning skillful medium-range global w,0.523,1671,"× 1.0 for the atmospheric variables, plus (1.0 + 0.1 + 0.1 + 0.1 + 0.1) for the surface variables listed above, respectively). In order to improve our model’s a"
2212.12794v2,2212.12794v2:89841-91983,GraphCast: Learning skillful medium-range global w,0.722,2142,"Optimization The training objective function was minimized using gradient descent, with mini-batches. We sampled ground truth trajectories from our ERA5 trainin"
2212.12794v2,2212.12794v2:91984-94144,GraphCast: Learning skillful medium-range global w,0.736,2160,[25] to build and train our models. 34 GraphCast: Learning skillful medium-range global weather forecasting 5. Verification methods This section provides detail
2212.12794v2,2212.12794v2:94145-96118,GraphCast: Learning skillful medium-range global w,0.661,1973,"<2019 for 2019 forecast, etc. For training data recency experiments, we evaluated how different models trained up to different years compared on 2021 test perfo"
2212.12794v2,2212.12794v2:96119-98165,GraphCast: Learning skillful medium-range global w,0.701,2046,"<2020 1979-2015 2016 2017 2018 2019 2021 2020 GraphCast <2021 1979-2015 2016 2017 2018 2019 2020 2021 Figure 8 | Data split summary. In the development phase, G"
2212.12794v2,2212.12794v2:98166-100008,GraphCast: Learning skillful medium-range global w,0.632,1842,"time is 3.5 days. For lead times of 4 days and beyond, archived HRES forecasts are only available at 00z and 12z initializations, which given our 12-hour-multip"
2212.12794v2,2212.12794v2:100009-101439,GraphCast: Learning skillful medium-range global w,0.421,1430,clearly. 37 GraphCast: Learning skillful medium-range global weather forecasting GraphCast (06z/18z) GraphCast (00z/12z) HRES Figure 10 | Effect of initializati
2212.12794v2,2212.12794v2:101440-102708,GraphCast: Learning skillful medium-range global w,0.313,1268,2 4 6 8 10 Lead time (days) c) Skill (RMSE): t500 (K) d) Skill (RMSE): t850 (K) 3 3 2 2 1 1 2 4 6 8 10 2 4 6 8 10 0.00 g) Skill score (RMSE): t500 0.00 h) Skill
2212.12794v2,2212.12794v2:102709-104533,GraphCast: Learning skillful medium-range global w,0.761,1824,"(grey line), as a function of lead time. We plot lead times up to 3.5 days which is the longest for which HRES predictions initialized at 06z/18z are available."
2212.12794v2,2212.12794v2:104534-105755,GraphCast: Learning skillful medium-range global w,0.6,1221,"𝜏) = 1 |𝐷eval| 2  ˆ𝑥𝑑0+𝜏 𝑗,𝑖 −𝑥𝑑0+𝜏 ∑︁ ∑︁ 𝑎𝑖 (20) 𝑗,𝑖 𝑖∈𝐺0.25◦ 𝑑0∈𝐷eval where • 𝑑0 ∈𝐷eval represent forecast initialization date-times in the evaluation datas"
2212.12794v2,2212.12794v2:105756-107289,GraphCast: Learning skillful medium-range global w,0.677,1533,"Learning skillful medium-range global weather forecasting 𝑗,𝑙,𝑚are predicted and target coefficients of spherical harmonics with total wavenumber 𝑙and longitudi"
2212.12794v2,2212.12794v2:107290-107824,GraphCast: Learning skillful medium-range global w,0.124,534,"𝑗,𝑙,𝑚and 𝑓𝑑0+𝜏 Here ˆ𝑓𝑑0+𝜏 RMSEby-lat-lon(𝑖, 𝑗, 𝜏) = We also break down RMSE by latitude only: v t 1 |𝐷eval| ∑︁ RMSEby-lat(𝑙, 𝑗, 𝜏) = 𝑑0∈𝐷eval v u tÍ Í 𝑑0∈𝐷eval"
2212.12794v2,2212.12794v2:107825-109203,GraphCast: Learning skillful medium-range global w,0.641,1378,"< 𝑧𝑢]𝑎𝑖   ˆ𝑥𝑑0+𝜏 𝑗,𝑖 −𝑥𝑑0+𝜏 ∑︁ . (26) 𝑗,𝑖 𝑑0∈𝐷eval ∑︁ 𝑎𝑖MBEby-lat-lon(𝑖, 𝑗, 𝜏)2. (27) 𝑖∈𝐺0.25◦ 41 GraphCast: Learning skillful medium-range global weather for"
2212.12794v2,2212.12794v2:109204-110633,GraphCast: Learning skillful medium-range global w,0.607,1429,"assumption does not hold exactly for us, but is motivated as adequate for verification of medium range weather forecasts by the ECMWF in [16]. The nominal sampl"
2212.12794v2,2212.12794v2:110634-111746,GraphCast: Learning skillful medium-range global w,0.559,1112,"𝑗,𝑖 −𝐶𝑑0+𝜏 ˆ𝑥𝑑0+𝜏 𝑗,𝑖 𝑗,𝑖 2 (29) 2 Í  𝑗,𝑖 −𝐶𝑑0+𝜏 𝑥𝑑0+𝜏 𝑗,𝑖 −𝐶𝑑0+𝜏 𝑖∈𝐺0.25◦𝑎𝑖 𝑗,𝑖 𝑗,𝑖 2  ˆ𝑥𝑑0+𝜏 𝑗,𝑖 −𝑥𝑑0+𝜏 ∑︁ 𝑎𝑖 (30) 𝑗,𝑖 𝑖∈𝐺0.25◦ 42 GraphCast: Learning"
2212.12794v2,2212.12794v2:111747-113025,GraphCast: Learning skillful medium-range global w,0.571,1278,"𝜏, 𝑑0) = RMSE𝐺𝐶( 𝑗, 𝜏, 𝑑0) (32) −1   RMSE𝐻𝑅𝐸𝑆( 𝑗, 𝜏, 𝑑0 −6ℎ) + RMSE𝐻𝑅𝐸𝑆( 𝑗, 𝜏, 𝑑0 + 6ℎ) . 2 We can use these to test the null hypothesis 𝔼[diff-RMSEinterp( 𝑗,"
2212.12794v2,2212.12794v2:113026-114693,GraphCast: Learning skillful medium-range global w,0.729,1667,"𝑗, 𝜏, 𝑑0). These are derived from the two-sided 𝑡-test with correction for auto-correlation that is described above, applied separately to GraphCast and HRES RM"
2212.12794v2,2212.12794v2:114694-116701,GraphCast: Learning skillful medium-range global w,0.695,2007,significance testing. 44 GraphCast: Learning skillful medium-range global weather forecasting 6. Comparison with previous machine learning baselines To determin
2212.12794v2,2212.12794v2:116702-118133,GraphCast: Learning skillful medium-range global w,0.408,1431,"GraphCast (00z/12z) Pangu-Weather (00z/12z) Figure 12 | Comparison between GraphCast and Pangu-Weather, on RMSE skill. Rows 1 and 3 show absolute RMSE for Graph"
2212.12794v2,2212.12794v2:118134-120003,GraphCast: Learning skillful medium-range global w,0.608,1869,g) Skill score (RMSE): t850 h) Skill score (RMSE): q500 0.0 0.00 0.1 0.05 0.2 0.10 0.3 0.15 1 2 3 4 5 6 7 1 2 3 4 5 6 7 k) Skill (RMSE): 2t (K) 3.5 l) Skill (RM
2212.12794v2,2212.12794v2:120004-122127,GraphCast: Learning skillful medium-range global w,0.741,2123,a rigorous comparison to HRES. 7.1. Detailed results for additional variables 7.1.1. RMSE and ACC Figure 13 complements Figure 2a–b and shows the RMSE and norma
2212.12794v2,2212.12794v2:122128-123814,GraphCast: Learning skillful medium-range global w,0.537,1686,"is analogous to long-term bias correction, where recent statistical biases in the weather are being exploited to improve accuracy. It is also important to note "
2212.12794v2,2212.12794v2:123815-125109,GraphCast: Learning skillful medium-range global w,0.323,1294,q700 (kg/kg) r) Skill (RMSE): 2t (K) 0.0020 2.5 0.0015 2.0 RMSE 1.5 0.0010 1.0 0.0005 2 4 6 8 10 0.5 2 4 6 8 10 u) Skill score (RMSE): q700 v) Skill score (RMSE
2212.12794v2,2212.12794v2:125110-126414,GraphCast: Learning skillful medium-range global w,0.383,1304,"RMSE and HRES’s). Each subplot represents a single variable (and pressure level), as indicated in the subplot titles. The x-axis represents lead time, at 12-hou"
2212.12794v2,2212.12794v2:126415-127474,GraphCast: Learning skillful medium-range global w,0.184,1059,8 10 0.4 2 4 6 8 10 0.4 0.25 g) Skill score (ACC): t500 h) Skill score (ACC): t850 0.3 0.20 0.2 0.15 0.10 0.1 0.05 0.00 0.0 2 4 6 8 10 2 4 6 8 10 1.0 k) Skill (
2212.12794v2,2212.12794v2:127475-128467,GraphCast: Learning skillful medium-range global w,0.0,992,259 z1000 < 10−9 −76.9 462 < 10−9 −40.5 349 < 10−9 −12.1 261 t50 < 10−9 31.8 27.2 < 10−9 8.56 32.9 < 10−9 40.5 54.3 t100 < 10−9 20.6 94.5 0.32 −0.995 35.6 1.7 ×
2212.12794v2,2212.12794v2:128468-129657,GraphCast: Learning skillful medium-range global w,0.178,1189,v500 < 10−9 −101 331 < 10−9 −96 365 < 10−9 −21 256 v700 < 10−9 −159 297 < 10−9 −127 315 < 10−9 −25.3 241 v850 < 10−9 −181 272 < 10−9 −129 335 < 10−9 −25.8 260 v
2212.12794v2,2212.12794v2:129658-131364,GraphCast: Learning skillful medium-range global w,0.513,1706,"medium-range global weather forecasting or twice a year, with generally increasing skill on z500 and other fields [18, 22, 19, 20, 21]. This may also contribute"
2212.12794v2,2212.12794v2:131365-132644,GraphCast: Learning skillful medium-range global w,0.302,1279,r) Skill (RMSE): 2t (K) 0.0020 2.5 0.0015 2.0 RMSE 1.5 0.0010 1.0 0.0005 2 4 6 8 10 0.5 2 4 6 8 10 u) Skill score (RMSE): q700 v) Skill score (RMSE): 2t 0.3 0.0
2212.12794v2,2212.12794v2:132645-134201,GraphCast: Learning skillful medium-range global w,0.502,1556,We added some additional regions for better coverage of the entire planet. These regions are shown in Figure 16. 53 GraphCast: Learning skillful medium-range gl
2212.12794v2,2212.12794v2:134202-135389,GraphCast: Learning skillful medium-range global w,0.222,1187,2 4 250 1 2 0 T) U) 7.5 V) 1000 4 RMSE arctic 5.0 500 2 2.5 0 2 4 6 8 10 Lead time (days) 2 4 6 8 10 Lead time (days) d) Skill (RMSE): 2t (K) e) Skill (RMSE): 1
2212.12794v2,2212.12794v2:135390-137125,GraphCast: Learning skillful medium-range global w,0.523,1735,200 2 1 0 T) 1.0 U) 3 V) 100 se.asia RMSE 2 50 0.5 1 2 4 6 8 10 Lead time (days) 2 4 6 8 10 Lead time (days) d) Skill (RMSE): 2t (K) e) Skill (RMSE): 10u (m/s) 
2212.12794v2,2212.12794v2:137126-139199,GraphCast: Learning skillful medium-range global w,0.617,2073,the stratosphere. geopotential temperature specific_humidity u_component_of_wind 0 200 Pressure (hPa) 12 hours 400 600 800 1000 0 200 Pressure (hPa) 400 2 days 
2212.12794v2,2212.12794v2:139200-140928,GraphCast: Learning skillful medium-range global w,0.511,1728,"set. Figure 22 | Mean bias error for GraphCast at 10 day lead time, over the 2018 test set. 59 GraphCast: Learning skillful medium-range global weather forecast"
2212.12794v2,2212.12794v2:140929-142614,GraphCast: Learning skillful medium-range global w,0.517,1685,0.4 0.2 0.2 0.2 0.0 0.1 0.0 0.0 0 1 2 3 4 5 6 7 8 9 10 Lead time (days) 0 1 2 3 4 5 6 7 8 9 10 Lead time (days) t500 0.5 t850 1e 4 q700 0.4 1.5 0.3 1.0 0.2 0.1 
2212.12794v2,2212.12794v2:142615-144909,GraphCast: Learning skillful medium-range global w,0.729,2294,times we must compare GraphCast at 06z/18z with HRES at 00z/12z (see Section 5). This difference in time-of-day may confound comparisons at specific locations f
2212.12794v2,2212.12794v2:144910-146736,GraphCast: Learning skillful medium-range global w,0.599,1826,"[14] which follows the land surface at the lowest levels, and this may make the relationship between surface and atmospheric variables easier to learn, especial"
2212.12794v2,2212.12794v2:146737-148991,GraphCast: Learning skillful medium-range global w,0.783,2254,0.0 0.0 0.1 0.1 0.2 0.2 0.3 0 1000 2000 3000 Surface geopotential height (m) 0 2000 4000 Surface geopotential height (m) Mean geopotential height at variable's 
2212.12794v2,2212.12794v2:148992-151093,GraphCast: Learning skillful medium-range global w,0.499,2101,of autoregressive steps and blurring is discussed in Supplements Section 7.4.4. 7Each of these models were trained using a curriculum where the 1 AR-step model 
2212.12794v2,2212.12794v2:151094-152692,GraphCast: Learning skillful medium-range global w,0.355,1598,1.6 1.4 1.3 1.2 1.0 q q 2t 10u 10v msl 2t 10u 10v msl 1 2 3 4 5 6 7 8 9 10 Lead time (days) var PL Normalized RMSE difference 50 100 150 200 250 300 400 500 600
2212.12794v2,2212.12794v2:152693-153853,GraphCast: Learning skillful medium-range global w,0.228,1160,0.1 0.05 0.0 0.00 2 4 6 8 10 2 4 6 8 10 q) Skill (RMSE): q700 (kg/kg) r) Skill (RMSE): 2t (K) 0.0020 3.0 2.5 0.0015 2.0 RMSE 1.5 0.0010 1.0 0.0005 2 4 6 8 10 0.
2212.12794v2,2212.12794v2:153854-155663,GraphCast: Learning skillful medium-range global w,0.738,1809,Effect on the comparison of skill between GraphCast and HRES In Figures 31 and 32 we compare the RMSE of HRES with GraphCast before and after optimal blurring h
2212.12794v2,2212.12794v2:155664-157342,GraphCast: Learning skillful medium-range global w,0.7,1678,"are homogeneous, they are unable to take into account location-specific features, such as orography or land-sea boundaries, and so they must choose between over"
2212.12794v2,2212.12794v2:157343-158861,GraphCast: Learning skillful medium-range global w,0.402,1518,"predictions (dotted lines) for both GraphCast and HRES. Rows 1 and 3 show RMSEs, rows 2 and 4 show RMSE skill scores relative to unfiltered HRES. RMSEs are comp"
2212.12794v2,2212.12794v2:158862-160644,GraphCast: Learning skillful medium-range global w,0.554,1782,0.2 0.3 1 2 3 4 5 6 7 8 9 10 Lead time (days) 1 2 3 4 5 6 7 8 9 10 Lead time (days) 1 2 3 4 5 6 7 8 9 10 Lead time (days) HRES HRES + optimal filtering q 2t t 1
2212.12794v2,2212.12794v2:160645-162801,GraphCast: Learning skillful medium-range global w,0.625,2156,"We also note that there are noticeable peaks in the GraphCast filter response around 100km wavelength for z500, which are not present for HRES. We believe these"
2212.12794v2,2212.12794v2:162802-164823,GraphCast: Learning skillful medium-range global w,0.678,2021,time equivalent to the autoregressive training horizon which each model was trained up to. In Figure 34 we use the results of optimal blurring to investigate th
2212.12794v2,2212.12794v2:164824-166179,GraphCast: Learning skillful medium-range global w,0.512,1355,time (days) 7.5. Spectral analysis 0.00 q700 0.00 2t 0.02 0.05 0.04 0.10 0.06 0.08 0.15 0.10 0.06 0.10 0.04 0.05 0.02 0.00 0.00 1 2 3 4 5 6 7 8 9 10 Lead time (
2212.12794v2,2212.12794v2:166180-167483,GraphCast: Learning skillful medium-range global w,0.386,1303,", (37) 𝑗,𝑙,𝑚 𝑚=−𝑙 73 GraphCast: Learning skillful medium-range global weather forecasting 102 103 104 Wavelength (km) 0.4 GC: 0.432 HRES: 0.569 6 GC: 5.18 HRES:"
2212.12794v2,2212.12794v2:167484-168526,GraphCast: Learning skillful medium-range global w,0.216,1042,1 0 0 0 Mean power density GC: 1.42 HRES: 1.85 GC: 2.55 HRES: 3.37 1 2 of errors u500 4 1 2 0 0 0 1 Mean power density GC: 0.883 HRES: 1.45 GC: 1.55 HRES: 2.51 
2212.12794v2,2212.12794v2:168527-169877,GraphCast: Learning skillful medium-range global w,0.369,1350,HRES: 3.79e-6 2 3 2 1 1 0 0 1e2 30 GC: 21.6 HRES: 29.5 GC: 72.7 HRES: 90.1 1 20 10 0 0 GC: 12.1 HRES: 16.8 60 GC: 37 HRES: 45.6 40 10 20 0 0 2 GC: 2.01 HRES: 2.
2212.12794v2,2212.12794v2:169878-170919,GraphCast: Learning skillful medium-range global w,0.232,1041,density 8 6 GC: 717 HRES: 1.22e3 GC: 1.43e3 HRES: 2.03e3 GC: 4.31e3 HRES: 5.64e3 6 of errors 4 z850 1 4 2 2 0 0 0 1e 2 Mean power density GC: 0.11 HRES: 0.121 G
2212.12794v2,2212.12794v2:170920-172032,GraphCast: Learning skillful medium-range global w,0.235,1112,0 1 2 log10(1 + total wavenumber) 0 1 2 log10(1 + total wavenumber) 2 day 5 day 10 day 102 103 104 Wavelength (km) 102 103 104 Wavelength (km) 1e5 1e6 GC: 8.34e
2212.12794v2,2212.12794v2:172033-173861,GraphCast: Learning skillful medium-range global w,0.646,1828,"resolutions. Specifically, at each total wavenumber 𝑙trunc, we plot RMSEs between predictions and targets which are both truncated at that total wavenumber. Thi"
2212.12794v2,2212.12794v2:173862-175140,GraphCast: Learning skillful medium-range global w,0.307,1278,"1,2,5,6), or the ratio between GraphCast and HRES RMSEs (rows 3,4,7,8). We give results before optimal blurring (rows 1,3,5,7) and after (rows 2,4,6,8). z500 z8"
2212.12794v2,2212.12794v2:175141-176908,GraphCast: Learning skillful medium-range global w,0.603,1767,0.2 0.2 0.3 0.4 100 101 102 100 101 102 Truncation wavenumber Truncation wavenumber Truncation wavenumber 2t 10u msl 102 103 104 Shortest wavelength (km) 102 10
2212.12794v2,2212.12794v2:176909-179251,GraphCast: Learning skillful medium-range global w,0.795,2342,"wavelengths These peaks are particularly visible for z500; they appear to increase with lead time. We believe they correspond to small, spurious artifacts intro"
2212.12794v2,2212.12794v2:179252-181187,GraphCast: Learning skillful medium-range global w,0.518,1935,"is initialized from 06z and 18z, rather than 00z and 12z, to avoid giving it a lookahead z500 106 z850 106 101 103 Mean power 103 10 2 100 100 10 5 10 3 10 3 10"
2212.12794v2,2212.12794v2:181188-183443,GraphCast: Learning skillful medium-range global w,0.76,2255,"both GraphCast and HRES initialization time/lead time pairs into the final set of events we use to compare them. For both methods, we only consider predictions "
2212.12794v2,2212.12794v2:183444-185698,GraphCast: Learning skillful medium-range global w,0.786,2254,"they come from (without duplication). For the bootstrap estimate, we draw samples from this cyclone list (with replacement) and apply the median (or the mean) t"
2212.12794v2,2212.12794v2:185699-187767,GraphCast: Learning skillful medium-range global w,0.712,2068,"we show median values, which are also affected by tracking errors, but to a lesser extent. In figure Figure 40 we show how that the distribution of both HRES an"
2212.12794v2,2212.12794v2:187768-189921,GraphCast: Learning skillful medium-range global w,0.679,2153,"outliers. set (2018–2021), GraphCast and HRES drop a similar number of cyclones, ensuring our comparisons are as fair as possible. Supplements Figures 42 and 43"
2212.12794v2,2212.12794v2:189922-191971,GraphCast: Learning skillful medium-range global w,0.639,2049,1500 2000 2500 3000 Error (km) log # of predictions 102 101 100 0 500 1000 1500 2000 2500 3000 Error (km) 82 GraphCast: Learning skillful medium-range global we
2212.12794v2,2212.12794v2:191972-193744,GraphCast: Learning skillful medium-range global w,0.386,1772,"conditions before reappearing. In our experiment with GraphCast, however, when a cyclone disappear, we stop the tracking. Our modified tracker We analysed the m"
2212.12794v2,2212.12794v2:193745-195456,GraphCast: Learning skillful medium-range global w,0.436,1711,Saffir-Simpson Hurricane Wind Scale. Category 3 HRES GraphCast 250 Median track error (km) 300 200 200 150 100 100 50 1 2 3 4 5 Median error difference (km) 0 2
2212.12794v2,2212.12794v2:195457-197522,GraphCast: Learning skillful medium-range global w,0.71,2065,"searched the weighting among the following options: 0.0, 0.1, 0.33, 0.5 (original value). 4. We noticed multiple misstracks happened when the track sharply reve"
2212.12794v2,2212.12794v2:197523-199314,GraphCast: Learning skillful medium-range global w,0.704,1791,"hPa. Consistently with the rest of our evaluation protocol, each model is evaluated against its own “analysis”. For GraphCast, we compute the ivt based on its p"
2212.12794v2,2212.12794v2:199315-201313,GraphCast: Learning skillful medium-range global w,0.687,1998,"(for example above 98% percentile for extreme heat, and below 2% percentile for extreme cold). Following previous work [35], the reference climatology is obtain"
2212.12794v2,2212.12794v2:201314-202972,GraphCast: Learning skillful medium-range global w,0.619,1658,1 2 3 4 5 6 7 8 9 10 Lead time (days) 87 GraphCast: Learning skillful medium-range global weather forecasting We focus our analysis on variables that are releva
2212.12794v2,2212.12794v2:202973-204694,GraphCast: Learning skillful medium-range global w,0.603,1721,(12h) HRES (5d) HRES (10d) GraphCast (12h) GraphCast (5d) GraphCast (10d) Figure 45 | Detailed extremes evaluation. Higher precision and recall is better. 89 Gr
2212.12794v2,2212.12794v2:204695-206139,GraphCast: Learning skillful medium-range global w,0.474,1444,2t: Initialization time 2018-05-05_12:00 UTC 2018-05-07_12:00 UTC 2018-05-11_12:00 UTC 47.26 36.02 24.79 13.55 2.32 -8.92 C -20.16 -31.39 -42.63 -53.87 -65.10 2
2212.12794v2,2212.12794v2:206140-207469,GraphCast: Learning skillful medium-range global w,0.517,1329,"UTC, with plots corresponding to 2, 6, and 10 day lead times. 95 GraphCast: Learning skillful medium-range global weather forecasting t850: Initialization time "
2301.13462v1,2301.13462v1:0-2053,Towards Learned Emulation of Interannual Water Iso,0.756,2053,PAPER PREPRINT – CURRENTLY UNDER REVIEW arXiv:2301.13462v1 [physics.ao-ph] 31 Jan 2023 Towards Learned Emulation of Interannual Water Isotopologue Variations in
2301.13462v1,2301.13462v1:2054-4543,Towards Learned Emulation of Interannual Water Iso,0.777,2489,good as the predictions by the spherical CNN. We test generalization to last millennium runs of other climate models and find that while the tested deep learnin
2301.13462v1,2301.13462v1:4544-6594,Towards Learned Emulation of Interannual Water Iso,0.718,2050,"isotopes of the constituents of water molecules (Mook, 2000). Due to differences in mass, molecules with varying isotopic compositions, so-called isotopologues,"
2301.13462v1,2301.13462v1:6595-8794,Towards Learned Emulation of Interannual Water Iso,0.731,2199,"Simulating 𝛿18O is costly because it typically requires duplicating large parts of the water cycle for each simulated water species (Tindall et al., 2009). In l"
2301.13462v1,2301.13462v1:8795-10890,Towards Learned Emulation of Interannual Water Iso,0.693,2095,"leave explicit incorporation of temporal correlations largely to future investigation. Working within these constraints, our paper presents the following contri"
2301.13462v1,2301.13462v1:10891-12981,Towards Learned Emulation of Interannual Water Iso,0.724,2090,"et al., 2012). Diagnostics of the iHadCM3 data set are visualized in Figure 2. As can be seen from Figure 2 B, the standard deviation of the simulated 𝛿18O is l"
2301.13462v1,2301.13462v1:12982-14911,Towards Learned Emulation of Interannual Water Iso,0.699,1929,"(hereafter ECHAM5-wiso, Werner et al., 2016). While iCESM and ECHAM5wiso are fully coupled AOGCMs, isoGSM is an atmospheric GCM forced by sea surface temperatur"
2301.13462v1,2301.13462v1:14912-17141,Towards Learned Emulation of Interannual Water Iso,0.765,2229,two is shown. • We form yearly averages from monthly data. Missing 𝛿18O data points are omitted in the yearly averaging. We argue that this does not impact our 
2301.13462v1,2301.13462v1:17142-19229,Towards Learned Emulation of Interannual Water Iso,0.675,2087,"as a flat image using e.g. a plate carrée projection (lat/lon projection). We test if we can still obtain reasonable results with this naive setup. Furthermore,"
2301.13462v1,2301.13462v1:19230-20890,Towards Learned Emulation of Interannual Water Iso,0.653,1660,"transforms accordingly. This fits well with the approximate symmetries present in the Earth system, like symmetry to reflections on the equatorial plane or rota"
2301.13462v1,2301.13462v1:20891-22885,Towards Learned Emulation of Interannual Water Iso,0.721,1994,"These baselines are: • Grid-box-wise linear regression, the simplest conceivable model: regress 𝛿18O on temperature and precipitation amount in a separate model"
2301.13462v1,2301.13462v1:22886-24870,Towards Learned Emulation of Interannual Water Iso,0.703,1984,"= 1 −MSE(𝑌𝑗, ˆ𝑌𝑗) , (3) 𝜎2 𝑗 where MSE(𝑌𝑗, ˆ𝑌𝑗) is the mean squared error and 𝜎2 𝑗the variance of the test set ground truth, both taken over the time axis at gr"
2301.13462v1,2301.13462v1:24871-26882,Towards Learned Emulation of Interannual Water Iso,0.715,2011,model on data from one climate model and then use the trained model to emulate 𝛿18O in other climate model simulations. 3.1. Spatiotemporal Overview of Emulatio
2301.13462v1,2301.13462v1:26883-29149,Towards Learned Emulation of Interannual Water Iso,0.82,2266,"Thus, performance is worse over landmasses, especially in the low and mid-latitudes. Next, we visualize emulation and climate model output for individual time s"
2301.13462v1,2301.13462v1:29150-31127,Towards Learned Emulation of Interannual Water Iso,0.717,1977,"interesting year: 1816 CE, the “year without a summer” (Luterbacher and Pfister, 2015), which is caused by a volcanic eruption included in the volcanic forcing "
2301.13462v1,2301.13462v1:31128-33243,Towards Learned Emulation of Interannual Water Iso,0.783,2115,± 0.006 Flat random forest baseline 0.212 0.256 Flat linear regression baseline 0.251 0.274 Flat PCA regression baseline 0.303 0.332 Icosahedral UNet 0.126 ± 0.
2301.13462v1,2301.13462v1:33244-35343,Towards Learned Emulation of Interannual Water Iso,0.715,2099,"b) whether we can further improve the performance of our ML method and c) whether emulation quality varies with timescale. First, we use the modified flat UNet "
2301.13462v1,2301.13462v1:35344-37464,Towards Learned Emulation of Interannual Water Iso,0.755,2120,can profit from taking the temporal context into account. We test this by including not only the temperature and precipitation of the current time step but also
2301.13462v1,2301.13462v1:37465-39563,Towards Learned Emulation of Interannual Water Iso,0.776,2098,"cross-prediction task: A UNet is trained on the iHadCM3 training data set. The performance is then evaluated on the test set of various climate models, shown 𝑅2"
2301.13462v1,2301.13462v1:39564-41923,Towards Learned Emulation of Interannual Water Iso,0.783,2359,"circulation. Thus, variables encoding information on atmospheric circulation such as sea-level pressure are promising 13 candidates which should be explored in "
2301.13462v1,2301.13462v1:41924-44077,Towards Learned Emulation of Interannual Water Iso,0.735,2153,"Figure 2C). Thus, the strength of the spherical network architecture, namely its equivariance to rotations, possibly does not offer a strong benefit. Additional"
2301.13462v1,2301.13462v1:44078-46296,Towards Learned Emulation of Interannual Water Iso,0.796,2218,"Southern Hemisphere mid-latitudes, the UNet has to predict 𝛿18O based on spatial similarity structures (teleconnections). The poor performance in the Southern H"
2301.13462v1,2301.13462v1:46297-48362,Towards Learned Emulation of Interannual Water Iso,0.715,2065,of comparing to a certain natural climate archive. Examples are the polar regions for comparisons to ice core data or the mid-latitudes for speleothem records. 
2301.13462v1,2301.13462v1:48363-50580,Towards Learned Emulation of Interannual Water Iso,0.751,2217,"2017; Baker et al., 2019) such that there is likely no optimal way for computing yearly values. Including archive-specific processes could either be a second st"
2301.13462v1,2301.13462v1:50581-52818,Towards Learned Emulation of Interannual Water Iso,0.797,2237,"the correlation structure in iHadCM3 and in regions with low correlations between 𝛿18O and the predictor variables in iHadCM3. In the latter case, the UNet arch"
2301.13462v1,2301.13462v1:52819-53751,Towards Learned Emulation of Interannual Water Iso,0.615,932,in this study can be freely downloaded here: https://doi.org/10.5281/zenodo. 7516327. Code to reproduce our experiments is publicly available at https://github.
2304.09070v1,2304.09070v1:0-2192,M-ENIAC: A machine learning recreation of the firs,0.766,2192,"M-ENIAC: A machine learning recreation of the first successful numerical weather forecasts R¨udiger Brecht† and Alex Bihlo‡ †Department of Mathematics, Universi"
2304.09070v1,2304.09070v1:2193-4478,M-ENIAC: A machine learning recreation of the firs,0.779,2285,"that eventually lead to the quiet revolution of numerical weather prediction [2]. The ENIAC forecasts were recreated in the paper [21], and later carried out on"
2304.09070v1,2304.09070v1:4479-6852,M-ENIAC: A machine learning recreation of the firs,0.818,2373,"on the sphere [7]. Importantly, to the best of our knowledge, this method has not yet been used for weather forecasting using real weather data. As such, given "
2304.09070v1,2304.09070v1:6853-9098,M-ENIAC: A machine learning recreation of the firs,0.773,2245,"using traditional numerical methods, in particular finite difference, finite element or pseudospectral discretization methods [11]. With the emergence of modern"
2304.09070v1,2304.09070v1:9099-11401,M-ENIAC: A machine learning recreation of the firs,0.791,2302,"study on various variations of physics-informed neural networks and their associated error levels. Succinctly speaking, it is often challenging to show that phy"
2304.09070v1,2304.09070v1:11402-13295,M-ENIAC: A machine learning recreation of the firs,0.682,1893,equation for the geopotential height of the atmosphere. It is derived from the two-dimensional Euler equations under the assumption of non-divergence of the vel
2304.09070v1,2304.09070v1:13296-15278,M-ENIAC: A machine learning recreation of the firs,0.709,1982,"the so-called geopotential (height field), instead of the stream function, and the goal was to compare the forecast of z after 24 hours to the observed geopoten"
2304.09070v1,2304.09070v1:15279-16840,M-ENIAC: A machine learning recreation of the firs,0.559,1561,by substituting the vorticity ζ in Eq. (1) into the first equation and converting it into a third-order partial differential equation for the streamfunction ψ. 
2304.09070v1,2304.09070v1:16841-18603,M-ENIAC: A machine learning recreation of the firs,0.644,1762,equation is being solved. The physics-informed loss function adjusts the weights θ of the neural network in such a manner that both the differential equation an
2304.09070v1,2304.09070v1:18604-20777,M-ENIAC: A machine learning recreation of the firs,0.711,2173,global spatio-temporal domain. While a direct comparison between the classical numerical method used in [10] and neural network based methods is of course chall
2304.09070v1,2304.09070v1:20778-22716,M-ENIAC: A machine learning recreation of the firs,0.702,1938,upon publication of this paper1. 4 Numerical results We present here the numerical results of our machine learning recreation of the ENIAC forecasts. The evalua
2304.09070v1,2304.09070v1:22717-24909,M-ENIAC: A machine learning recreation of the firs,0.763,2192,MENIAC ENIAC Pers MENIAC ENIAC Pers 1 -15 56 -9 66 113 95 47 61 62 2 -8 31 6 85 99 115 48 46 63 3 12 -35 20 78 93 89 44 46 58 4 -4 39 1 68 82 81 41 39 50 Table 
2304.09070v1,2304.09070v1:24910-27151,M-ENIAC: A machine learning recreation of the firs,0.799,2241,"greatly simplifies solving differential equations on manifolds, and in particular on the sphere. This was a major complication for the original ENIAC integratio"
2304.12630v2,2304.12630v2:0-2184,Spatiotemporal Graph Convolutional Recurrent Neura,0.787,2184,Spatiotemporal Graph Convolutional Recurrent Neural Network Model for Citywide Air Pollution Forecasting Tien-Cuong Bui School of Electrical and Computer Engine
2304.12630v2,2304.12630v2:2185-4521,Spatiotemporal Graph Convolutional Recurrent Neura,0.845,2336,"Therefore, we need a spatiotemporal architecture to model air pollution features efficiently and effectively. Our previous paper in [1] illustrated that many sp"
2304.12630v2,2304.12630v2:4522-6790,Spatiotemporal Graph Convolutional Recurrent Neura,0.824,2268,"factors, we propose a Spatiotemporal Graph Convolutional Recurrent Neural Network (Spatiotemporal GCRNN) model. Our model uses a GCN structure to encode the spa"
2304.12630v2,2304.12630v2:6791-9089,Spatiotemporal Graph Convolutional Recurrent Neura,0.814,2298,"related problems. The rest of the paper is structured as follows: First, we review relating literature in the related work section. The following are detailed d"
2304.12630v2,2304.12630v2:9090-11339,Spatiotemporal Graph Convolutional Recurrent Neura,0.822,2249,to handle longer training sequence and create more accurate prediction for long-term foreseeing. Many recent papers have leveraged and proved the advantages of 
2304.12630v2,2304.12630v2:11340-13210,Spatiotemporal Graph Convolutional Recurrent Neura,0.632,1870,model for spatiotemporal PM2.5 forecasting in 72 hours ahead. A newer paper [14] defined a knowledge enhanced graph neural network model for PM2.5 forecasting. 
2304.12630v2,2304.12630v2:13211-15377,Spatiotemporal Graph Convolutional Recurrent Neura,0.74,2166,"eigenvalues (˜Λ represents the diagonal matrix of scaled Laplacian eigenvalues, ˜Λ = 2Λ/λmax −In, λmax is the largest eigenvalue of L). k is the smallest order "
2304.12630v2,2304.12630v2:15378-17270,Spatiotemporal Graph Convolutional Recurrent Neura,0.666,1892,"number of future prediction graph signals. X ∈RN×F is an input graph signal, ˜X ∈RN×1 is an output signal, h(.) is the learned function given the graph G. air p"
2304.12630v2,2304.12630v2:17271-18993,Spatiotemporal Graph Convolutional Recurrent Neura,0.594,1722,"θkLkX:,f = = k=0 k=0 with the kernel gθ as in equation 2, θ are the learnable parameters, f ∈{1, ..., F}. ⋆G denotes the convolution over a graph G. T0(x) = 1, "
2304.12630v2,2304.12630v2:18994-20926,Spatiotemporal Graph Convolutional Recurrent Neura,0.684,1932,GCN layer and do experiments to compare their influences to the prediction results. 3.4. Modeling Temporal Features The previous paper [1] proved the power of a
2304.12630v2,2304.12630v2:20927-22921,Spatiotemporal Graph Convolutional Recurrent Neura,0.728,1994,"6). Θr, Θu, ΘC are parameters for the corresponding filters. ⊙denotes the Hadarmad product or element-wise matrixmatrix multiplication. σ and tanh are the activ"
2304.12630v2,2304.12630v2:22922-25034,Spatiotemporal Graph Convolutional Recurrent Neura,0.749,2112,"(8) ⊕is a vector concatenation operator. Therefore, the total number of features for the input graph signals is F = Fa + Fm + Ft + Fs + Fo. All graph convolutio"
2304.12630v2,2304.12630v2:25035-27268,Spatiotemporal Graph Convolutional Recurrent Neura,0.775,2233,"in the total number of all data points. Nevertheless, to keep a fair comparison with previous methods, we still do experiments with the existing Seoul dataset a"
2304.12630v2,2304.12630v2:27269-29403,Spatiotemporal Graph Convolutional Recurrent Neura,0.767,2134,"viewpoints on the testing performance. The first metric is a common regression metric such as Root Mean Squared Error (RMSE). Also, we utilized a correlation co"
2304.12630v2,2304.12630v2:29404-31495,Spatiotemporal Graph Convolutional Recurrent Neura,0.838,2091,from 1 hour to 12 hours (smaller is better). The Spatiotemporal GCRNN model produces slightly better performance in RMSE values compare to the ConvLSTM model wi
2304.12630v2,2304.12630v2:31496-33461,Spatiotemporal Graph Convolutional Recurrent Neura,0.745,1965,"by ConvLSTM and Spatiotemporal GCRNN (ST-GCRNN) models on PM2.5 with 2 metrics, spRMSE and RMSE (smaller is better). Air pollution only With ST impact factors M"
2304.12630v2,2304.12630v2:33462-35338,Spatiotemporal Graph Convolutional Recurrent Neura,0.682,1876,PM2.5 and PM10 air pollutants. Table 3 demonstrates the results on the same test set of the Hybrid model and Spatiotemporal GCRNN with PM2.5 and PM10 air pollut
2304.12630v2,2304.12630v2:35339-37546,Spatiotemporal Graph Convolutional Recurrent Neura,0.743,2207,"are computed based on the [0-1] normalized data of PM2.5 and PM10 readings. From the table, the PM2.5 air pollutant data has a higher standard deviation than th"
2304.12630v2,2304.12630v2:37547-39677,Spatiotemporal Graph Convolutional Recurrent Neura,0.727,2130,control the sparsity of W. All weights less than ϵ will be set to zero. A weighted edge equals to zero also means there is no relationship between two nodes of 
2304.12630v2,2304.12630v2:39678-41146,Spatiotemporal Graph Convolutional Recurrent Neura,0.778,1468,will become a valuable data source for researchers in air pollution as well as spatiotemporal based research. We will public the new dataset along with this pap
2304.12865v1,2304.12865v1:0-2106,Constraining Chaos: Enforcing dynamical invariants,0.744,2106,CONSTRAINING CHAOS: ENFORCING DYNAMICAL INVARIANTS IN THE TRAINING OF RECURRENT NEURAL NETWORKS A PREPRINT Jason A. Platt ∗ Stephen G. Penny † Timothy A. Smith 
2304.12865v1,2304.12865v1:2107-4337,Constraining Chaos: Enforcing dynamical invariants,0.73,2230,the accuracy of the resulting models. An ML model trained without knowledge of invariants may fail to generalize and can produce solutions that violate fundamen
2304.12865v1,2304.12865v1:4338-6494,Constraining Chaos: Enforcing dynamical invariants,0.754,2156,give a recurrent neural network (RNN) [24] example applied to the Lorenz 1996 system [25] and quasi-geostrophic dynamics [26] where we add soft constraints into
2304.12865v1,2304.12865v1:6495-8391,Constraining Chaos: Enforcing dynamical invariants,0.603,1896,hypersurface that contains the available subspace for a chaotic dynamical system—see Fig.(1). Deterministic chaotic systems are of importance to a vast array of
2304.12865v1,2304.12865v1:8392-10262,Constraining Chaos: Enforcing dynamical invariants,0.62,1870,dimension and LEs as invariants that must be enforced when training a neural network. We use an RNN based on the reservoir computer (RC) architecture [37–39]. W
2304.12865v1,2304.12865v1:10263-12470,Constraining Chaos: Enforcing dynamical invariants,0.719,2207,"the elements of Win are chosen between [−σ, σ]. α is the leak rate and is related to the time constant of the RC [39]. σb is an input bias governing the fixed p"
2304.12865v1,2304.12865v1:12471-14672,Constraining Chaos: Enforcing dynamical invariants,0.685,2201,"a measurement for the predictive skill. The RC returns fantastic prediction times for this low resolution model. The size of the RC is N=1500 and 100,000 traini"
2304.12865v1,2304.12865v1:14673-16530,Constraining Chaos: Enforcing dynamical invariants,0.559,1857,"from time series data [29, 51, 52] and the fractal dimension can be calculated using various techniques [29, 53]. A calculation of the full LE spectrum is more "
2304.12865v1,2304.12865v1:16531-18277,Constraining Chaos: Enforcing dynamical invariants,0.644,1746,"exponents of the 10D Lorenz 1996 system with F=8. There are three positive LEs, a single zero exponent, and the rest negative. Training Data 𝑢(𝑡) Validation Dat"
2304.12865v1,2304.12865v1:18278-20431,Constraining Chaos: Enforcing dynamical invariants,0.747,2153,are provided the RC has no global information and the prediction time is poor. Giving the largest LE is sufficient for generalizable predictions and this quanti
2304.12865v1,2304.12865v1:20432-21937,Constraining Chaos: Enforcing dynamical invariants,0.473,1505,"governed by the conservation of potential temperature and absolute potential vorticity, while the horizontal velocity is quasi-geostrophic and the pressure quas"
2304.12865v1,2304.12865v1:21938-24084,Constraining Chaos: Enforcing dynamical invariants,0.698,2146,"the friction between the layers, kd the friction between the atmosphere and the ground, h/Ha the ratio of ground height to the characteristic depth of the atmos"
2304.12865v1,2304.12865v1:24085-26378,Constraining Chaos: Enforcing dynamical invariants,0.738,2293,"systems. Thus, we instead considered dynamical invariants based on the invariant measure. We provided a concrete example using quantities derived from the invar"
2304.12865v1,2304.12865v1:26379-27902,Constraining Chaos: Enforcing dynamical invariants,0.729,1523,operation of data assimilation algorithms [3]. Platt et al. [48] demonstrated the importance of reconstructing the LE spectrum for producing a skillful determin
2304.14131v2,2304.14131v2:0-2302,TempEE: Temporal-Spatial Parallel Transformer for ,0.842,2302,"TempEE: Temporal-Spatial Parallel Transformer for Radar Echo Extrapolation Beyond Auto-Regression Shengchao Chen∗a,b, Ting Shu†a, Huan Zhaoc, Guo Zhongd, and Xu"
2304.14131v2,2304.14131v2:2303-4618,TempEE: Temporal-Spatial Parallel Transformer for ,0.844,2315,the non-stationary motion process for echo extrapolation. The superiority of our TempEE has been demonstrated in the context of the classic radar echo extrapola
2304.14131v2,2304.14131v2:4619-6999,TempEE: Temporal-Spatial Parallel Transformer for ,0.814,2380,"into two types: those based on Convolutional Neural Networks (CNN) [13, 22–25] and those based on Recurrent Neural Networks (RNN) [14, 18–21, 26–29]. The former"
2304.14131v2,2304.14131v2:7000-9379,TempEE: Temporal-Spatial Parallel Transformer for ,0.825,2379,while the SE deals with the spatial representation of echo distributions. • We introduce a Temporal-Spatial Decoder (TSD) based on reverse random sampling to en
2304.14131v2,2304.14131v2:9380-11559,TempEE: Temporal-Spatial Parallel Transformer for ,0.75,2179,"they estimate the motion of echoes based on only a few observations, which makes it difficult to establish the temporal correlation among them [30, 31]. Optical"
2304.14131v2,2304.14131v2:11560-13842,TempEE: Temporal-Spatial Parallel Transformer for ,0.77,2282,adjacent regions. Wang et al. [20] proposed a non-stationary learning unit to improve the learning and perception of long-term echo variations. Sønderby et al. 
2304.14131v2,2304.14131v2:13843-16268,TempEE: Temporal-Spatial Parallel Transformer for ,0.798,2425,"while ensuring computational efficiency. 3 Temporal-Spatial Parallel Transformer The proposed Temporal-Spatial Parallel Transformer, known as TempEE, is depicte"
2304.14131v2,2304.14131v2:16269-18294,TempEE: Temporal-Spatial Parallel Transformer for ,0.719,2025,"modules, Temporal Multi-Level Multi-Head Self-attention (Temporal MHSA), and Temporal-Spatial Rectification. (TTE) ...... (STE) Duplication C Concatenation 3.1 "
2304.14131v2,2304.14131v2:18295-20332,TempEE: Temporal-Spatial Parallel Transformer for ,0.716,2037,"via Softmax: √ Att = Softmax(QKT / d), (2) √ where the d is an approximate normalization constant. The output is then computed by taking the matrix product of A"
2304.14131v2,2304.14131v2:20333-22657,TempEE: Temporal-Spatial Parallel Transformer for ,0.776,2324,where t denotes time steps. 3.2 Spatial Encoder (SE) The Spatial Encoder (SE) is designed to work in parallel with the Temporal Transformer Encoder (TE) to crea
2304.14131v2,2304.14131v2:22658-24669,TempEE: Temporal-Spatial Parallel Transformer for ,0.76,2011,"frame as Zn+k, and the rest of the frames follow the sampling method as input to the TSD. This approach enables the model to be trained with auxiliary informati"
2304.14131v2,2304.14131v2:24670-26265,TempEE: Temporal-Spatial Parallel Transformer for ,0.512,1595,"Then, the local attention of this level can be generated by Att1 = Softmax(Q1K1 The input attention map Att1 is first reshaped to match the shape of the input i"
2304.14131v2,2304.14131v2:26266-27717,TempEE: Temporal-Spatial Parallel Transformer for ,0.463,1451,"can be obtained from the reshaped Att′ 1: 1 ∈Rc×( h g′ × w g′ ). (11) At this level, Att′ 1 computes the query, key, and value, which are denoted as Q2, K2, and"
2304.14131v2,2304.14131v2:27718-29536,TempEE: Temporal-Spatial Parallel Transformer for ,0.691,1818,"∗3602 ∗(23 + 4 ∗3) + 2 ∗3 ∗3602 Pg′=2 22 ∗(3 + 3602) (18) = 25, 202, 599, 200, This means that our MSTA pays only a quarter of the computational cost of the con"
2304.14131v2,2304.14131v2:29537-31878,TempEE: Temporal-Spatial Parallel Transformer for ,0.808,2341,"which serves as the training and validation dataset, following a ratio of 9:1 for proper training. The second set consists of radar echo images solely from the "
2304.14131v2,2304.14131v2:31879-34133,TempEE: Temporal-Spatial Parallel Transformer for ,0.792,2254,"optimizer along with the WarmUp mechanism to avoid setting an excessively high initial learning rate, which could result in unstable training. The WarmUp mechan"
2304.14131v2,2304.14131v2:34134-36214,TempEE: Temporal-Spatial Parallel Transformer for ,0.766,2080,"expressed in decibels (dB), and a larger value indicates better image quality. The Structural Similarity Index (SSIM) measures the similarity between two images"
2304.14131v2,2304.14131v2:36215-38141,TempEE: Temporal-Spatial Parallel Transformer for ,0.61,1926,= 1 4.4 Performance Evaluation Metric Q X m X L = 1 Q · mn i=0 T =0 PNSR = 10 log10 where MAXI is 255 in our experiments. where µx and µy are the means of x and
2304.14131v2,2304.14131v2:38142-40138,TempEE: Temporal-Spatial Parallel Transformer for ,0.717,1996,"metrics on temporal-spatial image generation, and ↑and ↓represent the higher/lower the metric, the better/poorer the performance, the Bold means the optimal. Mo"
2304.14131v2,2304.14131v2:40139-42079,TempEE: Temporal-Spatial Parallel Transformer for ,0.629,1940,"30 mm/h, and 40 mm/h in Fig.9, Fig.10, Fig.11, Fig.12, and Fig.13, respectively. Our analysis indicates that: (1) TempEE outperforms baseline models across diff"
2304.14131v2,2304.14131v2:42080-43509,TempEE: Temporal-Spatial Parallel Transformer for ,0.309,1429,0.061 0.240 CMS 0.524 0.466 0.282 0.084 0.051 0.271 0.411 0.391 0.272 0.119 0.049 0.248 MIM 0.521 0.45 0.276 0.086 0.054 0.277 0.419 0.400 0.246 0.077 0.069 0.2
2304.14131v2,2304.14131v2:43510-45901,TempEE: Temporal-Spatial Parallel Transformer for ,0.848,2391,metrics when τ = 20. Qualitative Performance Evaluation of Perception Forecasting The quality of radar echo images is vital for precipitation forecasters to obt
2304.14131v2,2304.14131v2:45902-48314,TempEE: Temporal-Spatial Parallel Transformer for ,0.842,2412,"points below. Overall, the TempEE model performs better than the Baseline model in terms of capturing the finer details of the radar echo distribution and the r"
2304.14131v2,2304.14131v2:48315-50283,TempEE: Temporal-Spatial Parallel Transformer for ,0.69,1968,"robust over time, ensuring reliable analysis of long-term data. Collectively, these features make TempEE a valuable tool for studying echo characteristics in va"
2304.14131v2,2304.14131v2:50284-52206,TempEE: Temporal-Spatial Parallel Transformer for ,0.666,1922,1.687 w w/o w w/o 30.10 0.767 46.65 1.556 w w w/o w 28.70 0.758 61.23 1.785 TempEE The ablation experiment assessed the performance metrics of TempEE based on i
2304.14131v2,2304.14131v2:52207-54203,TempEE: Temporal-Spatial Parallel Transformer for ,0.684,1996,which depicts the dense and non-stationary process of echo motion with varying degrees of echo generation and extinction. The numerical comparison about perform
2304.14131v2,2304.14131v2:54204-56557,TempEE: Temporal-Spatial Parallel Transformer for ,0.776,2353,"novel radar echo extrapolation model named TempEE, providing reliable and precise analytical support for precipitation forecasting by extrapolating radar echoes"
2304.14131v2,2304.14131v2:56558-57461,TempEE: Temporal-Spatial Parallel Transformer for ,0.104,903,Average τ = 5 τ = 10 τ = 20 τ = 30 τ = 40 Average TempEE 0.861 0.849 0.719 0.588 0.54 0.711 0.822 0.746 0.699 0.579 0.534 0.676 w/o TE w SE w MSTA w/o MHSA 0.79
2306.12873v3,2306.12873v3:0-1944,FuXi: A cascade machine learning forecasting syste,0.706,1944,"arXiv:2306.12873v3 [physics.ao-ph] 20 Oct 2023 FuXi: A cascade machine learning forecasting system for 15-day global weather forecast Lei Chen1†, Xiaohui Zhong1"
2306.12873v3,2306.12873v3:1945-4307,FuXi: A cascade machine learning forecasting syste,0.778,2362,spatial resolution of 0.25°. FuXi is developed using 39 years of the ECMWF ERA5 reanalysis dataset. The performance evaluation demonstrates that FuXi has foreca
2306.12873v3,2306.12873v3:4308-6453,FuXi: A cascade machine learning forecasting syste,0.711,2145,"capacity. Prior to the upgrade, the EPS ran at a lower spatial resolution of 18 km and had fewer vertical levels of 91, due to the substantial computational dem"
2306.12873v3,2306.12873v3:6454-8574,FuXi: A cascade machine learning forecasting syste,0.721,2120,"As a remarkable breakthrough, the FourCastNet model [12] is the first of its kind to provide high-resolution global weather forecasts of 0.25◦for a time period "
2306.12873v3,2306.12873v3:8575-10857,FuXi: A cascade machine learning forecasting syste,0.77,2282,"to be trained for each lead time. The FourCastNet [12] model underwent two training phases: pre-training, in which the model is optimized to map one time step t"
2306.12873v3,2306.12873v3:10858-13047,FuXi: A cascade machine learning forecasting syste,0.749,2189,"weather forecasts for 15 days that have performance comparable to ECMWF EM. However, since a single model has been shown to be incapable of achieving optimal fo"
2306.12873v3,2306.12873v3:13048-15188,FuXi: A cascade machine learning forecasting syste,0.635,2140,"We propose a novel cascade ML model architecture for weather forecasting, which aims to reduce accumulation errors. • FuXi achieves comparable performance to EC"
2306.12873v3,2306.12873v3:15189-17288,FuXi: A cascade machine learning forecasting syste,0.683,2099,"MSL They represent geopotential, relative humidity, temperature, u component of wind, v component of wind, 6-hourly total precipitation, and mean sea-level pres"
2306.12873v3,2306.12873v3:17289-19500,FuXi: A cascade machine learning forecasting syste,0.763,2211,"This loss is similar to the cost function applied in the four-dimensional variational data assimilation (4D-Var) method, which aims to identify the initial weat"
2306.12873v3,2306.12873v3:19501-21696,FuXi: A cascade machine learning forecasting syste,0.729,2195,"dimension reduction to C×180×360 through joint space-time cube embedding, where C is the number of channels, and is set to be 1536). The primary purpose of cube"
2306.12873v3,2306.12873v3:21697-23942,FuXi: A cascade machine learning forecasting syste,0.733,2245,was proposed as a solution [24] to improve computational efficiency by limiting computation of self-attention only within the non-overlapping local windows. Bes
2306.12873v3,2306.12873v3:23943-26106,FuXi: A cascade machine learning forecasting syste,0.709,2163,"known as Up Block in Figure 1, has the same residual block as used in the Down Block, along with a 2D transposed convolution [31] with a kernel of 2 and a strid"
2306.12873v3,2306.12873v3:26107-28059,FuXi: A cascade machine learning forecasting syste,0.686,1952,"precision, and gradient check-pointing [37] are applied to reduce memory costs during model training. 3.3.2 Fine-tuning cascaded models After pre-training, the "
2306.12873v3,2306.12873v3:28060-29840,FuXi: A cascade machine learning forecasting syste,0.571,1780,"an inherently uncertain due to the chaotic nature of the weather system [38]. To address this uncertainty, ensemble forecasting is necessary, particularly for l"
2306.12873v3,2306.12873v3:29841-31707,FuXi: A cascade machine learning forecasting syste,0.635,1866,")2 12 FuXi: 15-day global weather forecasts baseline B calculated as (RMSEA −RMSEB)/RMSEB, and the normalized ACC difference represented by (ACCA −ACCB)/(1 −ACC"
2306.12873v3,2306.12873v3:31708-33713,FuXi: A cascade machine learning forecasting syste,0.755,2005,"performance, the study uses the 2018 data and selects two daily initialization times (00:00 UTC and 12:00 UTC) to produce 6-hourly forecasts for 15 days. 4.1 De"
2306.12873v3,2306.12873v3:33714-35829,FuXi: A cascade machine learning forecasting syste,0.749,2115,"series of the globally-averaged latitude-weighted ACC and RMSE of ECMWF EM, FuXi, and FuXi EM, as well as the corresponding normalized differences in ACC and RM"
2306.12873v3,2306.12873v3:35830-37949,FuXi: A cascade machine learning forecasting syste,0.804,2119,"using testing data from 2018. FuXi and FuXi EM is evaluated against the ERA5 reanalysis dataset, and ECMWF ensemble is evaluated against ENS-fc0. Figure 4 illus"
2306.12873v3,2306.12873v3:37950-40119,FuXi: A cascade machine learning forecasting syste,0.81,2169,"metrics between the FuXi ensemble and the ECMWF ensemble. Figure 5 illustrates the time series of the CRPS, globally-averaged latitude-weighted Spread and SSR f"
2306.12873v3,2306.12873v3:40120-42423,FuXi: A cascade machine learning forecasting syste,0.777,2303,"weather prediction models in weather forecasting due to the difficulty in reducing accumulation error. Recently, ML-based weather forecasting systems have witne"
2306.12873v3,2306.12873v3:42424-44536,FuXi: A cascade machine learning forecasting syste,0.761,2112,"forecasting remains a challenge and is considered as a ”predictability desert” [48]. Unlike medium-range weather forecasting, which can utilize deterministic me"
2306.12873v3,2306.12873v3:44537-46730,FuXi: A cascade machine learning forecasting syste,0.803,2193,"[50]. The aforementioned Google Drive folder contains the FuXi model, code, and sample input data, which can be accessed by individuals with the provided link. "
2306.12873v3,2306.12873v3:46731-47630,FuXi: A cascade machine learning forecasting syste,0.654,899,"Skillful forecast lead time comparison Figure B.2 compares the skillful forecast lead time of ECMWF HRES, Graphcast, and FuXi for 4 surface variables: MSL, T2M,"
2308.04460v1,2308.04460v1:0-2126,The Compatibility between the Pangu Weather Foreca,0.755,2126,"The Compatibility between the Pangu Weather Forecasting Model and Meteorological Operational Data Wencong Cheng1, Yan Yan1, Jiangjiang Xia2, Qi Liu2, Chang Qu2,"
2308.04460v1,2308.04460v1:2127-4480,The Compatibility between the Pangu Weather Foreca,0.792,2353,"et al., 2023a), and Fudan University's ""FuXi"" model (Chen et al., 2023b). The forecast results of these models, according to their claims in the papers, have re"
2308.04460v1,2308.04460v1:4481-6834,The Compatibility between the Pangu Weather Foreca,0.817,2353,"resources and data assimilation conditions, there are limited institutions capable of producing global NWP products by assimilating global data. Many institutio"
2308.04460v1,2308.04460v1:6835-8994,The Compatibility between the Pangu Weather Foreca,0.763,2159,"other under the same dataset and evaluation criteria, promoting the development of MWMs. Additionally, their work, along with Weyn et al. (2020), also presented"
2308.04460v1,2308.04460v1:8995-11247,The Compatibility between the Pangu Weather Foreca,0.78,2252,operational analyses of different NWP systems as inputs for the MWMs to assess if the outputs can still be comparable or surpass the performance of correspondin
2308.04460v1,2308.04460v1:11248-13373,The Compatibility between the Pangu Weather Foreca,0.701,2125,of the United States. It utilizes the FV3 (Finite Volume Cubed 3) model with a horizontal resolution of approximately 13 km (0.125° latitude/longitude) and cons
2308.04460v1,2308.04460v1:13374-15429,The Compatibility between the Pangu Weather Foreca,0.734,2055,"Latitudeweighted Root Mean Square Error (RMSE, lower is better) and latitude-weighted Anomaly Correlation Coefficient (ACC, higher is better, Jolliffe and Steph"
2308.04460v1,2308.04460v1:15430-17577,The Compatibility between the Pangu Weather Foreca,0.839,2147,data for the forecast time (00h UTC on June 9). The second column and third column indicate the forecasts for the 72 hour lead time (00h UTC on June 9) using th
2308.04460v1,2308.04460v1:17578-19721,The Compatibility between the Pangu Weather Foreca,0.76,2143,"whether the operational analyses of different NWP systems can be applicable to the large MWMs and achieve forecasting performance comparable to, or even surpass"
2308.04460v1,2308.04460v1:19722-22013,The Compatibility between the Pangu Weather Foreca,0.844,2291,"11 to 19, the first column depicts the comparison between the ECMWF-IFS and NOAA-GFS for the East Asia region. Results show that the forecasts from ECMWF-IFS ou"
2308.04460v1,2308.04460v1:22014-24243,The Compatibility between the Pangu Weather Foreca,0.769,2229,"12. Same as Figure 11, but for T2. Figure 13. Same as Figure 11, but for U10. Figure 14. Same as Figure 11, but for V10. Figure 15. Same as Figure 11, but for Q"
2308.04460v1,2308.04460v1:24244-25961,The Compatibility between the Pangu Weather Foreca,0.682,1717,"longer periods. Additionally, as other data-driven weather forecast models do not currently share the inference interfaces, we will further follow up on testing"
2308.04460v1,2308.04460v1:25962-26343,The Compatibility between the Pangu Weather Foreca,0.548,381,"2023. Figure A3.2 Same as Figure A3.1, but for T2. Figure A3.3 Same as Figure A3.1, but for U10. Figure A3.4 Same as Figure A3.1, but for V10. Figure A3.5 Same "
2308.15560v2,2308.15560v2:0-2120,WeatherBench 2: A benchmark for the next generatio,0.715,2120,"WeatherBench 2: A benchmark for the next generation of data-driven global weather models Stephan Rasp1,*, Stephan Hoyer1, Alexander Merose1, Ian Langmore1, Pete"
2308.15560v2,2308.15560v2:2121-4402,WeatherBench 2: A benchmark for the next generatio,0.759,2281,they serve researchers as tools to better understand the atmosphere. Current NWP models are based on discretizations of the governing equations describing fluid
2308.15560v2,2308.15560v2:4403-6453,WeatherBench 2: A benchmark for the next generatio,0.646,2050,"(Rasp et al., 2020, from here on called WB1), a benchmark for global, medium-range weather prediction. The goal of WB1 was to provide a common, reproducible fra"
2308.15560v2,2308.15560v2:6454-8647,WeatherBench 2: A benchmark for the next generatio,0.735,2193,"different variation of vision transformers at equally high-resolution, obtained deterministic metrics that outperform HRES. Shortly after, GraphCast (Lam et al."
2308.15560v2,2308.15560v2:8648-11063,WeatherBench 2: A benchmark for the next generatio,0.722,2415,"serve as concise summaries but are only the tip of the iceberg. In addition to quantitative scores, feedback is also be collected from in-house experts and end "
2308.15560v2,2308.15560v2:11064-13401,WeatherBench 2: A benchmark for the next generatio,0.778,2337,over operational initial conditions (more details in Section 6.2). Another priority of WB2 is to emphasize the importance of probabilistic prediction. Weather f
2308.15560v2,2308.15560v2:13402-15425,WeatherBench 2: A benchmark for the next generatio,0.631,2023,"detailed evaluation in the future, driven either by us or community contributors. 3 Data, baselines and data-driven models Most of the datasets below are availa"
2308.15560v2,2308.15560v2:15426-17331,WeatherBench 2: A benchmark for the next generatio,0.672,1905,(19792019) 4 weeks; 32 TPU v4 ∼1 minute; single TPU FuXi Forecast ERA5 0.25◦ 13 ERA5 (19792017) ∼8 days; 8 A100 GPUs SphericalCNN Forecast ERA5 1.4x0.7◦ 7 ERA5 
2308.15560v2,2308.15560v2:17332-19468,WeatherBench 2: A benchmark for the next generatio,0.734,2136,"For WB2, we chose to evaluate forecasts initialized at 00/12UTC. The main reasons for this are that some key baselines (IFS ENS and the ERA5 forecasts) were onl"
2308.15560v2,2308.15560v2:19469-21717,WeatherBench 2: A benchmark for the next generatio,0.732,2248,"an ensemble member, this time without smoothing. Note that a 30 year climatology will include some climate drift, especially for temperature. Here, we do not ap"
2308.15560v2,2308.15560v2:21718-23911,WeatherBench 2: A benchmark for the next generatio,0.765,2193,during the early lead times and becomes smaller at longer lead times. See Fig. S2 for a comparison. Note that for some 6 variables like 2m temperature differenc
2308.15560v2,2308.15560v2:23912-25967,WeatherBench 2: A benchmark for the next generatio,0.651,2055,"are initialized at 00 and 12 UTC and run out to 15 days. 3.4.1 IFS ENS Mean We also include the IFS ENS mean as a baseline, which we computed by simply averagin"
2308.15560v2,2308.15560v2:25968-27962,WeatherBench 2: A benchmark for the next generatio,0.676,1994,then a 1h forecast. The maximum lead time for the data used here is 7 days. Inference code for Pangu-Weather can be found at https://github.com/198808xc/Pangu-W
2308.15560v2,2308.15560v2:27963-30141,WeatherBench 2: A benchmark for the next generatio,0.694,2178,"(NeuralGCM) (Kochkov et al., 2023) combine a differential dynamical core with learned physics. NeuralGCM has been trained in a high-resolution deterministic 8 S"
2308.15560v2,2308.15560v2:30142-32592,WeatherBench 2: A benchmark for the next generatio,0.789,2450,We compared this to evaluating only forecast lead times that are valid in 2020 but the difference in the scores was negligible. The evaluation time step can be 
2308.15560v2,2308.15560v2:32593-34351,WeatherBench 2: A benchmark for the next generatio,0.585,1758,at the poles have a much smaller area compared to grid cells at the equator. Weighing all cells equally would result in an inordinate bias towards the polar reg
2308.15560v2,2308.15560v2:34352-36292,WeatherBench 2: A benchmark for the next generatio,0.635,1940,value falls below 0.6 it is considered that the positioning of synoptic scale features ceases to have value for forecasting purposes” (https://confluence.ecmwf.
2308.15560v2,2308.15560v2:36293-38172,WeatherBench 2: A benchmark for the next generatio,0.627,1879,"−ot,i,j) (6) J X w(i)Bias2 l,i,j (7) j for computing a smooth climatology described in Section 3.2. This differs from most other SEEPS computations which uses m"
2308.15560v2,2308.15560v2:38173-39758,WeatherBench 2: A benchmark for the next generatio,0.471,1585,"components. We also take advantage of M ≥2 predictions {f(1), . . . , f(M)}. Setting ∥f(m) −o∥t,l − 1 2M(M −1) This is the time average of unbiased (conditional"
2308.15560v2,2308.15560v2:39759-41567,WeatherBench 2: A benchmark for the next generatio,0.607,1808,7.7.2). We plan to include those in WB2 soon. 4.5 Energy Spectra Zonal spectral energy along lines of constant latitude is computed as a function of wavenumber 
2308.15560v2,2308.15560v2:41568-43742,WeatherBench 2: A benchmark for the next generatio,0.775,2174,Wind vector/speed WV/WS850 RMSE (WV) CRPS (WS) Surface variables 2m Temperature T2M RMSE CRPS 10m Wind speed WS10 RMSE CRPS Mean sea level pressure MSLP RMSE CR
2308.15560v2,2308.15560v2:43743-45883,WeatherBench 2: A benchmark for the next generatio,0.744,2140,"ENS (mean) roughly matches the IFS ENS (mean) scores on RMSE. It is also noticeable, especially in the plots relative to IFS HRES, that the scores for the datad"
2308.15560v2,2308.15560v2:45884-48154,WeatherBench 2: A benchmark for the next generatio,0.825,2270,yet) do not show this large initial error. The precipitation verification using the SEEPS score shows that IFS HRES is the most skillful model with the “blurrie
2308.15560v2,2308.15560v2:48155-50290,WeatherBench 2: A benchmark for the next generatio,0.745,2135,"below normal (Rodwell et al., 2013). Interestingly, some bust cases are shared between the physical and AI models (e.g. around March 19) while for others AI mod"
2308.15560v2,2308.15560v2:50291-52485,WeatherBench 2: A benchmark for the next generatio,0.757,2194,omitted. 22 Figure 9: Global RMSB for the headline variables for the year 2020. For Z500 and MSLP the climatological bias is comparatively large and is not show
2308.15560v2,2308.15560v2:52486-54640,WeatherBench 2: A benchmark for the next generatio,0.783,2154,"optimization windows. In other words, these models tend to optimize their blurring for those time ranges. The ensemble mean continues to become blurrier resulti"
2308.15560v2,2308.15560v2:54641-56974,WeatherBench 2: A benchmark for the next generatio,0.775,2333,skill in predicting the evolution and track of the hurricane up to 5 days in advance with the timing and location of landfall on August 8 almost perfectly forec
2308.15560v2,2308.15560v2:56975-59292,WeatherBench 2: A benchmark for the next generatio,0.761,2317,"second, station data comes in varying quality and requires careful quality control; and third, station data suffers from representativeness issues; that is, the"
2308.15560v2,2308.15560v2:59293-61653,WeatherBench 2: A benchmark for the next generatio,0.794,2360,"with time, this will lead models to “hedge their bets” by predicting the mean of the potential forecast distribution. In a non-linear, high-dimensional system s"
2308.15560v2,2308.15560v2:61654-63894,WeatherBench 2: A benchmark for the next generatio,0.717,2240,"more useful forecast. Weather forecasting is a very high-dimensional problem, which means that there won’t be a single metric to determine forecast quality. Rat"
2308.15560v2,2308.15560v2:63895-65271,WeatherBench 2: A benchmark for the next generatio,0.728,1376,a dynamic framework that will be updated with new metrics and models as this area of research evolves. Several possible extensions have already been discussed i
2310.16071v1,2310.16071v1:0-2392,Grid Frequency Forecasting in University Campuses ,0.837,2392,Grid Frequency Forecas0ng in University Campuses using Convolu0onal LSTM Aneesh Sathe1 • Wen-Ren Yang2 Abstract The modern power grid is facing increasing compl
2310.16071v1,2310.16071v1:2393-4836,Grid Frequency Forecasting in University Campuses ,0.861,2443,essentially measures how quickly alternating current (AC) electricity oscillates back and forth. This frequency is tightly regulated to ensure that it remains w
2310.16071v1,2310.16071v1:4837-7325,Grid Frequency Forecasting in University Campuses ,0.87,2488,"has significant implications for grid stability and cost savings. Importantly, the study extends the methodology's applicability, making it adaptable to various"
2310.16071v1,2310.16071v1:7326-9604,Grid Frequency Forecasting in University Campuses ,0.8,2278,"sophistication of the approach. Simulations demonstrate the ViT-based FSP's superiority, positioning it as a state-of-the-art solution for safeguarding power gr"
2310.16071v1,2310.16071v1:9605-12088,Grid Frequency Forecasting in University Campuses ,0.849,2483,"frequency, overcoming the challenge of non-uniform data collection. Subsequently, data normalization is applied, and feature engineering is performed to select "
2310.16071v1,2310.16071v1:12089-14078,Grid Frequency Forecasting in University Campuses ,0.603,1989,"the Input Gate (i!), and the Output Gate (O!). These gates play a central role in regulating information flow and memory management within the LSTM. Alongside t"
2310.16071v1,2310.16071v1:14079-16431,Grid Frequency Forecasting in University Campuses ,0.746,2352,appending zeros to the edges of the input sequence before the convolution operation. This practice preserves the spatial size of the feature map and helps allev
2310.16071v1,2310.16071v1:16433-18779,Grid Frequency Forecasting in University Campuses ,0.806,2346,"Initially, the raw data is resampled to achieve a consistent sampling interval of one minute. This resampling process ensures that each of the individual buildi"
2310.16071v1,2310.16071v1:18780-20996,Grid Frequency Forecasting in University Campuses ,0.715,2216,"features (including Ia, Ib, Ic, Va, Vb, Vc, PF, and Frequency) from previous timesteps [tn-1, tnTable 4 Model Specifications Model Architecture ConvLSTM A ConvL"
2310.16071v1,2310.16071v1:20997-23077,Grid Frequency Forecasting in University Campuses ,0.679,2080,during training. 6 Results The trained ConvLSTM Models are evaluated using Mean Square Error (MSE) Loss and Mean Absolute Error (MAE) Loss. The Train-Test Loss 
2310.16071v1,2310.16071v1:23078-24355,Grid Frequency Forecasting in University Campuses ,0.71,1277,to obtain predictions. A weighted-average (Table 5) of these predictions is taken and used as an Ensemble Prediction for the entire campus. Table 6 Model Evalua
2310.19822v1,2310.19822v1:0-2034,FuXi-Extreme: Improving extreme rainfall and wind ,0.737,2034,"arXiv:2310.19822v1 [cs.LG] 25 Oct 2023 FuXi-Extreme: Improving extreme rainfall and wind forecasts with diffusion model Xiaohui Zhong1†, Lei Chen1†, Jun Liu1, C"
2310.19822v1,2310.19822v1:2035-4280,FuXi-Extreme: Improving extreme rainfall and wind ,0.804,2245,"intensity of extreme weather events, including heavy rainfall and strong winds, which have significant negative impacts on human society [1, 2]. A comprehensive"
2310.19822v1,2310.19822v1:4281-6479,FuXi-Extreme: Improving extreme rainfall and wind ,0.726,2198,"as the lead time increases, resulting in the underestimation of extreme weather event intensity [11, 12]. Diffusion models [13–16] have recently attracted consi"
2310.19822v1,2310.19822v1:6480-8611,FuXi-Extreme: Improving extreme rainfall and wind ,0.749,2131,"is also used in evaluating forecast performances of ECMWF HRES, FuXi, and FuXi-Extreme. 2.2 Tropical cyclone dataset We conducted assessments of TC forecasts us"
2310.19822v1,2310.19822v1:8612-10667,FuXi-Extreme: Improving extreme rainfall and wind ,0.723,2055,"constructed with a downsampling block, 48 repeated Swin Transformer V2 [23] blocks, and an upsampling block, designed for processing the embedded data; and a fu"
2310.19822v1,2310.19822v1:10668-12362,FuXi-Extreme: Improving extreme rainfall and wind ,0.617,1694,"Instead, q(Xt−1|Xt) is approximated with a parameterized model, pθ. Since q(Xt−1|Xt) is Gaussian, pθ is also Guassian for sufficiently small βt, and the paramet"
2310.19822v1,2310.19822v1:12363-14258,FuXi-Extreme: Improving extreme rainfall and wind ,0.633,1895,"of employing the ϵ-prediction approach, we predict the original targets Xk directly, following [29]. The model works as a denoising function, and is trained usi"
2310.19822v1,2310.19822v1:14259-16360,FuXi-Extreme: Improving extreme rainfall and wind ,0.691,2101,"Sir Francis Beaufort in 1805, which relates wind speed to observed conditions at sea or on land. These wind speed thresholds are set at 13.9, 17.2, 20.8, 24.5, "
2310.19822v1,2310.19822v1:16361-18516,FuXi-Extreme: Improving extreme rainfall and wind ,0.721,2155,"geographical locations. For instance, such an event would be considered as extreme in the arid Saharan Desert but not in Big Bog, Hawaii, one of the rainiest pl"
2310.19822v1,2310.19822v1:18517-20762,FuXi-Extreme: Improving extreme rainfall and wind ,0.746,2245,445 km radius of this estimate. It then seeks the candidate minima closest to the current estimate in distance that meet all three conditions outlined in Table 
2310.19822v1,2310.19822v1:20763-22834,FuXi-Extreme: Improving extreme rainfall and wind ,0.78,2071,"amplifies significantly for more extreme values. Additionally, the CSI values of FuXi and FuXi-Extreme closely align at the beginning of the forecast, with FuXi"
2310.19822v1,2310.19822v1:22836-24971,FuXi-Extreme: Improving extreme rainfall and wind ,0.778,2135,"10 FuXi-Extreme Fig. 2: Comparison of CSI of the HRES (light red lines), FuXi (light blue lines), and FuXi-Extreme (light purple lines) of TP (left column) and "
2310.19822v1,2310.19822v1:24972-27062,FuXi-Extreme: Improving extreme rainfall and wind ,0.738,2090,"FuXi and FuXi-Extreme show negligible difference in track errors, as FuXi-Extreme essentially functions as an enhanced version of FuXi, designed for surface-lev"
2310.19822v1,2310.19822v1:27063-28722,FuXi-Extreme: Improving extreme rainfall and wind ,0.469,1659,"training ML-based weather forecast models to enhance forecast performance [40]. 14 FuXi-Extreme Table 2: List of TC names, their initialization times (in UTC), "
2310.19822v1,2310.19822v1:28723-30928,FuXi-Extreme: Improving extreme rainfall and wind ,0.794,2205,"for MSL (second column) and WS10 (third column) in TC intensity forecasts for three models, such as HRES (light red lines), FuXi (light blue lines), and FuXi-Ex"
2310.19822v1,2310.19822v1:30929-33195,FuXi-Extreme: Improving extreme rainfall and wind ,0.759,2266,"designated as the second version of FuXi, which will incorporate a broader range of weather parameters. Another aspect that needs improvement is wind speed fore"
2310.19822v1,2310.19822v1:33196-35272,FuXi-Extreme: Improving extreme rainfall and wind ,0.769,2076,at . Code Availability Statement The source code used for training and running FuXi models in this work is available at https://doi.org/10.5281/zenodo.8100201 [
2310.19822v1,2310.19822v1:35273-36139,FuXi-Extreme: Improving extreme rainfall and wind ,0.844,866,template FuXi-Extreme 25 B Overall statistical performance Figure B.4 shows the time series of the globally-averaged latitude-weighted RMSE and ACC of ECMWF HRE
2311.03721v1,2311.03721v1:0-2394,ClimateSet: A Large-Scale Climate Model Dataset fo,0.777,2394,ClimateSet: A Large-Scale Climate Model Dataset for Machine Learning Charlotte Emilie Elektra Lange Mila Quebec AI Institute & University of Osnabrück Yaniv Gur
2311.03721v1,2311.03721v1:2395-4526,ClimateSet: A Large-Scale Climate Model Dataset fo,0.72,2131,37th Conference on Neural Information Processing Systems (NeurIPS 2023) Track on Datasets and Benchmarks. Julia Kaltenborn∗ Mila Quebec AI Institute & McGill Un
2311.03721v1,2311.03721v1:4527-6737,ClimateSet: A Large-Scale Climate Model Dataset fo,0.734,2210,"ML of leveraging massive datasets. This discrepancy may be due to the difficulty in retrieving, preprocessing, and handling climate data correctly without signi"
2311.03721v1,2311.03721v1:6738-9095,ClimateSet: A Large-Scale Climate Model Dataset fo,0.782,2357,"Runge et al., 2019; Mansfield et al., 2020; Watson-Parris, 2021; Chantry et al., 2021) for a consistent, large, and ML-ready dataset has not yet been addressed "
2311.03721v1,2311.03721v1:9096-11386,ClimateSet: A Large-Scale Climate Model Dataset fo,0.743,2290,"(The 3D Earth System Model visualization was created by Boris Sakschewski, used with permission). The core dataset of ClimateSet consists of 36 climate models a"
2311.03721v1,2311.03721v1:11387-13617,ClimateSet: A Large-Scale Climate Model Dataset fo,0.724,2230,"Outputs of numerical climate models (ESMs) for SSPs: Climate variables showing different futures Figure 2: Forcing agent trajectories. Greenhouse gas (CO2, CH4)"
2311.03721v1,2311.03721v1:13618-15544,ClimateSet: A Large-Scale Climate Model Dataset fo,0.662,1926,This selection ensures that ClimateSet provides the main scenarios and is spatially and temporally high enough resolved. Extensions. The dataset can be extended
2311.03721v1,2311.03721v1:15545-16841,ClimateSet: A Large-Scale Climate Model Dataset fo,0.294,1296,Input4MIPs data 4 Climate Model Input4MIPs Files Name Publication Nominal resolution Ensemble members Historic Future ACCESS-CM2 Bi et al. (2020) 250 km 5 all-f
2311.03721v1,2311.03721v1:16842-18299,ClimateSet: A Large-Scale Climate Model Dataset fo,0.459,1457,km 3 no-fires no-fires GISS-E2-1-G Kelley et al. (2020) 250 km 36 all-fires all-fires GISS-E2-1-H Kelley et al. (2020) 250 km 10 all-fires all-fires GISS-E2-2-G
2311.03721v1,2311.03721v1:18300-20170,ClimateSet: A Large-Scale Climate Model Dataset fo,0.703,1870,"specific input files needed for a climate model. These input files provided by ClimateSet are representing the corresponding climate forcer emission fields, sep"
2311.03721v1,2311.03721v1:20171-22084,ClimateSet: A Large-Scale Climate Model Dataset fo,0.693,1913,"in on Climate Change (IPCC) (2023)). SO2 provides a cooling effect, and damages vegetation, while BC decreases the Earth’s albedo when deposited and has negativ"
2311.03721v1,2311.03721v1:22085-24403,ClimateSet: A Large-Scale Climate Model Dataset fo,0.798,2318,"Scenario variance across climate models, and (B) climate model variance across scenarios. The figures show the projected global temperature increase compared to"
2311.03721v1,2311.03721v1:24404-26708,ClimateSet: A Large-Scale Climate Model Dataset fo,0.764,2304,and follows their guidelines. Note that it is significantly slower than the CDO-implemented modules. More details and visualizations of ClimateSet’s preprocessi
2311.03721v1,2311.03721v1:26709-28980,ClimateSet: A Large-Scale Climate Model Dataset fo,0.732,2271,36 climate models without considering the similarity between some of them. Explanations of within- and across- climate model similarities are given in Appendix 
2311.03721v1,2311.03721v1:28981-31014,ClimateSet: A Large-Scale Climate Model Dataset fo,0.678,2033,The super emulator is explained in more detail in Appendix K.2. ML Models. We trained most types of models that have been used for climate emulation on ClimateB
2311.03721v1,2311.03721v1:31015-33164,ClimateSet: A Large-Scale Climate Model Dataset fo,0.749,2149,to a given emission scenario. B) A climate model emulator receives the same inputs as a climate model and learns to emulate its outputs. After training on sever
2311.03721v1,2311.03721v1:33165-34822,ClimateSet: A Large-Scale Climate Model Dataset fo,0.594,1657,"six climate models (NorESM2-LM, AWI-CM-1-1-MR, FGOALS-f3-L, EC-Earth3, BCC-CSM2-MR, and MPI-ESM1-2-HR). With the exception of the U-Net, these ML models had bee"
2311.03721v1,2311.03721v1:34823-37068,ClimateSet: A Large-Scale Climate Model Dataset fo,0.812,2245,"over three runs for each model. The results for ClimaX and ClimaX Frozen are without warmup epochs. For a comparison of results with warmup, see Table 5. ClimaX"
2311.03721v1,2311.03721v1:37069-39295,ClimateSet: A Large-Scale Climate Model Dataset fo,0.811,2226,"across different climate models. Hence, ClimateSet can be the basis for developing new climate emulators that can emulate climate models across the CMIP6 archiv"
2311.03721v1,2311.03721v1:39296-40516,ClimateSet: A Large-Scale Climate Model Dataset fo,0.546,1220,has received funding from the European Research Council (ERC) Starting Grant CausalEarth under the European Union’s Horizon 2020 research and innovation program
2311.03721v1,2311.03721v1:40517-41905,ClimateSet: A Large-Scale Climate Model Dataset fo,0.549,1388,"S. Seneviratne, A. Sörensson, S. Szopa, I. Takayabu, A.-M. Tréguier, B. van den Hurk, R. Vautard, K. von Schuckmann, S. Zaehle, X. Zhang, and K. Zickfeld (2021)"
2311.03721v1,2311.03721v1:41906-43125,ClimateSet: A Large-Scale Climate Model Dataset fo,0.513,1219,"realizations on land. Earth System Dynamics 11(1), 139–159. Bi, D., M. Dix, S. Marsland, S. O’farrell, A. Sullivan, R. Bodman, R. Law, I. Harman, J. Srbinovsky,"
2311.03721v1,2311.03721v1:43126-44483,ClimateSet: A Large-Scale Climate Model Dataset fo,0.535,1357,"F. Lott, T. Lurton, S. Luyssaert, G. Madec, J.-B. Madeleine, F. Maignan, M. Marchand, O. Marti, L. Mellul, Y. Meurdesoif, J. Mignot, I. Musat, C. Ottlé, P. Peyl"
2311.03721v1,2311.03721v1:44484-45839,ClimateSet: A Large-Scale Climate Model Dataset fo,0.536,1355,"Statistical emulation of climate model projections based on precomputed GCM runs. Journal of Climate 27(5), 1829–1844. Chantry, M., H. Christensen, P. Dueben, a"
2311.03721v1,2311.03721v1:45840-47068,ClimateSet: A Large-Scale Climate Model Dataset fo,0.487,1228,"Journal of Advances in Modeling Earth Systems 12(2), e2019MS001916. Deng, J., W. Dong, R. Socher, L.-J. Li, K. Li, and L. Fei-Fei (2009). Imagenet: A large-scal"
2311.03721v1,2311.03721v1:47069-48209,ClimateSet: A Large-Scale Climate Model Dataset fo,0.473,1140,"12 Döscher, R., M. Acosta, A. Alessandri, P. Anthoni, T. Arsouze, T. Bergman, R. Bernardello, S. Boussetta, L.-P. Caron, G. Carver, M. Castrillo, F. Catalano, I"
2311.03721v1,2311.03721v1:48210-49515,ClimateSet: A Large-Scale Climate Model Dataset fo,0.525,1305,"16x16 words: Transformers for image recognition at scale. Dueben, P. D., M. G. Schultz, M. Chantry, D. J. Gagne, D. M. Hall, and A. McGovern (2022). Challenges "
2311.03721v1,2311.03721v1:49516-51018,ClimateSet: A Large-Scale Climate Model Dataset fo,0.61,1502,"report, Lawrence Livermore National Lab.(LLNL), Livermore, CA (United States). Eyring, V., S. Bony, G. A. Meehl, C. A. Senior, B. Stevens, R. J. Stouffer, and K"
2311.03721v1,2311.03721v1:51019-52313,ClimateSet: A Large-Scale Climate Model Dataset fo,0.474,1294,"15(5), 540–544. He, B., Q. Bao, X. Wang, L. Zhou, X. Wu, Y. Liu, G. Wu, K. Chen, S. He, W. Hu, J. Li, J. Li, G. Nian, L. Wang, J. Yang, M. Zhang, and X. Zhang ("
2311.03721v1,2311.03721v1:52314-53704,ClimateSet: A Large-Scale Climate Model Dataset fo,0.573,1390,"García-Pando, J. P. Perlwitz, M. J. Puma, D. Rind, A. Romanou, D. T. Shindell, S. Sun, N. Tausnev, K. Tsigaridis, G. Tselioudis, E. Weng, J. Wu, and M.-S. Yao ("
2311.03721v1,2311.03721v1:53705-55212,ClimateSet: A Large-Scale Climate Model Dataset fo,0.606,1507,"with a back-propagation network. In D. Touretzky (Ed.), Advances in Neural Information Processing Systems, Volume 2. Morgan-Kaufmann. Lee, J., J. Kim, M.-A. Sun"
2311.03721v1,2311.03721v1:55213-56340,ClimateSet: A Large-Scale Climate Model Dataset fo,0.489,1127,"J. Behrens, M. Bittner, R. Brokopf, V. Brovkin, M. Claussen, T. Crueger, M. Esch, I. Fast, S. Fiedler, D. Fläschner, V. Gayler, M. Giorgetta, D. S. Goll, H. Haa"
2311.03721v1,2311.03721v1:56341-57774,ClimateSet: A Large-Scale Climate Model Dataset fo,0.569,1433,"(2023). ClimaX: A foundation model for weather and climate. In International Conference on Machine Learning (ICML). on Climate Change (IPCC), I. P. (2023). Summ"
2311.03721v1,2311.03721v1:57775-59354,ClimateSet: A Large-Scale Climate Model Dataset fo,0.603,1579,"Advances in Atmospheric Sciences 37(10), 1081–1092. Rabin, S. S., J. R. Melton, G. Lasslop, D. Bachelet, M. Forrest, S. Hantson, J. O. Kaplan, F. Li, S. Mangeon"
2311.03721v1,2311.03721v1:59355-60549,ClimateSet: A Large-Scale Climate Model Dataset fo,0.503,1194,"J., S. Bathiany, E. Bollt, G. Camps-Valls, D. Coumou, E. Deyle, C. Clymour, M. Kretschmer, M. Mahecha, E. van Nes, J. Peters, R. Quax, M. Reichstein, M. Scheffe"
2311.03721v1,2311.03721v1:60550-61839,ClimateSet: A Large-Scale Climate Model Dataset fo,0.522,1289,"N. L. Abraham, M. B. Andrews, T. Andrews, A. T. Archibald, S. Berthou, E. Burke, E. Blockley, K. Carslaw, M. Dalvi, J. Edwards, G. A. Folberth, N. Gedney, P. T."
2311.03721v1,2311.03721v1:61840-63045,ClimateSet: A Large-Scale Climate Model Dataset fo,0.51,1205,"A. Voldoire, J. Colin, B. Decharme, C. Delire, S. Berthet, M. Chevallier, S. Sénési, L. Franchisteguy, J. Vial, M. Mallet, E. Joetzjer, O. Geoffroy, J.-F. Guéré"
2311.03721v1,2311.03721v1:63046-64330,ClimateSet: A Large-Scale Climate Model Dataset fo,0.512,1284,"M. Abe, F. Saito, M. Chikira, S. Watanabe, M. Mori, N. Hirota, Y. Kawatani, T. Mochizuki, K. Yoshimura, K. Takata, R. O’ishi, D. Yamazaki, T. Suzuki, M. Kurogi,"
2311.03721v1,2311.03721v1:64331-65783,ClimateSet: A Large-Scale Climate Model Dataset fo,0.592,1452,"H. Douville, C. Ethé, L. Franchistéguy, O. Geoffroy, C. Lévy, G. Madec, Y. Meurdesoif, R. Msadek, A. Ribes, E. SanchezGomez, L. Terray, and R. Waldman (2019). E"
2311.03721v1,2311.03721v1:65784-67111,ClimateSet: A Large-Scale Climate Model Dataset fo,0.505,1327,"Watson-Parris, D., Y. Rao, D. Olivié, Ø. Seland, P. Nowack, G. Camps-Valls, P. Stier, S. Bouabid, M. Dewey, E. Fons, et al. (2022). Climatebench v1. 0: A benchm"
2311.03721v1,2311.03721v1:67112-68635,ClimateSet: A Large-Scale Climate Model Dataset fo,0.601,1523,"M. Deushi, T. Tanaka, M. Hosaka, S. Yabu, H. Yoshimura, E. Shindo, R. Mizuta, A. Obata, Y. Adachi, and M. Ishii (2019). The meteorological research institute ea"
2311.03721v1,2311.03721v1:68636-70748,ClimateSet: A Large-Scale Climate Model Dataset fo,0.75,2112,"et al., 2007), i.e. it does not have a half-life as other greenhouse gases or aerosols do. While the carbon cycle does have natural sinks and sources, the anthr"
2311.03721v1,2311.03721v1:70749-72779,ClimateSet: A Large-Scale Climate Model Dataset fo,0.731,2030,"the others stay constant. For those scenarios, the internal CO2 mass balances of the climate models must be used: The abrupt-4xCO2 scenario is the scenario of q"
2311.03721v1,2311.03721v1:72780-75000,ClimateSet: A Large-Scale Climate Model Dataset fo,0.763,2220,emissions across land masses. separate between the different types of “fire emissions” depending on the fire model of each climate model (see Appendix D). To re
2311.03721v1,2311.03721v1:75001-76798,ClimateSet: A Large-Scale Climate Model Dataset fo,0.693,1797,The latter can be used if a fire model is capable of modeling all fires such as the NorESM2. Matching the right GHG emission inputs to the climate models output
2311.03721v1,2311.03721v1:76799-78800,ClimateSet: A Large-Scale Climate Model Dataset fo,0.711,2001,the information provided there is not explicit about which fire types exactly must be include from the openburning / biomassburning files. Teckentrup et al. (20
2311.03721v1,2311.03721v1:78801-81079,ClimateSet: A Large-Scale Climate Model Dataset fo,0.778,2278,"Climate models are implemented for different resolutions, with differing physics implementations to ensure resolving the relevant processes (e.g. NorESM2-LM (10"
2311.03721v1,2311.03721v1:81080-83344,ClimateSet: A Large-Scale Climate Model Dataset fo,0.682,2264,be searched over a web-based platform. Further documentation on ESGF’s web presence can be found here: ESGF User Support F.2 ESGF Pyclient As the ESGF’s web pre
2311.03721v1,2311.03721v1:83345-85616,ClimateSet: A Large-Scale Climate Model Dataset fo,0.772,2271,The different modules of the processing pipelines can be shuffled around and adapted as needed. The three main modules are: • The checker (checks for corruptnes
2311.03721v1,2311.03721v1:85617-87807,ClimateSet: A Large-Scale Climate Model Dataset fo,0.757,2190,Spatial Resolution Preprocessing The spatial resolution preprocessor uses the CDO command “remap” which can be used for both aggregation and interpolation. Esse
2311.03721v1,2311.03721v1:87808-90094,ClimateSet: A Large-Scale Climate Model Dataset fo,0.749,2286,"and levels are aligned across all models. Afterwards, the model is aggregated to 250 km or the grid is adapted to 250 km grid of the NorESM2 model. Lastly, the "
2311.03721v1,2311.03721v1:90095-92340,ClimateSet: A Large-Scale Climate Model Dataset fo,0.806,2245,"and Abernathey, 2020) are not implemented with CDO. Since python tools such as xmip(Busecke and Abernathey, 2020) are computationally not as optimized as CDO is"
2311.03721v1,2311.03721v1:92341-94822,ClimateSet: A Large-Scale Climate Model Dataset fo,0.81,2481,"novel encoding and aggregation blocks to accommodate the intricacies of weather and climate modelling and weather forecasting. Notably, it employs variable toke"
2311.03721v1,2311.03721v1:94823-97125,ClimateSet: A Large-Scale Climate Model Dataset fo,0.772,2302,"layers with GELU activation, followed by a linear prediction head layer. For training, we use an Adam optimizer with weight decay with a learning rate of 1e-3 a"
2311.03721v1,2311.03721v1:97126-99390,ClimateSet: A Large-Scale Climate Model Dataset fo,0.776,2264,"the ImageNet classification challenge (Deng et al., 2009). To adapt the U-Net model to our specific requirements, we encountered the challenge of dealing with i"
2311.03721v1,2311.03721v1:99391-101733,ClimateSet: A Large-Scale Climate Model Dataset fo,0.791,2342,"(Watson-Parris et al., 2022), albeit with some spatial biases in its predictions. Architecture: The architecture of the CNN-LSTM involves several key components"
2311.03721v1,2311.03721v1:101734-103790,ClimateSet: A Large-Scale Climate Model Dataset fo,0.708,2056,"Additionally, an Exponential Decay Learning Rate Scheduler with a gamma of 0.98 is applied during training. J.4 Gaussian Process Gaussian process regression (Wi"
2311.03721v1,2311.03721v1:103791-105840,ClimateSet: A Large-Scale Climate Model Dataset fo,0.719,2049,0.553 MPI-ESM1-2-HR 0.257 0.544 NorESM2-LM 0.248 0.553 Table 4: Performance of Gaussian Process on six climate models. Embolded values are best performing value
2311.03721v1,2311.03721v1:105841-108223,ClimateSet: A Large-Scale Climate Model Dataset fo,0.782,2382,"models, such that it is capable of projecting a unique output of every specific climate model, according to a user requirement. Training a single ML model (as o"
2311.03721v1,2311.03721v1:108224-110707,ClimateSet: A Large-Scale Climate Model Dataset fo,0.832,2483,"training regimes as outlined in the single emulator experiments. Due to memory requirements, we were only able to train the super emulator on the smaller set of"
2311.03721v1,2311.03721v1:110708-112912,ClimateSet: A Large-Scale Climate Model Dataset fo,0.747,2204,"thoroughly. K.3 Generalization Capabilities of ML Models In order to investigate the generalization capabilities of ML models on different climate models, we de"
2311.03721v1,2311.03721v1:112913-114350,ClimateSet: A Large-Scale Climate Model Dataset fo,0.48,1437,"with training ML models on single climate datasets are shown in Table 5. In these experiments, we train our models individually on 15 different climate models a"
2311.03721v1,2311.03721v1:114351-116116,ClimateSet: A Large-Scale Climate Model Dataset fo,0.648,1765,0.320 0.328 0.203 0.204 0.233 0.236 INM-CM5-0 0.246 0.250 0.316 0.327 0.189 0.189 0.229 0.232 MPI-ESM1-2-HR 0.274 0.277 0.360 0.365 0.233 0.235 0.246 0.249 MRI-
2311.03721v1,2311.03721v1:116117-117839,ClimateSet: A Large-Scale Climate Model Dataset fo,0.611,1722,"the ConvLSTM converged towards the end, whereas ClimaX did not fully converge. Consequently, we propose to run further experiments in future work to investigate"
2311.03721v1,2311.03721v1:117840-119679,ClimateSet: A Large-Scale Climate Model Dataset fo,0.67,1839,(single emulator experiment). U-Net seems to outperform all other ML models for these experiments. One possible explanation for this is that U-Net is indeed the
2311.03721v1,2311.03721v1:119680-121215,ClimateSet: A Large-Scale Climate Model Dataset fo,0.575,1535,0.278 0.309 0.317 0.313 0.329 FGOALS-f3-L 0.254 0.267 0.269 0.278 0.308 0.317 0.305 0.321 MPI-ESM1-2-HR 0.249 0.261 0.269 0.278 0.330 0.338 0.318 0.333 Table 7:
2312.01197v1,2312.01197v1:0-2350,Short-term Precipitation Forecasting in The Nether,0.805,2350,SHORT-TERM PRECIPITATION FORECASTING IN THE NETHERLANDS: AN APPLICATION OF CONVOLUTIONAL LSTM NEURAL NETWORKS TO WEATHER RADAR DATA Petros Demetrakopoulos Eindh
2312.01197v1,2312.01197v1:2351-4624,Short-term Precipitation Forecasting in The Nether,0.767,2273,short-term predictions. 2 Literature Review and related work A comprehensive review of existing literature reveals a growing interest in applying deep learning 
2312.01197v1,2312.01197v1:4625-7104,Short-term Precipitation Forecasting in The Nether,0.782,2479,"hues of purple and dark blue, and higher intensities in yellow. The study faced limitations due to KNMI’s weather radar API constraints, allowing to fetch only "
2312.01197v1,2312.01197v1:7105-9590,Short-term Precipitation Forecasting in The Nether,0.795,2485,to address issues of sparse gradients and avoid the vanishing gradient problem [9]. The network architecture is presented in a schematic way in Figure 2. The mo
2312.01197v1,2312.01197v1:9591-12078,Short-term Precipitation Forecasting in The Nether,0.816,2487,"were given, compared against the actual radar data captured 1.5 hours after the time that the input signals were given to the model. By abstractly looking at th"
2312.01197v1,2312.01197v1:12079-14135,Short-term Precipitation Forecasting in The Nether,0.824,2056,"results reported in the previous section which are comparable to other relevant studies (Shi et. al. [2], Xu et. al. [3]) 5 Conclusion The study demonstrates th"
2312.02858v2,2312.02858v2:0-2184,Towards Causal Representations of Climate Model Da,0.778,2184,"Towards Causal Representations of Climate Model Data Julien Boussard1,3∗ Chandni Nagda1,4∗ Julia Kaltenborn1,5 Charlotte Emilie Elektra Lange1,6 Philippe Brouil"
2312.02858v2,2312.02858v2:2185-4527,Towards Causal Representations of Climate Model Da,0.805,2342,"methods enable the discovery and quantification of causal dependencies in observed data (22; 16), and have emerged as a valuable tool to improve our understandi"
2312.02858v2,2312.02858v2:4528-6814,Towards Causal Representations of Climate Model Da,0.732,2286,data. Our primary objective is to harness the power of causal methods to make ML-based climate emulation more interpretable and trusted by experts. As a first s
2312.02858v2,2312.02858v2:6815-8138,Towards Causal Representations of Climate Model Da,0.341,1323,"zt−1, . . . , zt−τ) := j | zt−1, . . . , zt−τ); (1) p(zt j=1 j: ⊙zt−1, . . . , Gτ j: ⊙zt−τ]) ), (2) p(zt j | z<t) := h(zt j; gj([G1 j are assumed to be conditio"
2312.02858v2,2312.02858v2:8139-10276,Towards Causal Representations of Climate Model Da,0.76,2137,the reparameterization trick (12). See Appendix A for more details. ˜f. The graphs Gk are sampled from Gk ij ∼Bernoulli(σ(Γk 3 Results on Climate Data Our exper
2312.02858v2,2312.02858v2:10277-12495,Towards Causal Representations of Climate Model Da,0.798,2218,the recovered clusters and captures only seasonal variations but no forced trends. One possible explanation is that seasonal variations are magnitudes larger th
2312.02858v2,2312.02858v2:12496-14776,Towards Causal Representations of Climate Model Da,0.813,2280,"monthly mean and dividing by the monthly standard deviation. The resulting clusters for temperature data, shown in Fig. 2(C) appear significantly different. Cli"
2312.02858v2,2312.02858v2:14777-17176,Towards Causal Representations of Climate Model Da,0.817,2399,"influence local precipitation patterns strongly, while in others those patterns are less clear. Such phenomena need to be evaluated in further experiments. Fig."
2312.02858v2,2312.02858v2:17177-18980,Towards Causal Representations of Climate Model Da,0.793,1803,"persist in the atmosphere for thousands of years, leading to long-term cumulative warming effects. On the other hand, methane has a relatively short atmospheric"
2312.03876v2,2312.03876v2:0-2188,Scaling transformer neural networks for skillful a,0.758,2188,"2024-10-23 Scaling transformer neural networks for skillful and reliable medium-range weather forecasting Tung Nguyen1, Rohan Shah1,2, Hritik Bansal1, Troy Arco"
2312.03876v2,2312.03876v2:2189-4507,Scaling transformer neural networks for skillful a,0.804,2318,"extratropical cyclone impacted Alaska setting a new North Pacific low-pressure record. Here, we evaluate the ability of Stormer to predict this record-breaking "
2312.03876v2,2312.03876v2:4508-6778,Scaling transformer neural networks for skillful a,0.769,2270,"adopt standard vision architectures such as ResNet [RT21; CJM21] and UNet [WDC20] for weather forecasting, but their performances lagged behind those of numeric"
2312.03876v2,2312.03876v2:6779-8885,Scaling transformer neural networks for skillful a,0.785,2106,"forecasts for a specified lead time by using different combinations of the intervals for which the model was trained. For example, one can obtain a 3-day foreca"
2312.03876v2,2312.03876v2:8886-10870,Scaling transformer neural networks for skillful a,0.753,1984,"the RGB channels in natural images, weather data can contain up to 100s of channels. These channels represent actual physical variables that can be unbounded in"
2312.03876v2,2312.03876v2:10871-12804,Scaling transformer neural networks for skillful a,0.729,1933,"and GraphCast. One drawback of this approach is error accumulation when the number of rollout steps increases, which can be mitigated by a multi-step loss funct"
2312.03876v2,2312.03876v2:12805-14804,Scaling transformer neural networks for skillful a,0.726,1999,"Therefore, having a model that can produce forecasts at different intervals and combine them in an effective manner has the potential to improve the performance"
2312.03876v2,2312.03876v2:14805-16467,Scaling transformer neural networks for skillful a,0.661,1662,"t = 6 t = 24 (a) Time interval comparison. 3. Methodology 3.1. Training î ℒ(𝜃) = E𝛿𝑡∼𝑃(𝛿𝑡),(𝑋0,𝑋𝛿𝑡)∼𝒟 T2m (K) T2m (K) 2.50 2.25 2.00 1.75 RMSE 1.50 1.25 1.00 0."
2312.03876v2,2312.03876v2:16468-18441,Scaling transformer neural networks for skillful a,0.723,1973,"𝐾times, and average the objective (2) over the 𝐾steps: In practice, we implement a three-phase training procedure for Stormer. In the first phase, we train the "
2312.03876v2,2312.03876v2:18442-19669,Scaling transformer neural networks for skillful a,0.561,1227,"days and individual forecasts begin to diverge due to the chaotic nature of the atmosphere, averaging these forecasts is a Monte Carlo integration approach to h"
2312.03876v2,2312.03876v2:19670-21910,Scaling transformer neural networks for skillful a,0.754,2240,"various dense prediction tasks in computer vision, one might consider applying Vision Transformer (ViT) [Dos+20] for this task. However, weather data is distinc"
2312.03876v2,2312.03876v2:21911-23981,Scaling transformer neural networks for skillful a,0.713,2070,embedding module was introduced by ClimaX [Ngu+23] to improve the model’s flexibility when handling diverse data sources with heterogeneous input variables. We 
2312.03876v2,2312.03876v2:23982-25797,Scaling transformer neural networks for skillful a,0.473,1815,(0.25∘). inputs such as time steps or class labels. Figure 7 illustrates Stormer’s architecture. We refer to [Ngu+23] for illustrations of the weather-specific 
2312.03876v2,2312.03876v2:25798-27894,Scaling transformer neural networks for skillful a,0.722,2096,"levels {50, 100, 150, 200, 250, 300, 400, 500, 600, 700, 850, 925, 1000}. We use 1979 to 2018 for training, 2019 for validation, and 2020 for testing. Stormer a"
2312.03876v2,2312.03876v2:27895-30133,Scaling transformer neural networks for skillful a,0.766,2238,"methods for weather forecasting. Pangu-Weather employs a 3D Earth-Specific Transformer architecture trained on the same variables as Stormer, but with hourly da"
2312.03876v2,2312.03876v2:30134-32408,Scaling transformer neural networks for skillful a,0.77,2274,"than Pangu-Weather’s hourly data at 0.25∘and 90× less than that used for GraphCast, which also uses 6-hourly data but at a 0.25∘resolution with 37 pressure leve"
2312.03876v2,2312.03876v2:32409-34474,Scaling transformer neural networks for skillful a,0.717,2065,"is simpler for the model to predict the changes between two consecutive weather conditions than the entire state of the weather; thus, the model can focus on le"
2312.03876v2,2312.03876v2:34475-36574,Scaling transformer neural networks for skillful a,0.789,2099,its fast inference and high expressivity. Early efforts [DB18; Sch18; WDC19] attempted training simple architectures on small weather datasets. To facilitate pr
2312.03876v2,2312.03876v2:36575-38838,Scaling transformer neural networks for skillful a,0.752,2263,combined a hierarchical variant of Graphcast with the VAE objective [Kin13]. This approach allows the model to generate multiple forecasts and estimate uncertai
2312.03876v2,2312.03876v2:38839-39749,Scaling transformer neural networks for skillful a,0.734,910,"National Laboratory, through U.S. Department of Energy (DOE) contract DE-AC02-06CH11357. TA is supported by the Global Change Fellowship in the Environmental Sc"
2312.08264v1,2312.08264v1:0-2250,Kunyu: A High-Performing Global Weather Model Beyo,0.804,2250,"Kunyu: A High-Performing Global Weather Model Beyond Regression Losses Zekun Ni1 1Accutar Biotechnology Inc, mike.zekun@gmail.com arXiv:2312.08264v1 [eess.SP] 4"
2312.08264v1,2312.08264v1:2251-4517,Kunyu: A High-Performing Global Weather Model Beyo,0.794,2266,"field was made by Weyn et al.[21], although their methodology featured a modest resolution of 2.5◦and included no more than three variables per grid. Rapid prog"
2312.08264v1,2312.08264v1:4518-6734,Kunyu: A High-Performing Global Weather Model Beyo,0.74,2216,resembles ECMWF HRES in both numerical processes and output quality. The model produces fine-grained 6-hourly forecasts across a comprehensive array of atmosphe
2312.08264v1,2312.08264v1:6735-9129,Kunyu: A High-Performing Global Weather Model Beyo,0.756,2394,"interconnected by skip connections. Spherical convolution block This block consists of a sequence of operations, including a spherical harmonics transform into "
2312.08264v1,2312.08264v1:9130-10879,Kunyu: A High-Performing Global Weather Model Beyo,0.632,1749,"evaluation. Unlike conventional practices, atmospheric variables are selected from a 37-level subset of ECMWF model levels instead of the default 37 pressure le"
2312.08264v1,2312.08264v1:10880-12697,Kunyu: A High-Performing Global Weather Model Beyo,0.675,1817,ˆxt+∆t)). |X| {xt+k∆t}T k=1 k=0∈X Discriminator The discriminator is trained with cross entropy loss and R1 regularization[15] with γ = 0.1: T X LD = −1 1 T X (
2312.08264v1,2312.08264v1:12698-14877,Kunyu: A High-Performing Global Weather Model Beyo,0.815,2179,"in part to the introduction of spherical convolution blocks, leading to significant savings in computational resources and therefore costs. It can’t be ruled ou"
2312.08264v1,2312.08264v1:14878-17017,Kunyu: A High-Performing Global Weather Model Beyo,0.823,2139,"benefiting more from regression. Generally speaking, Kunyu-Legacy demonstrates competitive modeling capabilities of Kunyu’s architecture, definitely surpassing "
2312.08264v1,2312.08264v1:17018-19041,Kunyu: A High-Performing Global Weather Model Beyo,0.733,2023,"as lead time grows. Comparisons with ERA5 ground truth reveal that, while Kunyu still exhibits a slight smoothness effect attributed to the presence of regressi"
2312.08264v1,2312.08264v1:19042-21232,Kunyu: A High-Performing Global Weather Model Beyo,0.833,2190,"in comparison with those of ECMWF HRES and other DLWP models. of the extensive autoregressive training employed by GraphCast. Interestingly, FourCastNet also un"
2312.08264v1,2312.08264v1:21233-23343,Kunyu: A High-Performing Global Weather Model Beyo,0.785,2110,"refered to as GraphCast-Oper in this paper, capable of taking HRES analysis as input. 3.4.1 Cyclogenesis and Intensity Forecasting: Case Study of Hurricane Otis"
2312.08264v1,2312.08264v1:23344-25569,Kunyu: A High-Performing Global Weather Model Beyo,0.822,2225,"Although still vastly underestimating Otis’s actual intensity, it’s noteworthy that this underestimation is also evident in the ERA5 reanalysis and even the ECM"
2312.08264v1,2312.08264v1:25570-27623,Kunyu: A High-Performing Global Weather Model Beyo,0.813,2053,training to enhance the predictive capabilities of DLWP models in scenarios characterized by rapid cyclone development. 3.4.2 Cyclone Track Forecasting: Case St
2312.08264v1,2312.08264v1:27624-29939,Kunyu: A High-Performing Global Weather Model Beyo,0.803,2315,with Kunyu-Legacy closely trailing as the second-best performer. Other regression-based DLWP models respond slower to new signals present in the initial conditi
2312.08264v1,2312.08264v1:29940-32357,Kunyu: A High-Performing Global Weather Model Beyo,0.841,2417,"transformer blocks proves highly effective, demanding significantly fewer computational resources for training than competing models like Pangu-Weather and Grap"
2312.08264v1,2312.08264v1:32358-33793,Kunyu: A High-Performing Global Weather Model Beyo,0.858,1435,"dataset, despite its utility, has shortcomings such as limited resolution and significant underestimation of tropical cyclone strengths. Additionally, biases fr"
2312.12455v2,2312.12455v2:0-2116,FengWu-4DVar: Coupling the Data-driven Weather For,0.784,2116,FENGWU-4DVAR: COUPLING THE DATA-DRIVEN WEATHER FORECASTING MODEL WITH 4D VARIATIONAL ASSIMILATION A PREPRINT arXiv:2312.12455v2 [physics.ao-ph] 19 May 2024 Yi X
2312.12455v2,2312.12455v2:2117-4514,FengWu-4DVar: Coupling the Data-driven Weather For,0.793,2397,predictions. Keywords AI forecasting model · Data assimilation · auto-differentiation 1 Introduction Weather forecasting is the cornerstone of human society and
2312.12455v2,2312.12455v2:4515-6799,FengWu-4DVar: Coupling the Data-driven Weather For,0.769,2284,models on physical forecasting models during operational forecasting. Phase 1 (Before 2022) 🛰 Data assimilation Physical weather forecasting model (e.g. 4DVar) 
2312.12455v2,2312.12455v2:6800-9068,FengWu-4DVar: Coupling the Data-driven Weather For,0.755,2268,"to provide the initial value. FengWu-4DVar starts a new phase in which the AI forecasting model is not only leveraged for weather predictions, but also combined"
2312.12455v2,2312.12455v2:9069-11281,FengWu-4DVar: Coupling the Data-driven Weather For,0.722,2212,is also efficient and can assimilate observations within a 6-hour window in less than half a minute on only one Nvidia A100 GPU card. 2 Related Work In recent y
2312.12455v2,2312.12455v2:11282-13608,FengWu-4DVar: Coupling the Data-driven Weather For,0.741,2326,"to achieve accurate and stable cyclic forecasting. Despite these achievements, the AI model in these works either only serves as a surrogate for part of real-wo"
2312.12455v2,2312.12455v2:13609-15475,FengWu-4DVar: Coupling the Data-driven Weather For,0.58,1866,"model [Rabier and Liu, 2003] of M0→τ and H = ∂H(x) ∂x is the linearized observation operator. For conventional numerical models, constructing adjoint models MT "
2312.12455v2,2312.12455v2:15476-17447,FengWu-4DVar: Coupling the Data-driven Weather For,0.585,1971,"lT }L l=0 and {xa lT }L FengWu-4DVar A PREPRINT Algorithm 1 Cyclic Forecasting with 4DVar Require: : Prior estimate of the initial state xb 0, physical model M,"
2312.12455v2,2312.12455v2:17448-19623,FengWu-4DVar: Coupling the Data-driven Weather For,0.687,2175,"network"" to calculate the loss J(x0). Noting that M is a differentiable AI model and other calculations like matrix multiplication and addition are also differe"
2312.12455v2,2312.12455v2:19624-21320,FengWu-4DVar: Coupling the Data-driven Weather For,0.508,1696,"−yτ)T R−1 τ (H (Mτ x0 −xb (H (Mτ 2   1(x0)) −yτ) , (3) 2 τ=0 where Mτ 1 = M1 ◦M1 ◦· · · ◦M1 (totally τ times). In the case of an AI forecasting model, we can i"
2312.12455v2,2312.12455v2:21321-23283,FengWu-4DVar: Coupling the Data-driven Weather For,0.632,1962,"−y3) + 1 2 (H (M1 ◦M3(x0)) −y4)T R−1 4 (H (M1 ◦M3(x0)) −y4) + 1 2 (H (M1 ◦M1 ◦M3(x0)) −y5)T R−1 5 (H (M1 ◦M1 ◦M3(x0)) −y5) By adopting this strategy, the accumu"
2312.12455v2,2312.12455v2:23284-25404,FengWu-4DVar: Coupling the Data-driven Weather For,0.648,2120,"i steps follows a Gaussian distribution N(0, Qτ). Then through Bayes’ theorem, we can re-derive the objective function. We let readers refer to Appendix A.3 for"
2312.12455v2,2312.12455v2:25405-27640,FengWu-4DVar: Coupling the Data-driven Weather For,0.699,2235,"the experiments as close as possible to real-world scenarios, we made some modifications to the ERA5 reanalysis field to generate simulated observations. First,"
2312.12455v2,2312.12455v2:27641-29427,FengWu-4DVar: Coupling the Data-driven Weather For,0.558,1786,"obtained from ERA5 dataset. Specifically, in our experiments, we aim to initiate our assimilation system from 00:00 on January 1, 2018. To obtain the background"
2312.12455v2,2312.12455v2:29428-31558,FengWu-4DVar: Coupling the Data-driven Weather For,0.743,2130,"cyclic forecasting results of 4DVar on FengWu. Four atmospheric variables (z, t, u, v) at two geopotential heights (500 hPa and 850 hPa) and four surface variab"
2312.12455v2,2312.12455v2:31559-33394,FengWu-4DVar: Coupling the Data-driven Weather For,0.481,1835,time. The y-axis represents the latitude-weighted RMSE and Bias defined in Equation 7 and Equation 8. The blue lines correspond to the analysis fields and the b
2312.12455v2,2312.12455v2:33395-34931,FengWu-4DVar: Coupling the Data-driven Weather For,0.219,1536,0.1 10 0.05 0 Bias 0.0 0.10 10 Background Analysis Background Analysis 0.15 0.1 0 50 100 150 200 250 300 350 Lead Time (Days) 0 50 100 150 200 250 300 350 Lead 
2312.12455v2,2312.12455v2:34932-37091,FengWu-4DVar: Coupling the Data-driven Weather For,0.712,2159,"A PREPRINT Equation 10 is the objective functions of a 1-hour window 4DVar, which is reduced to the 3D-Var algorithm. Figure 4: Effect of Window Size. The x-axi"
2312.12455v2,2312.12455v2:37092-38359,FengWu-4DVar: Coupling the Data-driven Weather For,0.178,1267,model. 2/s 2) z500 (m t500 (K) 45 window=6 window=3 window=1 window=6 window=3 window=1 0.500 1.7 40 0.475 1.6 0.450 35 RMSE 1.5 0.425 30 0.400 1.4 0.375 25 1.3
2312.12455v2,2312.12455v2:38360-39738,FengWu-4DVar: Coupling the Data-driven Weather For,0.322,1378,"Effect of Temporal Aggregation Strategy (during 4DVar). The label ""w/ TA (4DVar)"" corresponds to the experiment in which the temporal aggregation strategy is ap"
2312.12455v2,2312.12455v2:39739-41197,FengWu-4DVar: Coupling the Data-driven Weather For,0.396,1458,TA (Forecast) w/ TA (Forecast) w/o TA (Forecast) 1.6 1.4 1.4 1.4 1.2 1.2 1.2 RMSE 1.0 1.0 1.0 0.8 0.8 0.8 0.6 0 100 200 300 Lead Time (Days) 0 100 200 300 Lead 
2312.12455v2,2312.12455v2:41198-43530,FengWu-4DVar: Coupling the Data-driven Weather For,0.756,2332,"fields from earlier time steps to introduce additional initial background field errors. Specifically, we integrate the reanalysis field from 2 days prior for 8 "
2312.12455v2,2312.12455v2:43531-44974,FengWu-4DVar: Coupling the Data-driven Weather For,0.343,1443,"framework on simulated observations generated from the ERA5 dataset. Experimental results demonstrate that when coupled with 4DVar data assimilation, the FengWu"
2312.12455v2,2312.12455v2:44975-47271,FengWu-4DVar: Coupling the Data-driven Weather For,0.762,2296,"128 × 256, the data assimilation system can assimilate observations within a 6-hour time window in less than half a minute on one Nvidia A100 GPU card. Furtherm"
2312.12455v2,2312.12455v2:47272-47958,FengWu-4DVar: Coupling the Data-driven Weather For,0.195,686,2.50 100 0.8 2.25 80 RMSE 0.7 2.00 0.6 60 1.75 0.5 1.50 40 0.4 1.25 20 0.3 0 100 200 300 Lead Time (Days) 0 100 200 300 Lead Time (Days) u10 (m/s) 1.5 v10 (m/s)
2312.12462v4,2312.12462v4:0-2143,Towards an end-to-end artificial intelligence driv,0.769,2143,"TOWARDS AN END-TO-END ARTIFICIAL INTELLIGENCE DRIVEN GLOBAL WEATHER FORECASTING SYSTEM A PREPRINT Kun Chen 1,2 Lei Bai 2,∗Fenghua Ling 2,3 Peng Ye 1,2 Tao Chen "
2312.12462v4,2312.12462v4:2144-4366,Towards an end-to-end artificial intelligence driv,0.751,2222,"et al., 2022), downscaling (Harder et al., 2022; Chen et al., 2022), precipitation nowcasting (Ravuri et al., 2021; Gao et al., 2022; Zhang et al., 2023), clima"
2312.12462v4,2312.12462v4:4367-6657,Towards an end-to-end artificial intelligence driv,0.784,2290,systems consist of physical weather forecasting model and data assimilation. The breakthrough of AI-based medium-range weather forecasting models occurred in 20
2312.12462v4,2312.12462v4:6658-8804,Towards an end-to-end artificial intelligence driv,0.733,2146,"models in 4D variational (4DVar) data assimilation (Hatfield et al., 2021), provide localization functions for ensemble Kalman filters (EnKF) (Wang et al., 2023"
2312.12462v4,2312.12462v4:8805-11056,Towards an end-to-end artificial intelligence driv,0.818,2251,"for global weather variables, which can assimilate sparse conventional observations with different qualities and provide initial conditions for weather forecast"
2312.12462v4,2312.12462v4:11057-13243,Towards an end-to-end artificial intelligence driv,0.758,2186,"..., t + k∆t in an auto-regressive manner, where k denotes the time index and ∆t = 6h is the temporal spacing of single-step prediction. Considering that the ac"
2312.12462v4,2312.12462v4:13244-14975,Towards an end-to-end artificial intelligence driv,0.738,1731,"Patch Merging Patch Expanding Linear Layer Normalization Layer Rearrange Figure 2: The framework of FengWu-Adas and network architecture of Adas. a, The framewo"
2312.12462v4,2312.12462v4:14976-16586,Towards an end-to-end artificial intelligence driv,0.738,1610,4 × 𝑊𝑊 4 × 4𝐶𝐶 𝐷𝐷× 𝐻𝐻 b 𝐻𝐻0 × 𝑊𝑊0 × 𝐶𝐶0 Patch Embedding Patch Embedding Patch Expanding Patch Merging Patch Merging Patch Merging Dual Gated Interaction Block D
2312.12462v4,2312.12462v4:16587-19005,Towards an end-to-end artificial intelligence driv,0.817,2418,efficient information interactions through the gated cross-attention module (Figure 2c). Both the gated convolution and gated cross-attention are guided by the 
2312.12462v4,2312.12462v4:19006-21382,Towards an end-to-end artificial intelligence driv,0.78,2376,values after exponential moving average (EMA). The RMSE of the analyses with all observation ratios rapidly decreases and remains at a low level for the whole y
2312.12462v4,2312.12462v4:21383-23635,Towards an end-to-end artificial intelligence driv,0.762,2252,"to affect larger scales. Figure 3d shows the power spectra of the 10-day lead background and analysis for z500 variable. After data assimilation, Adas can signi"
2312.12462v4,2312.12462v4:23636-25920,Towards an end-to-end artificial intelligence driv,0.79,2284,"0.5%, 1%, 2.5%, 5%, and 10%, respectively. It demonstrates the robustness and anti-interference capability of Adas in the presence of noise. 6 arXiv Template A "
2312.12462v4,2312.12462v4:25921-28087,Towards an end-to-end artificial intelligence driv,0.793,2166,significantly worse than IFS-Analysis and ERA5. Figure 4d shows the scatter plot and corresponding fits between the observation and analysis values across the e
2312.12462v4,2312.12462v4:28088-30258,Towards an end-to-end artificial intelligence driv,0.783,2170,"forecasting skill of FengWu-Adas, we test its performance on ERA5, GDAS, and the Integrated Global Radiosonde Archive (IGRA) datasets and compare it with the IF"
2312.12462v4,2312.12462v4:30259-32380,Towards an end-to-end artificial intelligence driv,0.768,2121,"selected at 2017-01-27 00:00 UTC and the background uses the 96h forecast based on ERA5. b, Visualization of t850 variable and error distributions during data a"
2312.12462v4,2312.12462v4:32381-34837,Towards an end-to-end artificial intelligence driv,0.829,2456,potential of data-driven approaches. Discussion Significant progress has been made in AI-based weather forecasting research on the ideal setting based on ERA5 d
2312.12462v4,2312.12462v4:34838-37197,Towards an end-to-end artificial intelligence driv,0.801,2359,"inherit its shortcomings, such as the blurred prediction. This problem is hopeful to be solved as the forecasting model improves. In fact, ERA5 itself integrate"
2312.12462v4,2312.12462v4:37198-39197,Towards an end-to-end artificial intelligence driv,0.724,1999,"forecasts, demonstrating the promising potential of data-driven approaches. b, The box plot of the prediction RMSE across the GDAS evaluation stations with diff"
2312.12462v4,2312.12462v4:39198-41465,Towards an end-to-end artificial intelligence driv,0.746,2267,"years, from 1979 to 2017, is chosen to train and evaluate the model. We choose to conduct experiments on a total of 69 variables at a resolution of 0.25° (721 ×"
2312.12462v4,2312.12462v4:41466-43684,Towards an end-to-end artificial intelligence driv,0.734,2218,and the confidence at places without observations is set to 0 to indicate filled spurious observation values. Regarding the large number of missing GDAS observa
2312.12462v4,2312.12462v4:43685-45706,Towards an end-to-end artificial intelligence driv,0.674,2021,"then transformed by a linear layer. Therefore, patch merging achieves halving of the horizontal dimensions and doubling of the channel dimension. The patch expa"
2312.12462v4,2312.12462v4:45708-48132,Towards an end-to-end artificial intelligence driv,0.788,2424,arXiv Template A PREPRINT where ⊙represents element-wise multiplication. The Sigmoid(·) activation ensures that the confidence matrix values are between 0 and 1
2312.12462v4,2312.12462v4:48133-50346,Towards an end-to-end artificial intelligence driv,0.793,2213,"it is necessary to weigh the losses for different variables. Instead of setting the weights manually, the losses for each variable (i.e., each channel) are auto"
2312.12462v4,2312.12462v4:50347-51145,Towards an end-to-end artificial intelligence driv,0.703,798,"Training loss and optimization Inference speed Acknowledgements 15 xb    i ⊙(1 −mi) (5) i, xb i) (6) arXiv Template A PREPRINT Data availability The ERA5 datas"
2312.14980v1,2312.14980v1:0-2385,TPTNet: A Data-Driven Temperature Prediction Model,0.8,2385,"manuscript submitted to relevant journal TPTNet: A Data-Driven Temperature Prediction Model Based on Turbulent Potential Temperature Jun Park1,Changhoon Lee1,2 "
2312.14980v1,2312.14980v1:2386-4604,TPTNet: A Data-Driven Temperature Prediction Model,0.737,2218,"was identified, and the fluctuations from this mean variation were considered for training the prediction network. The altitudes of the weather stations were al"
2312.14980v1,2312.14980v1:4605-6800,TPTNet: A Data-Driven Temperature Prediction Model,0.699,2195,"reanalysis data has been known to be less reliable than observation data directly measured at the weather stations (Mooney et al., 2011; Zhu et al., 2023). Furt"
2312.14980v1,2312.14980v1:6801-9170,TPTNet: A Data-Driven Temperature Prediction Model,0.712,2369,"0m to 1800m above sea level in a small area of 100,210km2 in four distinct seasons, resulting in wide variations in temperature throughout the country and large"
2312.14980v1,2312.14980v1:9171-11223,TPTNet: A Data-Driven Temperature Prediction Model,0.682,2052,and turbulent temperature (T ′ i). T ′ i is converted to θ′ i using Equation 2. Turbulent potential temperature data at time t are injected into TPTNet as input
2312.14980v1,2312.14980v1:11224-13229,TPTNet: A Data-Driven Temperature Prediction Model,0.656,2005,"the various spatial interpolation methods are provided in the Supporting Information (Text S2, Table S1). From the predicted data on the meshes, station predict"
2312.14980v1,2312.14980v1:13230-15308,TPTNet: A Data-Driven Temperature Prediction Model,0.741,2078,"forecast hours (1, 3, 6, 12, and 24 h) were considered for comparison. 2.4 TPTNet To train the TPTNet, we tested three popular deep-learning models: CNN, Swin T"
2312.14980v1,2312.14980v1:15309-17358,TPTNet: A Data-Driven Temperature Prediction Model,0.7,2049,"counterbalance this reduction, we leverage patch splitting to increase the size. The encoder and decoder modules were integrated using a U-Net structure. In ter"
2312.14980v1,2312.14980v1:17359-19533,TPTNet: A Data-Driven Temperature Prediction Model,0.688,2174,"al., 2017), as illustrated in Figure 2(c). Graph edges were defined by connecting stations within a 30 km radius. Various experiments were conducted, including "
2312.14980v1,2312.14980v1:19534-21450,TPTNet: A Data-Driven Temperature Prediction Model,0.624,1916,a false value. These false and null data were replaced with linearly interpolated data from the nearest available data. When the first or last data were false o
2312.14980v1,2312.14980v1:21451-23604,TPTNet: A Data-Driven Temperature Prediction Model,0.726,2153,"that because the average distance between one station and the nearest station is 13km, data on the grids with 5km resolution can properly reflect the station da"
2312.14980v1,2312.14980v1:23605-25447,TPTNet: A Data-Driven Temperature Prediction Model,0.662,1842,"24 h seems reasonable. To assess the spatial correlation of the generated mesh data θ′ m, we investigated the spatial correlation functions Rh(r) and Rv(r) in t"
2312.14980v1,2312.14980v1:25448-27802,TPTNet: A Data-Driven Temperature Prediction Model,0.75,2354,"point is correlated with that at neighboring points. Because ordinary kriging was performed based on the station data on land, the spatial correlation functions"
2312.14980v1,2312.14980v1:27803-29886,TPTNet: A Data-Driven Temperature Prediction Model,0.718,2083,"as the number of training parameters increases, RMSE first decreases to reach a local minimum and then increases a little bit followed by decrease again as show"
2312.14980v1,2312.14980v1:29887-32044,TPTNet: A Data-Driven Temperature Prediction Model,0.758,2157,"respectively. From the comparison of RMSE between the mesh data and station data in the training of TPTNetCNN, it is noticeable that RMSE of the station data is"
2312.14980v1,2312.14980v1:32045-34206,TPTNet: A Data-Driven Temperature Prediction Model,0.72,2161,"is difficult to predict. 4.3 Test of TPTNet for the unseen data of 2020 In this section, the performances of the three trained networks based on data from 2000 "
2312.14980v1,2312.14980v1:34207-36091,TPTNet: A Data-Driven Temperature Prediction Model,0.74,1884,"and TPTNetST were similar, whereas RMSEi by TPTNetGNN was relatively uniform across the stations. Comparing the three models, RMSEi by NWP was widely scattered "
2312.14980v1,2312.14980v1:36092-38271,TPTNet: A Data-Driven Temperature Prediction Model,0.759,2179,"2.00 K, respectively. Those with RMSE greater than 3K are marked in red. The yellow and red arrows point to Yangyang station (ID 596) with the largest RMSE and "
2312.14980v1,2312.14980v1:38272-40574,TPTNet: A Data-Driven Temperature Prediction Model,0.749,2302,"Seoul area was mostly due to the high density of stations (22 stations within Seoul). In Gyeonggi-do region surrounding Seoul, the stations are relatively dense"
2312.14980v1,2312.14980v1:40575-42864,TPTNet: A Data-Driven Temperature Prediction Model,0.792,2289,"and TPTNetCNN against station measurements at two stations (ID 189 and 596), respectively. These two stations were selected because stations 189 and 596 yielded"
2312.14980v1,2312.14980v1:42865-45138,TPTNet: A Data-Driven Temperature Prediction Model,0.744,2273,"by the yellow arrow in Figure 10(b). Time series at 6-hour resolution is compared for one-month period in (a) spring, (b) summer, (c) autumn and (d) winter. and"
2312.14980v1,2312.14980v1:45139-47182,TPTNet: A Data-Driven Temperature Prediction Model,0.761,2043,solely on 2m temperature. We attempted to test the effect of terrain height and relative humidity on the prediction performance by concatenating the information
2312.14980v1,2312.14980v1:47183-47259,TPTNet: A Data-Driven Temperature Prediction Model,0.8,76,Korea (NRF) grant funded by the Korean Government (MSIP) (2022R1A2C2005538).
2312.15796v2,2312.15796v2:0-2101,GenCast: Diffusion-based ensemble forecasting for ,0.779,2101,"2024-5-2 GenCast: Diffusion-based ensemble forecasting for medium-range weather Ilan Price*,1, Alvaro Sanchez-Gonzalez*,1, Ferran Alet*,1, Tom R. Andersson1, An"
2312.15796v2,2312.15796v2:2102-4108,GenCast: Diffusion-based ensemble forecasting for ,0.724,2006,"large uncertainties about the future, giving rise to the famous “butterfly effect” (Lorenz and Haman, 1996). Making critical decisions often requires knowing no"
2312.15796v2,2312.15796v2:4109-5882,GenCast: Diffusion-based ensemble forecasting for ,0.614,1773,"function, 𝑟𝜃(green box), which is parameterised by 𝜃. The resulting 𝑍1 1 is the first refined candidate state, and this process repeats 𝑁times. The final 𝑍1 𝑁is"
2312.15796v2,2312.15796v2:5883-7635,GenCast: Diffusion-based ensemble forecasting for ,0.667,1752,"2023), however they have not addressed the issue of blurring, and have not rivaled operational ensemble forecasts like ENS. One exception is Neural GCM (Kochkov"
2312.15796v2,2312.15796v2:7636-9550,GenCast: Diffusion-based ensemble forecasting for ,0.666,1914,"Sohl-Dickstein et al., 2015; Song et al., 2021), a type of generative ML model used to generate new samples from a given data distribution, which underpins many"
2312.15796v2,2312.15796v2:9551-11670,GenCast: Diffusion-based ensemble forecasting for ,0.748,2119,it can be rolled out autoregressively to generate 15-day ensemble forecasts. Section D provides full details of the GenCast architecture and training protocol. 
2312.15796v2,2312.15796v2:11671-13686,GenCast: Diffusion-based ensemble forecasting for ,0.708,2015,"Hagibis’s landfall, GenCast’s predicted trajectory has high uncertainty, covering a wide range of possible scenarios. At shorter lead times, GenCast’s uncertain"
2312.15796v2,2312.15796v2:13687-15824,GenCast: Diffusion-based ensemble forecasting for ,0.71,2137,"spectra closely match ERA5’s, while the blurrier GenCast ensemble mean and GraphCast states have less power at shorter wavelengths. (h-m) These subplots are ana"
2312.15796v2,2312.15796v2:15825-18106,GenCast: Diffusion-based ensemble forecasting for ,0.729,2281,"GraphCast using ERA5 reanalysis plus the ERA5 EDA perturbations used for GenCast, however in order to improve dispersion and skill of the ensemble we found it n"
2312.15796v2,2312.15796v2:18107-20214,GenCast: Diffusion-based ensemble forecasting for ,0.74,2107,"the marginal distributions of the forecast represent the ground truth, and it is minimized, in expectation, by a forecast whose marginals reflect true predictiv"
2312.15796v2,2312.15796v2:20215-22327,GenCast: Diffusion-based ensemble forecasting for ,0.577,2112,"GraphCast-Perturbed only outperforms ENS on CRPS in 27% of targets, which are concentrated at shorter lead times. We also compared the Root Mean Squared Error ("
2312.15796v2,2312.15796v2:22328-24486,GenCast: Diffusion-based ensemble forecasting for ,0.734,2158,"of under-dispersion (over-confidence). Similarly, the members of an ideal ensemble forecast should be indistinguishable from ground truth values. Deviations fro"
2312.15796v2,2312.15796v2:24487-26686,GenCast: Diffusion-based ensemble forecasting for ,0.769,2199,"across a wide range of decision scenarios. 7.1. Local surface extremes Extreme heat, cold, wind, and other severe surface weather pose hazards to lives and prop"
2312.15796v2,2312.15796v2:26687-28632,GenCast: Diffusion-based ensemble forecasting for ,0.658,1945,"pooling regions of different sizes. exceedance of the 99.99th, 99.9th, and 99th percentile events, for high 2 m temperature and 10 m wind speed, and for extreme"
2312.15796v2,2312.15796v2:28633-30827,GenCast: Diffusion-based ensemble forecasting for ,0.714,2194,0.05 0.10 Pool size 0.15 120km 240km 480km 0.20 0 2 4 6 8 10 12 14 16 Lead time (days) 9 GenCast: Diffusion-based ensemble forecasting for medium-range weather 
2312.15796v2,2312.15796v2:30828-33000,GenCast: Diffusion-based ensemble forecasting for ,0.781,2172,"from Section 5. Forecasts and analysis targets are aggregated over circular spatial regions distributed to jointly cover the Earth’s surface, and CRPS is comput"
2312.15796v2,2312.15796v2:33001-35180,GenCast: Diffusion-based ensemble forecasting for ,0.734,2179,"of forecasts and analyses at all 5344 wind farm locations from the Global Power Plant Database (Byers et al. 2018, Figure E5). 10 m wind speeds are converted to"
2312.15796v2,2312.15796v2:35181-37208,GenCast: Diffusion-based ensemble forecasting for ,0.833,2027,"will also need to be trained on operational ENS inputs. As a diffusion model, GenCast is computationally more expensive than an equivalent deterministic MLWP ar"
2312.15796v2,2312.15796v2:37209-38511,GenCast: Diffusion-based ensemble forecasting for ,0.097,1302,. . . . . . . . . 19 B.2 Data preprocessing. . . . . . . . . . . . . . . . . . . . . . . . . . . . . . . . . . . . . . 20 B.3 Data Availability . . . . . . . . 
2312.15796v2,2312.15796v2:38512-39710,GenCast: Diffusion-based ensemble forecasting for ,0.082,1198,E.1 ENS initialisation and evaluation times . . . . . . . . . . . . . . . . . . . . . . . . . . 28 E.2 Verification metrics . . . . . . . . . . . . . . . . . . 
2312.15796v2,2312.15796v2:39711-40914,GenCast: Diffusion-based ensemble forecasting for ,0.071,1203,. . . . . . . . . . . . . . . . . 33 E.5.2 Cyclone tracker . . . . . . . . . . . . . . . . . . . . . . . . . . . . . . . . . . . 35 E.6 Spatially pooled evaluat
2312.15796v2,2312.15796v2:40915-42466,GenCast: Diffusion-based ensemble forecasting for ,0.274,1551,. . . . . . . . . . . . . . . . . . . . . . 56 F.9.1 Wind speed as a derived variable . . . . . . . . . . . . . . . . . . . . . . . . . 56 F.9.2 Pooled evaluati
2312.15796v2,2312.15796v2:42467-44128,GenCast: Diffusion-based ensemble forecasting for ,0.584,1661,"variables that are part of the underlying atmospheric fluid equations, on a discrete spatial grid or mesh. This joint distribution is assumed to be Markov, and "
2312.15796v2,2312.15796v2:44129-45688,GenCast: Diffusion-based ensemble forecasting for ,0.596,1559,"𝑋−1). This means we approximate a single step of the Forecast model as 𝑝( ¯𝑋𝑡| ¯𝑋𝑡−1) ≈𝑝(𝑋𝑡|𝑋𝑡−1, 𝑋𝑡−2). We generate 15-day forecasts, at 12 hour steps, so 𝑇= 3"
2312.15796v2,2312.15796v2:45689-47757,GenCast: Diffusion-based ensemble forecasting for ,0.64,2068,"at 1 hour increments, for hundreds of static, surface, and atmospheric variables. The ERA5 archive is based on reanalysis, which uses ECMWF’s Integrated Forecas"
2312.15796v2,2312.15796v2:47758-49982,GenCast: Diffusion-based ensemble forecasting for ,0.738,2224,"used dates from 1979 to 2017 for training and validated results on 2018. Before starting the test phase, we froze all model and training choices, retrained the "
2312.15796v2,2312.15796v2:49983-52200,GenCast: Diffusion-based ensemble forecasting for ,0.681,2217,"for any points for which EDA SST values were not available. Type Variable name Short ECMWF Role (accumulation name Parameter ID period, if applicable) Atmospher"
2312.15796v2,2312.15796v2:52201-54413,GenCast: Diffusion-based ensemble forecasting for ,0.742,2212,information or data it contains. • ENS and HRES data were downloaded and are downloadable from the ECMWF as of April 2024 (https://apps.ecmwf.int/datasets/data/
2312.15796v2,2312.15796v2:54414-56766,GenCast: Diffusion-based ensemble forecasting for ,0.775,2352,"for ERA5 itself (Hersbach et al., 2020), reducing the quality of the analysis. C.3. Deterministic analysis plus EDA perturbations Following ECMWF (Buizza et al."
2312.15796v2,2312.15796v2:56767-58610,GenCast: Diffusion-based ensemble forecasting for ,0.711,1843,selected the scale factor 0.085 and horizontal decorrelation length-scale 1200km based on CRPS scores for the resulting forecasts over a range of variables and 
2312.15796v2,2312.15796v2:58611-60178,GenCast: Diffusion-based ensemble forecasting for ,0.622,1567,"a diagonal matrix which inverts the normalisation7. We broadly follow the diffusion framework presented in Karras et al. (2022), and refer the reader to their p"
2312.15796v2,2312.15796v2:60179-62115,GenCast: Diffusion-based ensemble forecasting for ,0.683,1936,stochastic churn (again making use of 𝑝𝑛𝑜𝑖𝑠𝑒from Section D.2) and noise inflation techniques used in Karras et al. (2022) to inject further stochasticity into t
2312.15796v2,2312.15796v2:62116-63866,GenCast: Diffusion-based ensemble forecasting for ,0.731,1750,"Gaussian noise in the spherical harmonic domain, with an expected power spectrum that is flat over the range of wavenumbers that our grid is able to resolve, an"
2312.15796v2,2312.15796v2:63867-65537,GenCast: Diffusion-based ensemble forecasting for ,0.662,1670,"the mesh in GenCast is a 6-times refined icosahedral mesh as defined in Lam et al. (2023), with 41,162 nodes and 246,960 edges. The Processor consists of 16 con"
2312.15796v2,2312.15796v2:65538-66488,GenCast: Diffusion-based ensemble forecasting for ,0.476,950,"· 𝑍𝑡 𝑍𝑡 𝐷𝜃   Here 𝑍𝑡 D.4. Training the denoiser 𝑌𝑡= 𝐷𝜃   "" 𝜆(𝜎) 1 |𝐺||𝐽| ∑︁ ∑︁ 𝔼 𝑖∈𝐺 𝑡∈Dtrain where   𝜎; 𝑋𝑡−1, 𝑋𝑡−2, 𝑐𝑛𝑜𝑖𝑠𝑒(𝜎) 𝑐𝑖𝑛(𝜎)𝑍𝑡 . (D2) . (D3) # 𝑖,𝑗)2 "
2312.15796v2,2312.15796v2:66489-68280,GenCast: Diffusion-based ensemble forecasting for ,0.687,1791,"we construct a distribution whose quantiles match the noise-level schedule used for sample generation, assigning higher probability to noise levels which are cl"
2312.15796v2,2312.15796v2:68281-70142,GenCast: Diffusion-based ensemble forecasting for ,0.662,1861,and to operate on a 6-refined icosahedral mesh. The GNN and graph-transformer architectures are such that the same model weights can operate on the higher data 
2312.15796v2,2312.15796v2:70143-71744,GenCast: Diffusion-based ensemble forecasting for ,0.678,1601," for 𝑖∈{0 . . . 𝑁−1}. 𝜎𝑖:= 𝜎 Settings for the parameters of this schedule (𝜌, 𝜎𝑚𝑖𝑛, 𝜎𝑚𝑎𝑥, 𝑁) as well for stochastic churn and noise inflation are given in Tabl"
2312.15796v2,2312.15796v2:71745-73358,GenCast: Diffusion-based ensemble forecasting for ,0.614,1613,power evaluation (Section 8.2) is sensitive to the diurnal cycle since wind power capacity is sparsely and non-uniformly distributed around the world. Thus in t
2312.15796v2,2312.15796v2:73359-75190,GenCast: Diffusion-based ensemble forecasting for ,0.683,1831,"∑︁ ∑︁ ∑︁ |𝑥𝑚 |𝑥𝑚 . (E1) 𝑎𝑖 𝑖,𝑘| 𝐾 𝑀 𝑚 𝑚,𝑚′ 𝑖 𝑘 For CRPS, smaller is better. Here we use the traditional estimator of CRPS, which estimates the expected CRPS of "
2312.15796v2,2312.15796v2:75191-76651,GenCast: Diffusion-based ensemble forecasting for ,0.602,1460,"evaluation time and for each grid cell, we record the rank of the ground truth among the forecast ensemble members, from 1 to 𝑀+ 1, where 𝑀is the ensemble size,"
2312.15796v2,2312.15796v2:76652-78767,GenCast: Diffusion-based ensemble forecasting for ,0.727,2115,"medium-range weather 𝑖,𝑘∈{0, 1} and targets 𝑦𝑖,𝑘∈{0, 1} are binary variables, such as whether or not one is close to a cyclone, or whether surface temperature e"
2312.15796v2,2312.15796v2:78768-80182,GenCast: Diffusion-based ensemble forecasting for ,0.587,1414,"the event with an expense 𝐶(the ‘cost’), as reflected in Table E1: The optimal strategy is to take action whenever the probability of the event exceeds 𝐶/𝐿. Thi"
2312.15796v2,2312.15796v2:80183-81370,GenCast: Diffusion-based ensemble forecasting for ,0.569,1187,"probability ¯𝑥𝑖,𝑚exceeds 𝑞, obtaining binary forecasts: 𝑥𝑖,𝑘:= 𝕀[¯𝑥𝑖,𝑘> 𝑞]. (E11) We then compute the confusion matrix weighted by grid cell area: 1 |𝐺| := 1 ("
2312.15796v2,2312.15796v2:81371-82842,GenCast: Diffusion-based ensemble forecasting for ,0.632,1471,"to prepare when the event is actually going to occur, incurring an expense 𝐸𝑝𝑒𝑟𝑓𝑒𝑐𝑡= (TP + FN) · 𝐶. (E15) REV is then defined as 𝐸𝑐𝑙𝑖𝑚−𝐸𝑓𝑜𝑟𝑒𝑐𝑎𝑠𝑡 REV(𝐶/𝐿, 𝑞) := "
2312.15796v2,2312.15796v2:82843-84969,GenCast: Diffusion-based ensemble forecasting for ,0.759,2126,to see values equal to zero when a forecast does not improve on climatology. E.3. Statistical tests We compare GenCast with ENS on a number of verification metr
2312.15796v2,2312.15796v2:84970-87088,GenCast: Diffusion-based ensemble forecasting for ,0.76,2118,"(2024). Block length selection is performed separately for each lead time, variable and level, and for each setting of the metric in question (such as cost-loss"
2312.15796v2,2312.15796v2:87089-89374,GenCast: Diffusion-based ensemble forecasting for ,0.758,2285,"and 99th) and low (0.01st, 0.1st and 1st) climatological percentiles. These percentiles are computed per latitude/longitude using 7 recent years of 6-hourly dat"
2312.15796v2,2312.15796v2:89375-91578,GenCast: Diffusion-based ensemble forecasting for ,0.752,2203,the probability in each 1◦cell is the fraction of ensemble members predicting a cyclone centre within that cell. We choose 1◦as it corresponds to 111km at the e
2312.15796v2,2312.15796v2:91579-93538,GenCast: Diffusion-based ensemble forecasting for ,0.725,1959,"day lead times even when using HRES-fc0 ground truth, which puts GenCast at a disadvantage (Figure F19). 8 ERA5 HRESfc0 TempestExtremes cyclone counts 6 4 2 0 J"
2312.15796v2,2312.15796v2:93539-95799,GenCast: Diffusion-based ensemble forecasting for ,0.751,2260,"must be sufficiently compact with this closed contour falling within a 6.5◦great circle distance from the maximum. The second stage, StitchNodes, detects plausi"
2312.15796v2,2312.15796v2:95800-97984,GenCast: Diffusion-based ensemble forecasting for ,0.697,2184,analysis dataset. 8https://github.com/ClimateGlobalChange/tempestextremes 35 GenCast: Diffusion-based ensemble forecasting for medium-range weather Since Tempes
2312.15796v2,2312.15796v2:97985-100143,GenCast: Diffusion-based ensemble forecasting for ,0.722,2158,"aggregation methods from the neighbourhood verification literature: averagepooling and max-pooling (Figure E3), which assess how well models predict statistics "
2312.15796v2,2312.15796v2:100144-102327,GenCast: Diffusion-based ensemble forecasting for ,0.687,2183,distance) from one side of the pooling region through the centre to the opposite side. 37 GenCast: Diffusion-based ensemble forecasting for medium-range weather
2312.15796v2,2312.15796v2:102328-104400,GenCast: Diffusion-based ensemble forecasting for ,0.694,2072,"across all wind farm groups. By using power as the target variable, more weight is applied to pools containing more wind farm capacity in the global average CRP"
2312.15796v2,2312.15796v2:104401-105738,GenCast: Diffusion-based ensemble forecasting for ,0.258,1337,1e2 z500 1e2 z850 8 3 2 Absolute skill 6 2 1 4 1 2 0 1e 1 1e 1 1e 2 5 0 Relative skill 0.0 0 0.5 1 5 1.0 2 t300 3 u850 Absolute skill 1.0 1.0 2 0.5 0.5 1 1e 1 0
2312.15796v2,2312.15796v2:105739-107510,GenCast: Diffusion-based ensemble forecasting for ,0.548,1771,0.5 1.0 Rank (normalized) 0.0 0.5 1.0 Rank (normalized) 0.0 0.5 1.0 Rank (normalized) 0.0 0.5 1.0 Rank (normalized) 0.0 0.5 1.0 Rank (normalized) ENS GraphCast-
2312.15796v2,2312.15796v2:107511-109324,GenCast: Diffusion-based ensemble forecasting for ,0.506,1813,(days) temperature +20% 200 250 300 500 700 850 925 1000 +15% Percentage GenCast better than ENS +10% geopotential 200 250 300 500 700 850 925 1000 +5% 0% -5% s
2312.15796v2,2312.15796v2:109325-110986,GenCast: Diffusion-based ensemble forecasting for ,0.508,1661,10 15 Lead time (days) F.4. Precipitation 1e 3 q925 t850 4 1.5 2 1.0 0.5 1e 1 1e 1 2 2 0 0 2 2 2t 10u 1e2 msl 7.5 4 5.0 2 2.5 0.0 1e 1 1e 1 2 2 0 0 2 2 1 3 5 7 
2312.15796v2,2312.15796v2:110987-112713,GenCast: Diffusion-based ensemble forecasting for ,0.391,1726,1 0 Relative skill 5 0.0 2 2.5 0 4 1 3 5 7 10 15 Lead time (days) 1 3 5 7 10 15 Lead time (days) tp24hr SEEPS (dry_thres=0.25mm) tp24hr Rank Histogram 5 days le
2312.15796v2,2312.15796v2:112714-114764,GenCast: Diffusion-based ensemble forecasting for ,0.636,2050,"GenCast Figure F10 | Power spectrum plots for t300, u850, 2t, 10u and msl. 49 GenCast: Diffusion-based ensemble forecasting for medium-range weather F.6. GraphC"
2312.15796v2,2312.15796v2:114765-116578,GenCast: Diffusion-based ensemble forecasting for ,0.537,1813,"lead time in many cases, and up to 15 days lead time in some others, while in some cases the differences are not statistically significant. We also provide comp"
2312.15796v2,2312.15796v2:116579-118439,GenCast: Diffusion-based ensemble forecasting for ,0.56,1860,is better then ENS with statistical significance are shaded in grey. 52 GenCast: Diffusion-based ensemble forecasting for medium-range weather Relative economic
2312.15796v2,2312.15796v2:118440-120057,GenCast: Diffusion-based ensemble forecasting for ,0.571,1617,"skill score of one represents a perfect score, a skill score of 0 represents the skill of climatology, and below zero represents a skill worse than climatology."
2312.15796v2,2312.15796v2:120058-122020,GenCast: Diffusion-based ensemble forecasting for ,0.62,1962,which target ERA5. There is also a second distribution shift penalty because perfectly predicting ERA5 ground truth cyclone tracks would result in non-zero erro
2312.15796v2,2312.15796v2:122021-124130,GenCast: Diffusion-based ensemble forecasting for ,0.722,2109,Joint distribution F.9.1. Wind speed as a derived variable GraphCast and GraphCast-Perturbed can exhibit significant biases when used to forecast variables that
2312.15796v2,2312.15796v2:124131-126162,GenCast: Diffusion-based ensemble forecasting for ,0.692,2031,"relative to ENS. We aggregate the u-component and v-component of wind into wind speed, and include tp12hr in our surface variables. This results in 5400 pooled "
2312.15796v2,2312.15796v2:126163-127498,GenCast: Diffusion-based ensemble forecasting for ,0.335,1335,0.0 0.1 0.2 1 3 5 7 10 15 Bias 10v 10wind_speed 0.00 0.25 0.50 1 3 5 7 10 15 Lead time (days) 57 GenCast: Diffusion-based ensemble forecasting for medium-range 
2312.15796v2,2312.15796v2:127499-128965,GenCast: Diffusion-based ensemble forecasting for ,0.358,1466,0.0 0.0 0.2 0.2 0.4 0.4 0.4 0.2 0.2 0.2 0.0 2t 0.0 0.0 0.2 0.0 0.0 0.00 0.05 0.1 0.2 msl 0.10 0.2 0.4 0.15 0.0 1.0 1.0 0.2 tp12hr 0.5 0.5 0.4 0.0 0.0 3828 1922 
2312.15796v2,2312.15796v2:128966-130934,GenCast: Diffusion-based ensemble forecasting for ,0.596,1968,"vs ENS (±30.0%) 241 km 481 km 962 km 1,922 km 3,828 km 200 250 300 500 700 850 925 1000 Pressure (hPa) wind speed 200 250 300 500 700 850 925 1000 Pressure (hPa"
2312.15796v2,2312.15796v2:130935-133252,GenCast: Diffusion-based ensemble forecasting for ,0.78,2317,8 101214 Lead time (days) GenCast ENS Difference significant at p<0.05 Figure F27 | Regional wind power results. Grey shading indicates the lead times at which 
2312.15796v2,2312.15796v2:133253-135449,GenCast: Diffusion-based ensemble forecasting for ,0.662,2196,GenCast still outperforms ENS on 96% and 97% of ensemble-mean RMSE and CRPS targets respectively. RMSE u component of wind 200 250 300 500 700 850 925 1000 Pres
2312.15796v2,2312.15796v2:135450-137299,GenCast: Diffusion-based ensemble forecasting for ,0.503,1849,"ENS forecasts on 06/18 UTC targets. This is particularly the case at a 12-hour lead time, where 06/18-initialised ENS performs 6% worse than 00/12-initialised E"
2312.15796v2,2312.15796v2:137300-139225,GenCast: Diffusion-based ensemble forecasting for ,0.723,1925,component of wind geopotential temperature specific humidity 1 3 5 7 10 15 Lead time (days) 68 GenCast: Diffusion-based ensemble forecasting for medium-range we
2312.15796v2,2312.15796v2:139226-141374,GenCast: Diffusion-based ensemble forecasting for ,0.73,2148,"Category5 status. For Dorian, we picked a time when the cyclone had weakened to Category-2 status, to also capture capture its effects on the East coast of the "
2312.15796v2,2312.15796v2:141375-143433,GenCast: Diffusion-based ensemble forecasting for ,0.637,2058,Visualisation of Cyclone Idai trajectory forecasts. 71 GenCast: Diffusion-based ensemble forecasting for medium-range weather Typhoon Hagibis forecasts Forecast
2312.15796v2,2312.15796v2:143434-145670,GenCast: Diffusion-based ensemble forecasting for ,0.633,2236,"geopotential at 500 hPa (Figure G7), geopotential at 850 hPa (Figure G8), temperature at 850 hPa (Figure G9), temperature at 300 hPa (Figure G10), u component o"
2312.15796v2,2312.15796v2:145671-147738,GenCast: Diffusion-based ensemble forecasting for ,0.601,2067,with median CRPS error. This means that each figure shows a snapshot from a different forecast trajectory at each lead time. In each case we plot the first ense
2312.15796v2,2312.15796v2:147739-147838,GenCast: Diffusion-based ensemble forecasting for ,0.333,99,"Paper writing (reviewing and editing): F.A., T.R.A., P.B., A.E.K., D.M, S.M., I.P., A.S-G., M.W. 96"
2401.15305v2,2401.15305v2:0-2235,A Practical Probabilistic Benchmark for AI Weather,0.736,2235,"A Practical Probabilistic Benchmark for AI Weather Models Noah D. Brenowitz1,*, Yair Cohen1, Jaideep Pathak1, Ankur Mahesh2, Boris Bonev1, Thorsten arXiv:2401.1"
2401.15305v2,2401.15305v2:2236-4405,A Practical Probabilistic Benchmark for AI Weather,0.711,2169,"probabilistic forecasts are built. As a workaround, we propose benchmarking weather forecasts using lagged ensemble forecasting where forecasts initialized at d"
2401.15305v2,2401.15305v2:4406-6607,A Practical Probabilistic Benchmark for AI Weather,0.719,2201,"Lam et al., 2023] or mean absolute error [Bi et al., 2023, Chen et al., 2023b] as a key part of the loss function, and correspondingly their performance has oft"
2401.15305v2,2401.15305v2:6608-8775,A Practical Probabilistic Benchmark for AI Weather,0.692,2167,but ML methods can only be tested end-to-end which confounds comparisons given the assortment of frameworks in practice both for representing uncertainty in the
2401.15305v2,2401.15305v2:8776-11096,A Practical Probabilistic Benchmark for AI Weather,0.795,2320,"by scoring with the identical scoring routines, but both of these have their limitations. This data volume barrier will only grow higher as the resolution of gl"
2401.15305v2,2401.15305v2:11097-13326,A Practical Probabilistic Benchmark for AI Weather,0.73,2229,"LEF provides a parameter free ensemble forecasting system [Brankovi´c et al., 1990]. As such it can be used to fairly compare between different numerical and ma"
2401.15305v2,2401.15305v2:13327-15445,A Practical Probabilistic Benchmark for AI Weather,0.716,2118,(dots). The true time series (-) and the lagged ensemble average (- -) are also shown. (b) Comparison between the global mean CRPS of 500hpa height forecasts fr
2401.15305v2,2401.15305v2:15446-17399,A Practical Probabilistic Benchmark for AI Weather,0.658,1953,"the ML models evaluated in this study. Hindcasts are made with initial times taken every 12 hours from 2018-01-02 0Z through 2018-10-29 12Z, which is outside th"
2401.15305v2,2401.15305v2:17400-19664,A Practical Probabilistic Benchmark for AI Weather,0.754,2264,"for a given level of error (eRMSE). All metrics are globally averaged and area-weighted. We use unbiased estimators when applicable for CRPS [Zamo and Naveau, 2"
2401.15305v2,2401.15305v2:19665-21864,A Practical Probabilistic Benchmark for AI Weather,0.757,2199,"be best to choose the smallest M possible. That said, we have somewhat arbitrarily opted for a 9 member lagged-ensemble (M = 4). Figures A1 and A2 show our main"
2401.15305v2,2401.15305v2:21865-24198,A Practical Probabilistic Benchmark for AI Weather,0.802,2333,this analysis supports our working hypothesis that LEF is a meaningful probabilistic benchmark of operational relevance. We thus proceed to employ it to perform
2401.15305v2,2401.15305v2:24199-25874,A Practical Probabilistic Benchmark for AI Weather,0.508,1675,"to train it, wherein successive amounts of auto-regressive time-stepping are unfolded within the optimizer [Brenowitz and Bretherton, 2018, Weyn et al., 2020, L"
2401.15305v2,2401.15305v2:25875-28092,A Practical Probabilistic Benchmark for AI Weather,0.778,2217,"the 6 and 12-hour forecasts is then used as the training objective. This fine-tuning procedure is sequentially extended, with the context length progressively i"
2401.15305v2,2401.15305v2:28093-30204,A Practical Probabilistic Benchmark for AI Weather,0.719,2111,"training, and ensemble averaging are roughly equivalent in their ability to reduce the variance of a forecast and thus improve its deterministic skill. 3.4 Sens"
2401.15305v2,2401.15305v2:30205-31381,A Practical Probabilistic Benchmark for AI Weather,0.301,1176,"shows the same, but with a varying scale factor. The bias-corrected spread error ratio is defined by SER = (a) (b) ifs sfno 1 sfno 2 sfno 3 sfno 5 sfno 9 sfno 1"
2401.15305v2,2401.15305v2:31382-33643,A Practical Probabilistic Benchmark for AI Weather,0.773,2261,"1974]. Yet, the developers of physics-based models typically seek to retain sharpness in single-model forecasts and to increase the variance in ensembles of the"
2401.15305v2,2401.15305v2:33644-35981,A Practical Probabilistic Benchmark for AI Weather,0.753,2337,here. The analysis of ensemble calibration is made more ambiguous by this subtlety; we have used the LEF of IFS as a baseline to circumvent this issue. Finally 
2401.15305v2,2401.15305v2:35982-38111,A Practical Probabilistic Benchmark for AI Weather,0.716,2129,We further acknowledge Anima Anandkumar and Kamyar Azizzadenesheli for their helpful discussions. Open Research Software A parallel implementation of the lagged
2401.15305v2,2401.15305v2:38112-40205,A Practical Probabilistic Benchmark for AI Weather,0.729,2093,"forecasts at about 0.1◦ resolution [ECMWF, 2019b]. It is used operationally as the high resolution deterministic member of an ensemble forecasting system (ENS) "
2401.15305v2,2401.15305v2:40206-42017,A Practical Probabilistic Benchmark for AI Weather,0.651,1811,"and interleaving them in the forecast. FuXi [Chen et al., 2023b] combines both methods in the so-called cascade approach where separate models are trained and f"
2401.15305v2,2401.15305v2:42018-44210,A Practical Probabilistic Benchmark for AI Weather,0.695,2192,"2023]. Fourier Neural Operators are closely related to convolutional networks, where convolutions are computed in the continuous domain via the spectral theorem"
2401.15305v2,2401.15305v2:44211-46225,A Practical Probabilistic Benchmark for AI Weather,0.674,2014,"ensemble at fixed lead time square root, so that the square of RMSE is a time and space-averaged MSE. The deterministic RMSE is given by p ⟨|x0 −y|2⟩. (2) dRMSE"
2401.15305v2,2401.15305v2:46226-47716,A Practical Probabilistic Benchmark for AI Weather,0.422,1490,"can be cast into the BMA framework by letting p(y|fm) = δ(y −fm) where δ is Dirac’s delta function, and the wm are fit using least squares. Under this model, th"
2401.15305v2,2401.15305v2:47717-48871,A Practical Probabilistic Benchmark for AI Weather,0.32,1154,(m2/s2) u10m CRPS (m2/s2) Lead Time (days) = 5.0 Lead Time (days) = 5.0 1.4 1.4 Pearson's r: 0.83 Spearman's Rank Correlation: 0.81 Pearson's r: 0.82 Spearman's
2401.15305v2,2401.15305v2:48872-49295,A Practical Probabilistic Benchmark for AI Weather,0.357,423,z500 CRPS (m2/s2) Lead Time (days) = 5.0 Lead Time (days) = 5.0 180 180 Pearson's r: 0.81 Spearman's Rank Correlation: 0.80 Pearson's r: 0.80 Spearman's Rank Co
2402.01295v4,2402.01295v4:0-2303,ExtremeCast: Boosting Extreme Value Prediction for,0.757,2303,ExtremeCast: Boosting Extreme Value Prediction for Global Weather Forecast Wanghan Xu1 2 Kang Chen1 3 Tao Han1 4 Hao Chen1 Wanli Ouyang1 Lei Bai1 1Shanghai Arti
2402.01295v4,2402.01295v4:2304-4699,ExtremeCast: Boosting Extreme Value Prediction for,0.814,2395,"Despite the advancements in ML forecast models, there remains a significant challenge when it comes to the extreme weather forecast. More specifically, these mo"
2402.01295v4,2402.01295v4:4700-7053,ExtremeCast: Boosting Extreme Value Prediction for,0.805,2353,subsequently employs the rank histograms algorithm (Hamill 2001) to amalgamate all prediction results. This module serves as a plug-and-play component that does
2402.01295v4,2402.01295v4:7054-9095,ExtremeCast: Boosting Extreme Value Prediction for,0.734,2041,"cost of numerical models (Ben-Bouallegue et al. 2023). In recent years, data-driven models based on machine learning show significant potential for weather fore"
2402.01295v4,2402.01295v4:9096-11251,ExtremeCast: Boosting Extreme Value Prediction for,0.735,2155,"Cannon, and Monahan 2023) propose to separate high and low-frequency in the data through convolution and enhance the learning of high-frequency to improve extre"
2402.01295v4,2402.01295v4:11252-12926,ExtremeCast: Boosting Extreme Value Prediction for,0.486,1674,"period i as a tensor X i ∈RC×H×W , where C represents the number of atmospheric variables, H and W are the height and width. In this paper, we consider C = 69 a"
2402.01295v4,2402.01295v4:12927-14906,ExtremeCast: Boosting Extreme Value Prediction for,0.659,1979,"n) represents different samples. In the context of weather forecasting, assuming that Y1, Y2, ..., Yn correspond to the temperatures in different regions, then "
2402.01295v4,2402.01295v4:14907-16846,ExtremeCast: Boosting Extreme Value Prediction for,0.654,1939,from X i to X i+1. Define the optimization function obtained by maximum likelihood estimation of this extreme distribution as objM(·):   objM(eµ) = YM−eµ −YM−
2402.01295v4,2402.01295v4:16847-18539,ExtremeCast: Boosting Extreme Value Prediction for,0.57,1692,"into a completely symmetric function. In actual operation, we use linear scaling to make the optimization objective function objM(·) symmetrical within a certai"
2402.01295v4,2402.01295v4:18540-20859,ExtremeCast: Boosting Extreme Value Prediction for,0.73,2319,"for a given initial condition, there are multiple possible predictions. Some low-probability extreme events only exist in some prediction results. In such scena"
2402.01295v4,2402.01295v4:20860-22842,ExtremeCast: Boosting Extreme Value Prediction for,0.708,1982,"Atmospheric Variables. The levels are 50,100,150, 200,250,300,400,500,600,700,850,925,1000hPa. Network Structure. Md has the same network structure as (Chen et "
2402.01295v4,2402.01295v4:22843-25061,ExtremeCast: Boosting Extreme Value Prediction for,0.76,2218,"but their focus is different. RQE reflects more on the global scale, while SEDI reflects more on the regional (pixel-level) scale. 4.2 Global Extreme Weather Fo"
2402.01295v4,2402.01295v4:25062-26584,ExtremeCast: Boosting Extreme Value Prediction for,0.489,1522,"exceeding 24 hours, our model has similar performance to FuXi-Extreme and ECMWF-IFS. For surface wind speed, our model significantly outperforms other models ac"
2402.01295v4,2402.01295v4:26585-27645,ExtremeCast: Boosting Extreme Value Prediction for,0.113,1060,0.8 0.8 0.7 0.7 0.6 0.6 ws10 90th 0 25 50 75 100 125 0.5 3 1.75 2.5 1.5 2 1.25 1.5 1 1 0.75 0.5 u10 0 25 50 75 100 125 0.5 t2m 0 25 50 75 100 125 5×10−4 10−3 1.
2402.01295v4,2402.01295v4:27646-29476,ExtremeCast: Boosting Extreme Value Prediction for,0.676,1830,-0.0007 -0.0374 +0.0063 -0.0173 0.7643 0.6405 0.6791 0.5773 ➄ ✓ ✓ × +0.0002 -0.0496 -0.0291 -0.0459 0.7764 0.6927 0.6627 0.5517 ➅ ✓ ✓ ✓ +0.0008 -0.0120 +0.0092 
2402.01295v4,2402.01295v4:29477-31744,ExtremeCast: Boosting Extreme Value Prediction for,0.794,2267,"Through Table 2, we find that all three modules are beneficial in enhancing the prediction of extreme values. Specifically, we discover that the asymmetric opti"
2402.04290v1,2402.04290v1:0-2149,CasCast: Skillful High-resolution Precipitation No,0.759,2149,CasCast: Skillful High-resolution Precipitation Nowcasting via Cascaded Modelling Junchao Gong 1 2 Lei Bai 2 Peng Ye 2 Wanghan Xu 2 Na Liu 3 Jianhua Dai 4 Xiaok
2402.04290v1,2402.04290v1:2150-4177,CasCast: Skillful High-resolution Precipitation No,0.747,2027,model model 𝑦′ 𝑦′′ deterministic models probabilistic models 𝑛𝑜𝑖𝑠𝑒 latent space E(𝑥) CNN/ViT/ E RNN D Diffusion E(𝑦′ ) 𝑦′′ 𝑛𝑜𝑖𝑠𝑒 Our CasCast Figure 1. Different
2402.04290v1,2402.04290v1:4178-6421,CasCast: Skillful High-resolution Precipitation No,0.758,2243,"of future weather systems, enabling them to capture small-scale weather phenomena (Ravuri et al., 2021; Zhang et al., 2023; Gao et al., 2023). However, probabil"
2402.04290v1,2402.04290v1:6422-8688,CasCast: Skillful High-resolution Precipitation No,0.788,2266,diffusion transformer in a low-dimensional latent space. This frame-wise guidance in diffusion transformer ensures a frame-to-frame correspondence between blurr
2402.04290v1,2402.04290v1:8689-10824,CasCast: Skillful High-resolution Precipitation No,0.713,2135,to respectively extract spatial and temporal features of precipitation for deterministic forecasting. PredRNN enhances the capability of spatial-temporal modeli
2402.04290v1,2402.04290v1:10825-12969,CasCast: Skillful High-resolution Precipitation No,0.652,2144,"as shown in Figure 3. The deterministic model takes the previous observations x0:T as inputs to predict singlevalued future precipitation y′ T :T ′, formulated "
2402.04290v1,2402.04290v1:12970-15009,CasCast: Skillful High-resolution Precipitation No,0.663,2039,"However, y′ T :T ′ effectively represents the global distribution of precipitation, because the mesoscale systems, dominating global patterns of the precipitati"
2402.04290v1,2402.04290v1:15010-16628,CasCast: Skillful High-resolution Precipitation No,0.594,1618,"prediction is generated through the diffusion denoise process on a novel CasFormer, and decoded back to the pixel space by a pretrained decoder. Right: Illustra"
2402.04290v1,2402.04290v1:16629-17861,CasCast: Skillful High-resolution Precipitation No,0.542,1232,"iteratively estimate xk−1 from pθ(xk−1|xk) using MAE (maximum likelihood estimation). Finally, Gaussian noise xK is denoised into data sample x0. Framewise Auto"
2402.04290v1,2402.04290v1:17862-19808,CasCast: Skillful High-resolution Precipitation No,0.625,1946,"to train a framewise autoencoder with pixel-wise loss and adversarial loss. Specifically, frame encoder E is trained to encode radar echo frame x ∈R1×C×H×W into"
2402.04290v1,2402.04290v1:19809-21773,CasCast: Skillful High-resolution Precipitation No,0.64,1964,"f of the same prediction sequence are aggregated into the sequence-wise feature hs ∈R(T ′−T )×d′,h,w by a sequence aggregator. In the sequence aggregator, frame"
2402.04290v1,2402.04290v1:21774-23709,CasCast: Skillful High-resolution Precipitation No,0.637,1935,"1), k ∼U(0, 1), zy = E(yT :T ′), zk = √¯ αkzy + √1 −¯ αkϵ and zcond = [E(y′ T :T ′), E(x0:T )]. 4.1.2. EVALUATION. Following (Gao et al., 2023), we utilize the "
2402.04290v1,2402.04290v1:23710-25388,CasCast: Skillful High-resolution Precipitation No,0.551,1678,"6,978 2,234 994 0.01◦ 400 5min 12 12 SEVIR. SEVIR (Veillette et al., 2020) is an Earth observation dataset that contains weather radar observations. The NEXRAD "
2402.04290v1,2402.04290v1:25389-26528,CasCast: Skillful High-resolution Precipitation No,0.25,1139,"0.0253 0.7649 0.5311 0.4198 0.4226 0.4410 0.2526 0.2532 0.2782 0.1362 0.1359 0.1526 SimV P (Gao et al., 2022b) 0.0259 0.7772 0.5280 0.4153 0.4226 0.4530 0.2532 "
2402.04290v1,2402.04290v1:26529-28601,CasCast: Skillful High-resolution Precipitation No,0.727,2072,the accuracy for regional extreme precipitation with vertically integrated liquid 12.14kg/m2 (181) and 32.23kg/m2 with the highest learning rate of 1e-4 and a c
2402.04290v1,2402.04290v1:28602-30580,CasCast: Skillful High-resolution Precipitation No,0.703,1978,"are deterministic short-term precipitation forecasting models designed based on recurrent mechanisms. SimVP (Gao et al., 2022b) and EarthFormer (Gao et al., 202"
2402.04290v1,2402.04290v1:30581-31528,CasCast: Skillful High-resolution Precipitation No,0.059,947,POOL4 POOL16 POOL1 POOL4 POOL16 POOL1 POOL4 POOL16 ConvLSTM 0.0257 0.4000 0.4084 0.4280 0.1569 0.1843 0.2472 0.0218 0.3008 0.3050 0.3465 0.0982 0.1091 0.1588 Pr
2402.04290v1,2402.04290v1:31529-33362,CasCast: Skillful High-resolution Precipitation No,0.678,1833,0.2158 0.2772 0.3653 0.0180 0.3156 0.3650 0.4420 0.1204 0.1563 0.2357 model Figure 4. HSS scores and CSI scores of autoencoders with different latent dimensions
2402.04290v1,2402.04290v1:33363-35498,CasCast: Skillful High-resolution Precipitation No,0.77,2135,"0.4401 0.5225 0.1851 0.2841(+91.83%) 4.3.2. GAINS OF CASCADED MODELLING To validate the effectiveness of the cascaded strategy in CasCast, we conducted tests on"
2402.04290v1,2402.04290v1:35499-37798,CasCast: Skillful High-resolution Precipitation No,0.855,2299,"to that 1-frame-split, ensuring a one-to-one correspondence between the latent vector z and the blur prediction, provides the most matching conditions for frame"
2402.04342v2,2402.04342v2:0-2168,Building Ocean Climate Emulators,0.735,2168,"Published as a workshop paper at ”Tackling Climate Change with Machine Learning”, ICLR 2024 BUILDING OCEAN CLIMATE EMULATORS Adam Subel & Laure Zanna ∗ Courant "
2402.04342v2,2402.04342v2:2169-4254,Building Ocean Climate Emulators,0.7,2085,"(Chattopadhyay et al., 2023), and a 3D global emulation on 30-day timescales (Xiong et al., 2023). The emulation of ocean dynamics involves a different set of c"
2402.04342v2,2402.04342v2:4255-6347,Building Ocean Climate Emulators,0.729,2092,"which is natively on a 1/2◦-resolution grid, we use bilinear interpolation of the data directly onto the 1/4◦-resolution grid. We will consider the state vector"
2402.04342v2,2402.04342v2:6348-8268,Building Ocean Climate Emulators,0.65,1920,the neural network. The loss function is a combination of mean squared error with an additional point-wise loss on kinetic energy such that: N X L(N) =   mse 
2402.04342v2,2402.04342v2:8269-10461,Building Ocean Climate Emulators,0.751,2192,"high decorrelation time; however, this emulator fails to capture the full range of time scales in velocity. Providing both boundary inputs (red line) leads to t"
2402.04342v2,2402.04342v2:10462-12760,Building Ocean Climate Emulators,0.783,2298,"emulator with ∆t = 2, and the best skill across all velocity metrics. Reducing the training window for an emulator is detrimental to skill, as shown in the bott"
2402.04342v2,2402.04342v2:12761-15108,Building Ocean Climate Emulators,0.757,2347,achieved by increasing the time step or the number of recurrent passes during training. 4 Published as a workshop paper at ”Tackling Climate Change with Machine
2402.04342v2,2402.04342v2:15109-17193,Building Ocean Climate Emulators,0.688,2084,"cycle. We compute our uncertainty over these 5 initial conditions using the same three networks mentioned above, yielding a total of 15 rollouts to compare. For"
2402.04342v2,2402.04342v2:17194-19142,Building Ocean Climate Emulators,0.66,1948,Year South Pacific 224 × 241 4.72 ± 0.07 Seconds Gulf Stream 119 × 189 2.34 ± 0.04 Seconds African Cape 204 × 241 4.29 ± 0.06 Seconds Tropics 124 × 281 3.31 ± 0
2402.04342v2,2402.04342v2:19143-20999,Building Ocean Climate Emulators,0.665,1856,in predicting temperature. The distance between the orange (without lateral boundaries) and red line shows that better capturing the open boundaries prevent the
2402.04342v2,2402.04342v2:21000-23241,Building Ocean Climate Emulators,0.772,2241,"PNx,Ny (5) i,j Ai,jWi,j (6) i,j Ai,jWi,j Published as a workshop paper at ”Tackling Climate Change with Machine Learning”, ICLR 2024 Figure 6: Impact of lateral"
2402.04342v2,2402.04342v2:23242-25574,Building Ocean Climate Emulators,0.804,2332,"depth of 525 m, showing the skill of each emulator in performing long roll-outs. Left: the time spectra of the mean meridional velocity; Right: mean temperature"
2402.04342v2,2402.04342v2:25575-27965,Building Ocean Climate Emulators,0.768,2390,Pacific. The snapshots from the African Cape region show results with models all matching the training window of the base model. These models match those shown 
2402.04342v2,2402.04342v2:27966-30284,Building Ocean Climate Emulators,0.804,2318,"the benefit of increasing ∆t, and the bottom panels demonstrate the performance loss when decreasing the number of rollouts, N. The shading indicates the standa"
2402.04342v2,2402.04342v2:30285-32098,Building Ocean Climate Emulators,0.562,1813,in performing long rollouts. Left: the time spectra of the mean zonal velocity; Right: mean temperature timeseries. The shading shows the standard deviation acr
2402.04342v2,2402.04342v2:32099-33108,Building Ocean Climate Emulators,0.191,1009,Metrics for the African Cape at t = 10 days RMSE u 0.074 0.078 0.085 0.068 0.094 0.092 0.137 RMSE v 0.075 0.077 0.084 0.070 0.091 0.089 0.142 RMSE T 1.152 0.809
2402.17966v4,2402.17966v4:0-2317,STC-ViT: Spatio Temporal Continuous Vision Transfo,0.815,2317,Journal of Machine Learning Research (2025) 1-22 Submitted 11/25 STC-ViT: Spatio Temporal Continuous Vision Transformer for Medium-range Global Weather Forecast
2402.17966v4,2402.17966v4:2318-4584,STC-ViT: Spatio Temporal Continuous Vision Transfo,0.799,2266,"spatio-temporal forecasting problem in which atmospheric state variables such as temperature, pressure, humidity, and wind evolve together across both space and"
2402.17966v4,2402.17966v4:4585-6830,STC-ViT: Spatio Temporal Continuous Vision Transfo,0.808,2245,encoder stacks in Vision Transformer (ViT) models. We build upon the core ideas of temporal continuity introduced by Neural Ordinary Differential Equation (NODE
2402.17966v4,2402.17966v4:6831-9044,STC-ViT: Spatio Temporal Continuous Vision Transfo,0.763,2213,continuous depth with explicit accuracy/latency control. 2. We introduce a spectral branch that pairs FNO with a spherical-harmonic encoder to produce band-limi
2402.17966v4,2402.17966v4:9045-11225,STC-ViT: Spatio Temporal Continuous Vision Transfo,0.764,2180,"medium-range weather prediction benchmarks indicating that transformer architectures can achieve high accuracy without explicit physics constraints, purely driv"
2402.17966v4,2402.17966v4:11226-13077,STC-ViT: Spatio Temporal Continuous Vision Transfo,0.636,1851,"equation parameterized by a neural network: dh(t) dt = f(h(t), t, θ) (1) where dh(t) dt is the derivative of the hidden state with respect to time, f is a neura"
2402.17966v4,2402.17966v4:13078-14900,STC-ViT: Spatio Temporal Continuous Vision Transfo,0.624,1822,"with no dateline seam or polar distortion. SH provides a coordinate-invariant positional basis and clean control of spectral content. In weather forecasting, SH"
2402.17966v4,2402.17966v4:14901-16417,STC-ViT: Spatio Temporal Continuous Vision Transfo,0.589,1516,"m) with 0 ≤ℓ≤L and −ℓ≤m ≤ℓ. For each patch center with latitude–longitude (θn, ϕn), we evaluate spherical harmonics using colatitude ϑn = π 2 −θn ∈(0, π) and az"
2402.17966v4,2402.17966v4:16418-18262,STC-ViT: Spatio Temporal Continuous Vision Transfo,0.673,1844,"of low/mid frequencies of size (Mh, Mw) and set all other modes to zero. This hard band-limit suppresses high-frequency noise and stabilizes training. Inside th"
2402.17966v4,2402.17966v4:18263-20137,STC-ViT: Spatio Temporal Continuous Vision Transfo,0.618,1874,"Nguyen et al. (2023a)), TFNO are Fourier-pooled tokens, and TSH are spherical-harmonic positional tokens. Here B is batch size, Np the number of patches, and D "
2402.17966v4,2402.17966v4:20138-21938,STC-ViT: Spatio Temporal Continuous Vision Transfo,0.656,1800,"within the model is explicitly conditioned on the temporal coordinate. Formally, the transformation is given by Equation 12. fθ 7→LN fθ →RB×Np×D (12)    FFN(At"
2402.17966v4,2402.17966v4:21939-23808,STC-ViT: Spatio Temporal Continuous Vision Transfo,0.621,1869,(ECMWF). We compare STC-ViT against several weather forecasting models by training it at two different resolutions of 5.625◦(32 x 64 grid points) provided by We
2402.17966v4,2402.17966v4:23809-26017,STC-ViT: Spatio Temporal Continuous Vision Transfo,0.725,2208,times which shows that adding global context in local patch driven transformer architecture along with continuous depth parameterization of encoder derives impr
2402.17966v4,2402.17966v4:26018-27067,STC-ViT: Spatio Temporal Continuous Vision Transfo,0.16,1049,"WeatherBench2 10 k,i,j ˆ X′k,i,jX′ (16) k,i,j L(i)X′2 P k,i,j k,i,j STC-ViT Table 1: RMSE and ACC results of STC5.6 compared against ClimODE (ODE based) and Cli"
2402.17966v4,2402.17966v4:27068-28682,STC-ViT: Spatio Temporal Continuous Vision Transfo,0.562,1614,0.96 0.91 0.93 24 1.45 2.05 1.82 0.96 0.92 0.93 36 1.61 2.71 2.36 0.95 0.83 0.89 72 1.87 2.85 2.63 0.93 0.80 0.86 144 2.52 3.37 3.28 0.87 0.78 0.83 T2m (K) 12 1
2402.17966v4,2402.17966v4:28683-30618,STC-ViT: Spatio Temporal Continuous Vision Transfo,0.584,1935,by comparing configurations with depth-1 and depth-8 encoder–decoder layers. Increasing depth significantly improved representational capacity and long-range de
2402.17966v4,2402.17966v4:30619-32157,STC-ViT: Spatio Temporal Continuous Vision Transfo,0.388,1538,encoder with a continuous parameterized neural ode which improves the performance by a margin emphasizing the efficiency of continuous-time representations for 
2402.17966v4,2402.17966v4:32158-34593,STC-ViT: Spatio Temporal Continuous Vision Transfo,0.792,2435,"performs competitively with state-of-the-art data-driven weather forecasting models, it is important to address its limitations in weather forecasting systems. "
2402.17966v4,2402.17966v4:34594-36477,STC-ViT: Spatio Temporal Continuous Vision Transfo,0.596,1883,200 1.5 10 20 30 10 20 30 7 Pathway to Impact 14 T850 (k) u10 (m/s) 4.0 4.5 4.0 3.5 3.5 3.0 3.0 2.5 2.5 2.0 2.0 1.5 10 20 30 1.5 10 20 30 STC-ViT regional forec
2402.17966v4,2402.17966v4:36478-38600,STC-ViT: Spatio Temporal Continuous Vision Transfo,0.694,2122,"(8, 8) for 5.625◦, (30, 30) for 1.5◦ ℓmax number of harmonic frequency bands 8 for 5.625◦, 30 for 1.5◦ norm data normalization z score epochs total training epo"
2402.17966v4,2402.17966v4:38601-38843,STC-ViT: Spatio Temporal Continuous Vision Transfo,0.771,242,"(DOI: 10.26190/ PMN5-7J50), a high performance computing center for providing us with the GPU resources and data collection specifically high resolution weather"
2403.03702v2,2403.03702v2:0-2154,Development of an offline and online hybrid model ,0.73,2154,R E S E A R C H A R T I C L E Development of an offline and online hybrid model for the Integrated Forecasting System arXiv:2403.03702v2 [stat.ML] 4 Jun 2025 Al
2403.03702v2,2403.03702v2:2155-4479,Development of an offline and online hybrid model ,0.78,2324,"| INTRODUCTION Since early 2022 and the work of Keisler (2022), several fully data-driven global numerical weather prediction (NWP) models (notably Pathak et al"
2403.03702v2,2403.03702v2:4480-6622,Development of an offline and online hybrid model ,0.713,2142,"models are usually trained using mean squared or mean absolute error as loss function). Consequently, they struggle to represent fundamental dynamical balances "
2403.03702v2,2403.03702v2:6623-8584,Development of an offline and online hybrid model ,0.687,1961,"al., 2023; Ross et al., 2023) to generic model error correction (Bonavita and Laloyaux, 2020; Wikner et al., 2020; Farchi et al., 2021b,a; Brajard et al., 2021;"
2403.03702v2,2403.03702v2:8585-10553,Development of an offline and online hybrid model ,0.635,1968,"and demonstrate that, after successful applications to low-order and intermediate models, NN 4D-Var can be used to build hybrid models on top of realistic, stat"
2403.03702v2,2403.03702v2:10554-12407,Development of an offline and online hybrid model ,0.555,1853,"the observation errors follow centred normal distributions with covariance matrices Rk . In this equation, Mk :l : ÒNx →ÒNx is the resolvent of the dynamical mo"
2403.03702v2,2403.03702v2:12408-14365,Development of an offline and online hybrid model ,0.615,1957,"replaced by the hybrid model Mh. Second, the parameters of the statistical model p are included in the control Farchi et al. 5 variable, so that they can be est"
2403.03702v2,2403.03702v2:14366-16650,Development of an offline and online hybrid model ,0.734,2284,depends on the choice of the background values of the model parameters pb and background error covariance matrix for model parameters P. Let us see how pb and P
2403.03702v2,2403.03702v2:16651-18850,Development of an offline and online hybrid model ,0.734,2199,"to 47r2), there was no major model update in this period so that the model error is expected be roughly similar throughout the entire dataset. Note that most of"
2403.03702v2,2403.03702v2:18851-20815,Development of an offline and online hybrid model ,0.61,1964,"we retrieved the data at the intermediate T63 resolution, where T means that we have used a triangular spectral truncation. In order to be able to perform exten"
2403.03702v2,2403.03702v2:20816-23131,Development of an offline and online hybrid model ,0.729,2315,"this approach will be called post-processing mode. Of course, it is also possible to combine the two approaches (Finn et al., 2023), but in order to stay within"
2403.03702v2,2403.03702v2:23132-25245,Development of an offline and online hybrid model ,0.671,2113,"typically only account for vertical processes) and not from the dynamical core. Furthermore, this approach has many practical advantages, which is why it has al"
2403.03702v2,2403.03702v2:25246-27436,Development of an offline and online hybrid model ,0.685,2190,"= Nvar = 412, respectively. After preliminary screening experiments (not described here), we decided to use a feed-forward fully-connected neural network, made "
2403.03702v2,2403.03702v2:27437-29084,Development of an offline and online hybrid model ,0.483,1647,"to G operating With these notations, for a set of well-calibrated parameters p⋆, we would want: , xo . xo In the offline training step, the parameters p are fou"
2403.03702v2,2403.03702v2:29085-30924,Development of an offline and online hybrid model ,0.56,1839,"xi t,i,j ≈G , (8a) t,i,j   p⋆, xi t ≈F . (8b) t 2 , (9) zo   p, zi t,i,j −bG t,i,j 2 , (10)   p, zi t −SbF t 10 Farchi et al. TABLE 1 Relative wMSE comput"
2403.03702v2,2403.03702v2:30925-32944,Development of an offline and online hybrid model ,0.68,2019,"For the BL2020 network, the scores are different from those reported by BL2020, which is primarily explained by the following three factors: (i) our score is co"
2403.03702v2,2403.03702v2:32945-35137,Development of an offline and online hybrid model ,0.728,2192,"model error correction has been built and pre-trained offline, it is time to apply it online within data assimilation experiments. In section 4.1, we briefly de"
2403.03702v2,2403.03702v2:35138-37424,Development of an offline and online hybrid model ,0.739,2286,"TL159 and TL255 4. In all our experiments employing the neural network model error correction we applied the corrections in the assimilation, in all three outer"
2403.03702v2,2403.03702v2:37425-39742,Development of an offline and online hybrid model ,0.741,2317,errors are visible in the extra-tropics at all lead times. The difference in performance between prediction and post-processing mode is even more evident for ve
2403.03702v2,2403.03702v2:39743-41737,Development of an offline and online hybrid model ,0.497,1994,among the tested values with the remaining choices showing signs of either overfitting (for p = 0.001) or limited impact (for p = 0.0001) with respect to the pr
2403.03702v2,2403.03702v2:41738-43952,Development of an offline and online hybrid model ,0.677,2214,"30 60 90 Latitude Latitude Latitude -20% -10% 0% 10% 20% Normalised RMSE difference, vector wind FIGUR E 3 Same as fig. 2 for the vector wind fields. Farchi et "
2403.03702v2,2403.03702v2:43953-46384,Development of an offline and online hybrid model ,0.773,2431,of the neural network model of model error as part of the data assimilation process should result in improved forecast scores following the results of Farchi et
2403.03702v2,2403.03702v2:46385-48455,Development of an offline and online hybrid model ,0.624,2070,"corrected by the neural network, namely for the relative humidity (r), total cloud cover (tcc) and total precipitation (tp) fields in extra tropics. It is also "
2403.03702v2,2403.03702v2:48456-50611,Development of an offline and online hybrid model ,0.667,2155,fields as a function of pressure level (for three-dimensional fields). Left panel: the impact of online training (Online) with respect to the standard weak cons
2403.03702v2,2403.03702v2:50612-53012,Development of an offline and online hybrid model ,0.81,2400,"to 3 (in blue, yellow, green, and red) are the four hidden layers, and layer 4 (in purple) is the output layer. a very small background error covariance matrix "
2403.03702v2,2403.03702v2:53013-55386,Development of an offline and online hybrid model ,0.761,2373,"tropospheric errors are less predictable and therefore harder to learn, yet one can already notice small (although not yet statistically significant) positive i"
2403.03702v2,2403.03702v2:55387-57848,Development of an offline and online hybrid model ,0.816,2461,"or simply the spatial gradients as suggested in the previous paragraph). On one hand, convolutional neural networks would be an attractive alternative, because "
2403.03702v2,2403.03702v2:57849-60217,Development of an offline and online hybrid model ,0.778,2368,"three months online). Our experiments confirm, to a certain degree, that offline pre-training is useful, but they also show that there is a significant discrepa"
2403.03702v2,2403.03702v2:60218-62651,Development of an offline and online hybrid model ,0.769,2433,"However, we must keep in mind that, rigorously speaking, the analysis increments are a proxy for model error only at the start of the window. 5.4 | Towards high"
2403.03702v2,2403.03702v2:62652-64949,Development of an offline and online hybrid model ,0.731,2297,"framework, NN 4D-Var, can be seen as a natural extension or reformulation of weakconstraint 4D-Var, a well established data assimilation method. Consequently it"
2403.03702v2,2403.03702v2:64950-67304,Development of an offline and online hybrid model ,0.749,2354,"assimilation experiments, where only the model state is estimated (i.e. the neural network parameters are not estimated), we show that the neural network correc"
2403.03702v2,2403.03702v2:67305-69256,Development of an offline and online hybrid model ,0.603,1951,"distributed over the entire available data. In the second strategy, “old”, the selected days are the most ancient days in the available data. Finally, in the th"
2403.03702v2,2403.03702v2:69257-71584,Development of an offline and online hybrid model ,0.791,2327,"our study, because of the continuous updates in the IFS which progressively changes the model and hence the model errors. Therefore, there is a balance to find "
2403.03702v2,2403.03702v2:71585-73486,Development of an offline and online hybrid model ,0.618,1901,"bias contribution to the wMSE is always lower than 2 % and on averaged lower than 0.3 %, meaning that the neural network is able to provide an accurate estimati"
2403.03702v2,2403.03702v2:73487-75525,Development of an offline and online hybrid model ,0.647,2038,"latitude and model levels (in pressure coordinate) for each of the three atmospheric variables: t (top panel), vo (middle panel), and d (bottom panel). 28 Farch"
2403.03702v2,2403.03702v2:75526-77779,Development of an offline and online hybrid model ,0.761,2253,one should keep in mind that model levels are not evenly distributed in the vertical direction. These spectra are therefore more representative of the lowest at
2403.03702v2,2403.03702v2:77780-79809,Development of an offline and online hybrid model ,0.636,2029,10−14 0 8 16 24 32 40 48 56 64 Spherical harmonic degree 10−9 10−10 10−2 10−3 10−13 10−14 10−13 10−14 0 3 6 9 12 15 Spherical harmonic degree 30 Farchi et al. 1
2403.03702v2,2403.03702v2:79810-81889,Development of an offline and online hybrid model ,0.662,2079,"for the T15 resolution). Note that in the T7 resolution, the data in grid-point space is widely over-sampled (the smallest Gauss–Legendre grid that can represen"
2403.03702v2,2403.03702v2:81890-84278,Development of an offline and online hybrid model ,0.757,2388,"it is indeed a consequence of the increase in the resolution, and hence in the information content, of the dataset. By contrast, in the univariate setup there i"
2403.03702v2,2403.03702v2:84279-86115,Development of an offline and online hybrid model ,0.596,1836,"is particularly evident, in the multivariate setup, for lnsp and t. Interestingly, the increase in errors at high resolution for t is much less pronounced in th"
2403.10555v1,2403.10555v1:0-2236,KARINA: An Efficient Deep Learning Model for Globa,0.817,2236,KARINA: AN EFFICIENT DEEP LEARNING MODEL FOR GLOBAL WEATHER FORECAST A PREPRINT Minjong Cheon Yo-Hwan Choi Seon-Yu Kang Yumi Choi Jeong-Gil Lee Daehyun Kang∗ ar
2403.10555v1,2403.10555v1:2237-4453,KARINA: An Efficient Deep Learning Model for Globa,0.757,2216,"2017]. Despite these developments, the significant processing power needed for NWP models has led to the development of data-driven approaches that make use of "
2403.10555v1,2403.10555v1:4454-6694,KARINA: An Efficient Deep Learning Model for Globa,0.764,2240,parity with other state-of-theart (SOTA) models within the 7-day prediction. • Our proposed Geocyclic Padding and SENet capture the salient features of atmosphe
2403.10555v1,2403.10555v1:6695-8936,KARINA: An Efficient Deep Learning Model for Globa,0.772,2241,"weather [Bi et al., 2023]. Meanwhile, FengWu approached the forecasting challenge through a multi-task optimization lens, unveiling an innovative fine-tuning me"
2403.10555v1,2403.10555v1:8937-11166,KARINA: An Efficient Deep Learning Model for Globa,0.737,2229,"variables with 12 vertical pressure levels from the surface to the lower stratosphere, known as prognostic variables of the Earth’s atmosphere. With 66 variable"
2403.10555v1,2403.10555v1:11167-13569,KARINA: An Efficient Deep Learning Model for Globa,0.776,2402,"ConvNext stands as a significant evolution in convolutional neural network algorithms, drawing inspiration from the transformative success of the Swin Transform"
2403.10555v1,2403.10555v1:13570-15920,KARINA: An Efficient Deep Learning Model for Globa,0.793,2350,"channel independently to improve spatial feature extraction efficiency. Subsequently, a Squeeze-and-Excitation (SE) layer, accompanied by layer normalization, i"
2403.10555v1,2403.10555v1:15921-18235,KARINA: An Efficient Deep Learning Model for Globa,0.788,2314,"of excessive computing load, it is a useful addition to high-dimensional data processing in meteorological models [Iandola et al., 2016]. By emphasizing signifi"
2403.10555v1,2403.10555v1:18236-20457,KARINA: An Efficient Deep Learning Model for Globa,0.764,2221,"Northern Hemispheres, thereby doubling the model’s trainable parameters, GeoCyclic Padding presents a more resource-efficient method [Scher and Messori, 2024]. "
2403.10555v1,2403.10555v1:20458-22420,KARINA: An Efficient Deep Learning Model for Globa,0.677,1962,"datasets at lag0, lag6, lag12, and lag18, augmenting the data volume fourfold, accompanied by a learning rate decrease to 0.0025. In the concluding phase, we in"
2403.10555v1,2403.10555v1:22421-24332,KARINA: An Efficient Deep Learning Model for Globa,0.685,1911,variation consistently showed the lowest RMSE values (Table. 1). These results highlight the need to utilize advanced techniques to increase the dependability o
2403.10555v1,2403.10555v1:24333-26421,KARINA: An Efficient Deep Learning Model for Globa,0.744,2088,154.47 0.94 5 x 5 0.82 160.10 161.67 0.98 7 x 7 0.82 160.6 157.25 0.98 The region-dependent response of the model variations was investigated in Figure. 4. The 
2403.10555v1,2403.10555v1:26422-28509,KARINA: An Efficient Deep Learning Model for Globa,0.776,2087,"Atlantic region (40◦W−10◦W; 30◦N−45◦N). The upper bar indicates an average of the prediction members, and x′ denotes the same deviation of the other variables f"
2403.10555v1,2403.10555v1:28510-30457,KARINA: An Efficient Deep Learning Model for Globa,0.702,1947,"lower forecast error of the three variables until day 7, indicating better prediction skills even after the initial condition effect diminished. Furthermore, in"
2403.10555v1,2403.10555v1:30458-32444,KARINA: An Efficient Deep Learning Model for Globa,0.587,1986,"Earth’s atmosphere, specifically around the image edges and the equatorial regions, better representing the physics in the real world. With a better understandi"
2403.10555v1,2403.10555v1:32445-34400,KARINA: An Efficient Deep Learning Model for Globa,0.696,1955,day Number of In-Channels 67 Number of Out-Channels 67 Normalization Z-score Optimizer Type AdamW Max Epochs 150 Table 6: Comparative Analysis of Training Times
2403.10555v1,2403.10555v1:34401-35782,KARINA: An Efficient Deep Learning Model for Globa,0.439,1381,"KARINA_Tuned at 2.5° resolution. Data was obtained from the study conducted by Nguyen et al [Nguyen et al., 2023]. Timestep ClimaX FCN Pangu GraphCast HRES KARI"
2403.10555v1,2403.10555v1:35783-38036,KARINA: An Efficient Deep Learning Model for Globa,0.758,2253,"compared GeoCyclic Padding with ‘Circular Padding,’ a technique traditionally used in Earth models. Notably, Circular Padding applies zero padding at both the s"
2403.10555v1,2403.10555v1:38037-38837,KARINA: An Efficient Deep Learning Model for Globa,0.807,800,"collocated with ERA5 data for corresponding dates starting from January 1st, 2018. 16 arXiv Template A PREPRINT 7.5 A coherent proficient prediction of all vari"
2403.13458v2,2403.13458v2:0-2502,Uncertainty quantification for data-driven weather,0.833,2502,"Uncertainty quantification for data-driven weather models Christopher B¨ulte∗1, Nina Horat1, Julian Quinting1 and Sebastian Lerch†1,2 1Karlsruhe Institute of Te"
2403.13458v2,2403.13458v2:2503-4487,Uncertainty quantification for data-driven weather,0.71,1984,"computational resources, limiting the spatial resolution, as well as the number of ensemble runs. The history of NWP since its inception around 70 years ago has"
2403.13458v2,2403.13458v2:4488-6780,Uncertainty quantification for data-driven weather,0.753,2292,"up to 0.25◦. However, most of these efforts have been focused on deterministic forecasts only, making it impossible to quantify forecast uncertainties which is "
2403.13458v2,2403.13458v2:6781-9095,Uncertainty quantification for data-driven weather,0.798,2314,"to the substantial computing and disk space requirements. Post-hoc (PH) UQ approaches, by contrast, utilize statistical or ML methods to supplement deterministi"
2403.13458v2,2403.13458v2:9096-11281,Uncertainty quantification for data-driven weather,0.706,2185,"and Lerch, 2022) and has been used to generate corrected probabilistic forecasts from deterministic inputs from an NWP model (Chapman et al., 2022; Gneiting et "
2403.13458v2,2403.13458v2:11282-13359,Uncertainty quantification for data-driven weather,0.643,2077,of the first data-driven models to achieve improvements over physics-based NWP models. The Pangu-Weather model produces global forecasts of five atmospheric var
2403.13458v2,2403.13458v2:13360-15549,Uncertainty quantification for data-driven weather,0.64,2189,is based on the ECMWF Integrated Forecasting System (IFS). The data are retrieved for the same training and evaluation periods on a regular latitude-longitude g
2403.13458v2,2403.13458v2:15550-17678,Uncertainty quantification for data-driven weather,0.635,2128,"As detailed below, we use the ERA5 reanalysis dataset as ground truth. Since the deterministic data-driven model runs will typically be initialized from the cor"
2403.13458v2,2403.13458v2:17679-19837,Uncertainty quantification for data-driven weather,0.717,2158,"NWP models via stochastic parametrizations of subgrid processes (Palmer, 2019b). One approach to address this has recently been proposed by ?, who construct IC "
2403.13458v2,2403.13458v2:19838-21922,Uncertainty quantification for data-driven weather,0.659,2084,"in the context of a generative data-driven weather model, which might constitute an interesting alternative. 4.1.2. IFS initial conditions (IFSP) Further, we co"
2403.13458v2,2403.13458v2:21923-23892,Uncertainty quantification for data-driven weather,0.577,1969,"for m = 1, ..., M, i , l ∈LG}, i = 1, 2 denotes the global observed ERA5 field of the selected variables at date τ m i = {Yl,τ m where Yτ m i , and ∥· ∥Etot den"
2403.13458v2,2403.13458v2:23893-25814,Uncertainty quantification for data-driven weather,0.657,1921,"yield forecast distributions Fl,t,h. Given a deterministic Pangu-Weather forecast XPW l,t∗,h in the test dataset (2022), a probabilistic forecast for the date t"
2403.13458v2,2403.13458v2:25815-27831,Uncertainty quantification for data-driven weather,0.704,2016,":= ˆF EasyUQ I{Yl,t′ ≤y}, t = 1, . . . , T. l,t (y) = min k=1,...,t max XPW ℓ=t,...,T t′=k Thereby, ˆF EasyUQ l,t is a statistically optimal discrete predictive"
2403.13458v2,2403.13458v2:27832-30005,Uncertainty quantification for data-driven weather,0.722,2173,approach proceeds by training a NN which yields the parameters of a suitable parametric distribution for the target variable as its output. DRN enables the use 
2403.13458v2,2403.13458v2:30006-32011,Uncertainty quantification for data-driven weather,0.686,2005,"UQ methods introduced above, we mainly rely on comparing their out of sample forecast performance based on proper scoring rules (Gneiting and Raftery, 2007). Pr"
2403.13458v2,2403.13458v2:32012-34158,Uncertainty quantification for data-driven weather,0.747,2146,"CDF F of the forecast obtains at the realized outcome y. For a calibrated forecast, the PIT should follow a uniform distribution and corresponding deviations ca"
2403.13458v2,2403.13458v2:34159-35590,Uncertainty quantification for data-driven weather,0.496,1431,T2M 0.57 0.60 0.83 0.50 0.43 0.41 T850 0.43 0.57 0.81 0.45 0.43 0.41 Z500 0.33 0.48 1.71 0.36 0.36 0.32 6h - 48h U10 0.96 1.39 1.54 1.03 1.05 1.03 V10 0.96 1.39
2403.13458v2,2403.13458v2:35591-37790,Uncertainty quantification for data-driven weather,0.84,2199,only yields relatively minor improvements over the considerably simpler EasyUQ method. A potential explanation might be that DRN here is restricted to much fewe
2403.13458v2,2403.13458v2:37791-39697,Uncertainty quantification for data-driven weather,0.589,1906,"of DRN for Z500 forecasts at a lead time of 24 hours. A complementary perspective on calibration is provided by the spread-skill plots in Figure 6, which shows "
2403.13458v2,2403.13458v2:39698-40806,Uncertainty quantification for data-driven weather,0.091,1108,Lead time : 24h 1500 1500 1500 1500 1000 1000 1000 1000 500 500 500 500 0.00 0.25 0.50 0.75 1.00 0 0.00 0.25 0.50 0.75 1.00 0 0.00 0.25 0.50 0.75 1.00 0 2000 20
2403.13458v2,2403.13458v2:40807-41842,Uncertainty quantification for data-driven weather,0.044,1035,1000 1000 1000 1000 500 500 500 500 0.00 0.25 0.50 0.75 1.00 0 0.00 0.25 0.50 0.75 1.00 0 0.00 0.25 0.50 0.75 1.00 0 Lead time : 72h 2000 2000 2000 2000 1500 15
2403.13458v2,2403.13458v2:41843-43140,Uncertainty quantification for data-driven weather,0.329,1297,0.75 1.00 0 0.00 0.25 0.50 0.75 1.00 0 0.00 0.25 0.50 0.75 1.00 0 2000 2000 1500 1500 1000 1000 500 500 0.00 0.25 0.50 0.75 1.00 0 0.00 0.25 0.50 0.75 1.00 0 0.
2403.13458v2,2403.13458v2:43141-45449,Uncertainty quantification for data-driven weather,0.817,2308,"singular vectors at ECMWF represent the fastest growing perturbations over an optimization time window of 48 hours. Thus, a growth of the standard deviation wou"
2403.13458v2,2403.13458v2:45450-46925,Uncertainty quantification for data-driven weather,0.461,1475,those of the better-performing RFP and DRN approaches. While no substantial differences in 15 (a) U10 (b) T2M (c) Z500 Figure 7: Bias of the mean forecast of di
2403.13458v2,2403.13458v2:46926-49181,Uncertainty quantification for data-driven weather,0.831,2255,"have been observed in numerous studies (Vannitsem et al., 2021). As post-processing approaches have been widely adopted to improve physics-based NWP forecasts, "
2403.13458v2,2403.13458v2:49182-51576,Uncertainty quantification for data-driven weather,0.833,2394,This comparison highlights that skillful probabilistic forecasts can be obtained by applying post-processing to both physics-based and data-driven weather model
2403.13458v2,2403.13458v2:51577-53963,Uncertainty quantification for data-driven weather,0.772,2386,"the RFP approach seems promising in that IC ensembles can be straightforwardly generated from past observation data with minimal tuning. However, the use of the"
2403.13458v2,2403.13458v2:53964-56448,Uncertainty quantification for data-driven weather,0.791,2484,"forecasts from deterministic data-driven weather models. It should be seen as a first step into the direction of probabilistic data-driven weather models, and o"
2403.13458v2,2403.13458v2:56449-58783,Uncertainty quantification for data-driven weather,0.76,2334,"DRN, for which it is an open question whether they will generalize well to global high-resolution forecasts. This calls for the development of new spatial post-"
2403.13458v2,2403.13458v2:58784-59219,Uncertainty quantification for data-driven weather,0.867,435,"of Julian Quinting was funded by the European Union (ERC, ASPIRE, 101077260). We thank Delong Chen, Jieyu Chen, Charlotte Debus, Tilmann Gneiting, Christian Gra"
2403.15598v1,2403.15598v1:0-2093,An ensemble of data-driven weather prediction mode,0.73,2093,AN ENSEMBLE OF DATA-DRIVEN WEATHER PREDICTION MODELS FOR OPERATIONAL SUB-SEASONAL FORECASTING A PREPRINT arXiv:2403.15598v1 [physics.ao-ph] 22 Mar 2024 Jonathan
2403.15598v1,2403.15598v1:2094-4292,An ensemble of data-driven weather prediction mode,0.762,2198,"et al. [2023]). While the accuracy of these models is impressive, we believe that some important details necessary for the full utilization of these models have"
2403.15598v1,2403.15598v1:4293-6520,An ensemble of data-driven weather prediction mode,0.699,2227,"Ni, 2023] have shown promise, even if they may be worse on RMSE. 4. Data-driven weather forecasting models have until now sought to establish themselves as the "
2403.15598v1,2403.15598v1:6521-8743,An ensemble of data-driven weather prediction mode,0.765,2222,hours). Forecasts can be made indefinitely into the future by using the predicted values as input for the next time step in an autoregressive fashion. In additi
2403.15598v1,2403.15598v1:8744-11086,An ensemble of data-driven weather prediction mode,0.803,2342,trained with the GraphCast implementation in NVIDIA’s Modulus library. It uses a 6-level multi-mesh and has approximately 20 million parameters. Unlike other mo
2403.15598v1,2403.15598v1:11087-13475,An ensemble of data-driven weather prediction mode,0.785,2388,members and over each lead week. The average error for three calendar dates (one prior and one after the date of interest) is then used to correct the operation
2403.15598v1,2403.15598v1:13476-15437,An ensemble of data-driven weather prediction mode,0.702,1961,"Numbers in each subplot are the global average. Figure 2: CRPS and ESSR for 2-meter temperature. (a) CRPS for 2-meter temperature, as a function of lead time (w"
2403.15598v1,2403.15598v1:15438-17760,An ensemble of data-driven weather prediction mode,0.804,2322,"the same as that of the raw ECMWF ensemble. After bias correction, the ECMWF ensemble’s spread-skill ratio of increases to nearly 1, indicating a better-calibra"
2403.15598v1,2403.15598v1:17761-19765,An ensemble of data-driven weather prediction mode,0.726,2004,"has a rank histogram that is nearly uniform, indicating that the combination of the two ensembles has improved the reliability of the forecasts. Finally, we als"
2403.15598v1,2403.15598v1:19766-22236,An ensemble of data-driven weather prediction mode,0.803,2470,"even when ours is weaker, leads to equal or better probabilistic forecasts than either ensemble alone. Like other data-driven weather forecasting models, ours a"
2403.15598v1,2403.15598v1:22237-22975,An ensemble of data-driven weather prediction mode,0.856,738,"in the development of the individual models, such as the need for better precipitation forecasts, or other ensemble generations methods such as learned denoisin"
2404.00411v3,2404.00411v3:0-2133,Aardvark weather: end-to-end data-driven weather f,0.73,2133,"1 End-to-end data-driven weather prediction Anna Vaughan*†1, Stratis Markou*†2, Will Tebbutt2, James Requeima3, Wessel P. Bruinsma4, Tom R. Andersson‡9, Michael"
2404.00411v3,2404.00411v3:2134-4582,Aardvark weather: end-to-end data-driven weather f,0.782,2448,input data and three orders of magnitude less compute than existing NWP and hybrid AI-NWP methods. We anticipate that Aardvark Weather will be the starting poin
2404.00411v3,2404.00411v3:4583-6900,Aardvark weather: end-to-end data-driven weather f,0.794,2317,"next lead time 𝑡= 𝛿𝑡. Forecasts at subsequent lead times are produced autoregressively. Finally, a decoder module is applied to the on-the-grid states to produc"
2404.00411v3,2404.00411v3:6901-9218,Aardvark weather: end-to-end data-driven weather f,0.779,2317,"replacing the most challenging component, the assimilation system, remains at the stage of developing initial prototypes [17, 18, 19]. The vision of an end-to-e"
2404.00411v3,2404.00411v3:9219-11621,Aardvark weather: end-to-end data-driven weather f,0.773,2402,high-quality reanalysis data during training while being entirely independent from NWP products at deployment time. Figure 1 (bottom) illustrates the operation 
2404.00411v3,2404.00411v3:11622-14057,Aardvark weather: end-to-end data-driven weather f,0.802,2435,"local station forecasts, this system is suitable for use with multiple separate decoders for different tasks. Together, the encoder, processor and decoder modul"
2404.00411v3,2404.00411v3:14058-16426,Aardvark weather: end-to-end data-driven weather f,0.819,2368,"information on upper atmosphere temperature and humidity profiles, and geostationary sounder data to provide an instantaneous snapshot of the state of the atmos"
2404.00411v3,2404.00411v3:16427-18474,Aardvark weather: end-to-end data-driven weather f,0.762,2047,all lead times and HRES from day eight onwards. For specific humidity at 700hPa Aardvark performs comparably to GFS at days zero to one and outperforms GFS from
2404.00411v3,2404.00411v3:18475-20204,Aardvark weather: end-to-end data-driven weather f,0.517,1729,"high-impact weather events. Although some spectral blurring of the higher spatial frequencies is evident, these results are of remarkably high fidelity given th"
2404.00411v3,2404.00411v3:20205-22497,Aardvark weather: end-to-end data-driven weather f,0.81,2292,10 Lead time t (days) 7 Figure 4. Illustration of Aardvark’s global gridded forecasts for 10-metre wind speed. Plots of the initial condition (first row) and su
2404.00411v3,2404.00411v3:22498-24719,Aardvark weather: end-to-end data-driven weather f,0.781,2221,in 8 Vaughan et al. Figure 5. Station downscaling and end-to-end performance. Results for station forecasting (top) and end-to-end optimisation (bottom) for the
2404.00411v3,2404.00411v3:24720-26921,Aardvark weather: end-to-end data-driven weather f,0.832,2201,"also compare against a full operational end-to-end baseline, the National Digital Forecast Database (NDFD) from the National Weather Service. NDFD forecasts are"
2404.00411v3,2404.00411v3:26922-29278,Aardvark weather: end-to-end data-driven weather f,0.809,2356,"6% over Europe, West Africa, the Pacific, and globally, and an improvement of 3% over CONUS. For 10-metre wind speed, small but statistically significant improv"
2404.00411v3,2404.00411v3:29279-31748,Aardvark weather: end-to-end data-driven weather f,0.837,2469,"predictive skill for specific regions and variables. This capability is of interest to many end users in areas as diverse as agriculture, renewable energy, insu"
2404.00411v3,2404.00411v3:31749-34025,Aardvark weather: end-to-end data-driven weather f,0.787,2276,observations are taken from the International Comprehensive Ocean-Atmosphere Data Set (ICOADS) [42] dataset. This dataset consists of observations from ships an
2404.00411v3,2404.00411v3:34026-36255,Aardvark weather: end-to-end data-driven weather f,0.813,2229,"approximately 24 hours, the input to the state estimation module comprises of the latest ASCAT observations available within the grid box from any of the three "
2404.00411v3,2404.00411v3:36256-38433,Aardvark weather: end-to-end data-driven weather f,0.764,2177,"resolution though with more limited instrumentation. As the available channels on geostationary satellites vary geographically and with time, we opt to use a co"
2404.00411v3,2404.00411v3:38434-40601,Aardvark weather: end-to-end data-driven weather f,0.773,2167,"is skillful. In persistence forecasting, it is assumed that the weather will remain unchanged from 𝑡= 0 at all future lead times. For the climatology baseline w"
2404.00411v3,2404.00411v3:40602-42858,Aardvark weather: end-to-end data-driven weather f,0.781,2256,metrics For the global gridded forecasting experiments we compare models on latitude weighted root mean squared error. Given arrays of gridded target forecasts 
2404.00411v3,2404.00411v3:42859-44012,Aardvark weather: end-to-end data-driven weather f,0.508,1153,sparse data and providing probabilistic predictions at arbitrary locations at test time. These characteristics are weighted RMSE of variable 𝑣is calculated as v
2404.00411v3,2404.00411v3:44013-45827,Aardvark weather: end-to-end data-driven weather f,0.71,1814,"data modalities. Here we give details for the architectures of these modules, how they are trained and fine-tuned, and how they are deployed. In the discussion "
2404.00411v3,2404.00411v3:45828-47558,Aardvark weather: end-to-end data-driven weather f,0.655,1730,"longitude points. This representation of the input data is fed into the backbone of the module, consisting of a vision transformer 𝑉𝑒with patch size three, eigh"
2404.00411v3,2404.00411v3:47559-48756,Aardvark weather: end-to-end data-driven weather f,0.573,1197,"𝑠𝜏,1 −𝑠𝜏,0 using the SUM-LW-RMSE loss (eq. 4). We pre-train, 𝑉(1) 𝑝 for 100 epochs using AdamW with a cosine learning rate scheduler starting at an initial lear"
2404.00411v3,2404.00411v3:48757-50399,Aardvark weather: end-to-end data-driven weather f,0.667,1642,"and 𝑠𝜏,0 = 𝐸 𝑜𝜏 Decoder module The final step in the forecasting pipeline is the decoder module. For each lead-time 𝑡, we train a lightweight convolutional stat"
2404.00411v3,2404.00411v3:50400-52310,Aardvark weather: end-to-end data-driven weather f,0.772,1910,"𝐷𝑡(𝑃𝑡◦𝐸(𝑜𝜏), 𝑥). (10) 16 Vaughan et al. End-to-end finetuning In order to perform end-to-end fine-tuning, we compose the encoder together with the lead time 𝑡= "
2404.00411v3,2404.00411v3:52311-53891,Aardvark weather: end-to-end data-driven weather f,0.74,1580,"and the Environment and Sustainability Grand Challenge, and EPSRC grant EP/Y028880/1. Richard E. Turner is supported an EPSRC Prosperity Partnership grant EP/T0"
2404.06668v1,2404.06668v1:0-2379,Forecasting the Future with Future Technologies: A,0.86,2379,"Forecasting the Future with Future Technologies: Advancements in Large Meteorological Models Hailong Shu, Yue Wang*, Weiwei Song*, Huichuang Guo, Zhen Song Stat"
2404.06668v1,2404.06668v1:2380-4901,Forecasting the Future with Future Technologies: A,0.835,2521,"domain of meteorological forecasting has been underpinned by numerical weather prediction (NWP) models. These models, grounded in mathematical representations o"
2404.06668v1,2404.06668v1:4902-7374,Forecasting the Future with Future Technologies: A,0.83,2472,"LARGE MODELS Central to the advancements in meteorological large models are the concepts of deep learning and neural networks, key subsets of artificial intelli"
2404.06668v1,2404.06668v1:7375-9832,Forecasting the Future with Future Technologies: A,0.809,2457,"like surface wind speed, precipitation, and atmospheric water vapor. Utilizing the extensive ERA5 dataset, which provides hourly estimates dating from 1979 to t"
2404.06668v1,2404.06668v1:9833-12209,Forecasting the Future with Future Technologies: A,0.793,2376,extreme weather events and aiding large-member ensemble forecasts in real-time demonstrates its practical utility. The model's robustness and adaptability in di
2404.06668v1,2404.06668v1:12210-14489,Forecasting the Future with Future Technologies: A,0.786,2279,"forecast periods. FuXi's design allows it to deliver forecasts that match, and in some cases exceed, the skillful forecast lead time of the European Centre for "
2404.06668v1,2404.06668v1:14490-16995,Forecasting the Future with Future Technologies: A,0.791,2505,"of forecasting needs, demonstrating superior performance in climate projections and weather forecasting benchmarks. The model's ability to perform effectively e"
2404.06668v1,2404.06668v1:16996-19414,Forecasting the Future with Future Technologies: A,0.821,2418,"range of architectures, each tailored to specific forecasting challenges. FourCastNet integrates the Fourier Neural Operator (FNO) with a Vision Transformer (Vi"
2404.06668v1,2404.06668v1:19415-21949,Forecasting the Future with Future Technologies: A,0.851,2534,patterns over an extended period. The training costs of these models highlight the significant computational resources and time investment required for applying
2404.06668v1,2404.06668v1:21950-24417,Forecasting the Future with Future Technologies: A,0.855,2467,"models in meteorological forecasting brings with it several challenges. One primary challenge is data acquisition: obtaining comprehensive, highquality, and rea"
2404.06668v1,2404.06668v1:24418-25386,Forecasting the Future with Future Technologies: A,0.846,968,"With the continuous evolution of data acquisition methods and the expansion of computational capabilities, we can anticipate that these large models will offer "
2405.06004v2,2405.06004v2:0-2254,EWMoE: An effective model for global weather forec,0.801,2254,"EWMoE: An effective model for global weather forecasting with mixture-of-experts Lihao Gan1, Xin Man1,2, Chenghong Zhang3*, Jie Shao1,2* 1*University of Electro"
2405.06004v2,2405.06004v2:2255-4718,EWMoE: An effective model for global weather forec,0.839,2463,"role in key sectors such as transportation, logistics, agriculture, and energy production [1]. Traditionally, atmospheric scientists have relied on Numerical We"
2405.06004v2,2405.06004v2:4719-7143,EWMoE: An effective model for global weather forec,0.826,2424,"Moreover, these weather forecasting models usually require a very large amount of data, and their adoption was constrained by the high computational demands req"
2405.06004v2,2405.06004v2:7144-9561,EWMoE: An effective model for global weather forec,0.804,2417,"fewer GPU hours. Finally, we conduct extensive ablation studies to analyze the importance of individual components in EWMoE, demonstrating its potential for fac"
2405.06004v2,2405.06004v2:9562-11818,EWMoE: An effective model for global weather forec,0.799,2256,"31]. These models train deep neural networks to predict future weather states using vast amounts of historical meteorological data [32–34], such as the ERA5 rea"
2405.06004v2,2405.06004v2:11819-13823,EWMoE: An effective model for global weather forec,0.678,2004,"specifically, at a height of 10m; T2m represents the temperature at 2m from the surface; T, U, V , Z and RH represent the temperature, zonal velocity, meridonal"
2405.06004v2,2405.06004v2:13824-16008,EWMoE: An effective model for global weather forec,0.749,2184,"is challenging to train the model to directly forecast the future weather state ˆXT = fθ(Xi) for each target lead time T. Since the weather system is chaotic, f"
2405.06004v2,2405.06004v2:16009-18356,EWMoE: An effective model for global weather forec,0.739,2347,"meteorology variables is the key to accurate weather forecasting. We denote the input image as a high dimension tensor X ∈RC×H×W , and the module divides the in"
2405.06004v2,2405.06004v2:18357-20358,EWMoE: An effective model for global weather forec,0.655,2001,"present in encoder with a sparse MoE layer, as shown in Figure 1. Each MoE layer consists of a collection of independent feed forward networks as the “experts”."
2405.06004v2,2405.06004v2:20359-22529,EWMoE: An effective model for global weather forec,0.655,2170,"distribution would decrease the throughput of our model, and as most experts would not be fully trained, the flexibility and performance of the model would be r"
2405.06004v2,2405.06004v2:22530-24477,EWMoE: An effective model for global weather forec,0.643,1947,"depth=6, dim=512. Each encoder has a MoE layer, and each MoE layer consists of 20 independent experts. Specifically, in the gating network of each MoE layer, we"
2405.06004v2,2405.06004v2:24478-26342,EWMoE: An effective model for global weather forec,0.681,1864,four leading deep learning methods for global weather forecasting. Figures 2 and Figure 3 evaluate different methods on forecasting four key weather variables a
2405.06004v2,2405.06004v2:26343-28258,EWMoE: An effective model for global weather forec,0.652,1915,Forecast Time (hours) 0 24 48 72 96 120 144 168 192 Forecast Time (hours) T850 U10 1.0 1.0 0.9 0.9 0.8 ACC ACC 0.7 ClimaX FourCastNet Pangu-Weather GraphCast EW
2405.06004v2,2405.06004v2:28259-30412,EWMoE: An effective model for global weather forec,0.662,2153,in 2018 (lower RMSE is better). Effect of 3D absolute position embedding. We conduct experiments to compare the performance of EWMoE with and without 3D absolut
2405.06004v2,2405.06004v2:30413-32363,EWMoE: An effective model for global weather forec,0.557,1950,Fig. 5: Visualization examples of future state prediction for U10 compared with ground-truth. experiments to evaluate the importance of auxiliary loss used in t
2405.06004v2,2405.06004v2:32364-33903,EWMoE: An effective model for global weather forec,0.589,1539,work will inspire future work on applying effective MoE architecture to a wider range of climate researches. Acknowledgements. The authors gratefully acknowledg
2406.14775v2,2406.14775v2:0-2152,Machine Learning Global Simulation of Nonlocal Gra,0.756,2152,Machine Learning Global Simulation of Nonlocal Gravity Wave Propagation Aman Gupta * 1 Aditi Sheshadri * 1 Sujit Roy * 2 Vishal Gaur 2 Manil Maskey 3 Rahul Rama
2406.14775v2,2406.14775v2:2153-4275,Machine Learning Global Simulation of Nonlocal Gra,0.777,2122,"polar vortex, i.e., sudden warmings (Albers & Birner, 2014; Song et al., 2020), eventually influencing tropospheric storm tracks (Kidston et al., 2015; Domeisen"
2406.14775v2,2406.14775v2:4276-6307,Machine Learning Global Simulation of Nonlocal Gra,0.613,2031,"of Earth System Science, Stanford University, Stanford, USA 2Earth System Science Center, The University of Alabama in Huntsville, Huntsville, AL, USA 3NASA Mar"
2406.14775v2,2406.14775v2:6308-8424,Machine Learning Global Simulation of Nonlocal Gra,0.642,2116,2024). Such ML schemes can be trained to take the background atmospheric state as input (just like traditional parameterizations) and use the state to predict t
2406.14775v2,2406.14775v2:8425-10479,Machine Learning Global Simulation of Nonlocal Gra,0.713,2054,"contain these biases; pure-vertical GW Global Gravity Wave Simulation Using ML (a) resolved, ERA5 | 200 hPa (b) ML predicted, Attention U-Net | 200 hPa (c) reso"
2406.14775v2,2406.14775v2:10480-12756,Machine Learning Global Simulation of Nonlocal Gra,0.767,2276,1.0 meridional GW flux 0.5 0.0 0.5 1.0 sian grid and 137 model levels. The 15 vertical levels near the model top are removed to eliminate artificial damping eff
2406.14775v2,2406.14775v2:12757-14683,Machine Learning Global Simulation of Nonlocal Gra,0.692,1926,"GW hotspots including the Rocky Mountains, the Andes, and the East Asian Mountains. Even in the tropics, where most GWs are generated by moist convective activi"
2406.14775v2,2406.14775v2:14684-16099,Machine Learning Global Simulation of Nonlocal Gra,0.758,1415,This is work in progress and the next steps include transfer learning-focused experiments to combine the fluxes from WINDSET with GW fluxes obtained from global
2406.16955v2,2406.16955v2:0-2265,SRViT: Vision Transformers for Estimating Radar Re,0.763,2265,SRViT: Vision Transformers for Estimating Radar Reflectivity from Satellite Observations at Scale Jason Stock 1 Kyle Hilburn 2 Imme Ebert-Uphoff 2 3 Charles And
2406.16955v2,2406.16955v2:2266-4356,SRViT: Vision Transformers for Estimating Radar Re,0.724,2090,"Vienna, Austria. Copyright 2024 by the author(s). 1 Figure 1. Slices of an input (col. 1-4) and output prediction with ground truth (col. 5 and 6, respectively)"
2406.16955v2,2406.16955v2:4357-6411,SRViT: Vision Transformers for Estimating Radar Re,0.718,2054,"(col. 1) and model output (col. 2 and 3). 2. Preliminaries We begin by introducing the dataset in Section 2.1, detailing our data features and composition, and "
2406.16955v2,2406.16955v2:6412-8475,SRViT: Vision Transformers for Estimating Radar Re,0.686,2063,"filtered by storm reports (tornado, hail, and wind events), this architecture serves as the baseline for satellite to radar emulation. Using the same hyperparam"
2406.16955v2,2406.16955v2:8476-10654,SRViT: Vision Transformers for Estimating Radar Re,0.749,2178,"300 epochs with AdamW. End-to-end training takes about 100 hours wall-clock time, and due to high compute and limited accessibility, we perform minimal hyperpar"
2406.16955v2,2406.16955v2:10655-12894,SRViT: Vision Transformers for Estimating Radar Re,0.793,2239,"better performance across all the categorical indicators, which may be attributed to specific test cases. Sharpness Evaluation Qualitative sharpness can be defi"
2406.16955v2,2406.16955v2:12895-15146,SRViT: Vision Transformers for Estimating Radar Re,0.73,2251,report in Section 4.1. 5. Interpreting Model Attribution Some prior work aims to interpret the attention matrix of transformer models as importance or relevancy
2406.16955v2,2406.16955v2:15147-17263,SRViT: Vision Transformers for Estimating Radar Re,0.748,2116,"phenomena both locally and across larger domains. Additionally, our gradient-based attribution method provides valuable meteorological insights and is applicabl"
2406.16955v2,2406.16955v2:17264-19642,SRViT: Vision Transformers for Estimating Radar Re,0.816,2378,a uniform spatial resolution of approximately 10 km. Lightning itself is particularly useful for generating synthetic radar fields as their locations are often 
2406.16955v2,2406.16955v2:19643-21264,SRViT: Vision Transformers for Estimating Radar Re,0.527,1621,Spatial coverage of MRMS from the training data. nonzero pixels present in the training data. 7 Satellite to Radar Vision Transformer (SRViT) B. Architectural D
2406.16955v2,2406.16955v2:21265-23073,SRViT: Vision Transformers for Estimating Radar Re,0.572,1808,"matrices and yields a new set of tokens of the same dimension given by ϕ : Xl →Xl+1. After L transformations, we introduce a linear decoding block and reshaping"
2406.16955v2,2406.16955v2:23074-25280,SRViT: Vision Transformers for Estimating Radar Re,0.775,2206,Colin on 12 hour intervals from the output of SRViT on an Equidistant Cylindrical map projection. The short-lived storm had a peak intensity of 35 knots from 23
2406.16955v2,2406.16955v2:25281-26972,SRViT: Vision Transformers for Estimating Radar Re,0.638,1691,to Radar Vision Transformer (SRViT) E. Details of Token (Re)Distribution The activation of scaled dot-product attention computes the matrix A ∈Rn×n that represe
2406.17729v2,2406.17729v2:0-2184,Emulation with uncertainty quantification of regio,0.807,2184,EMULATION WITH UNCERTAINTY QUANTIFICATION OF REGIONAL SEA-LEVEL CHANGE CAUSED BY THE ANTARCTIC ICE SHEET arXiv:2406.17729v2 [physics.ao-ph] 16 Nov 2025 Myungsoo
2406.17729v2,2406.17729v2:2185-4363,Emulation with uncertainty quantification of regio,0.746,2178,regionally because changes in the weight of ice sheets and glaciers deform the Earth’s crust and modify the Earth’s gravitational field and axis of rotation. Wh
2406.17729v2,2406.17729v2:4364-6407,Emulation with uncertainty quantification of regio,0.707,2043,"et al., 2019; Hamlington et al., 2020; Fox-Kemper et al., 2021). Unlike the other two factors, GRD effects are induced by changes in surface mass loading such a"
2406.17729v2,2406.17729v2:6408-8730,Emulation with uncertainty quantification of regio,0.748,2322,frameworks for analyzing RSL that use Monte Carlo sampling with large numbers of evaluations (order 105 −106) to produce probability distribution functions of r
2406.17729v2,2406.17729v2:8731-10723,Emulation with uncertainty quantification of regio,0.658,1992,"applied to ice-age glacial isostatic adjustment over the last deglaciation and achieved a 100–1000× speedup (Lin et al., 2023). Another study used an artificial"
2406.17729v2,2406.17729v2:10724-12989,Emulation with uncertainty quantification of regio,0.765,2265,"which fields of ice mass change can be multiplied to derive RSL for that location without needing to re-solve the sea-level equation (Al-Attar et al., 2024). Th"
2406.17729v2,2406.17729v2:12990-15346,Emulation with uncertainty quantification of regio,0.8,2356,"and Siegert, 2023). We also compare Monte Carlo dropout (Srivastava et al., 2014), a commonly-used method for uncertainty quantification in neural networks. Nex"
2406.17729v2,2406.17729v2:15347-17640,Emulation with uncertainty quantification of regio,0.719,2293,"these ice-sheet projection data as input to a sea-level model, we performed a number of processing steps. First, we calculated changes in the ISMIP6 spatial fie"
2406.17729v2,2406.17729v2:17641-19814,Emulation with uncertainty quantification of regio,0.739,2173,"algorithm described in detail in Kendall et al. (2005), with truncation up to spherical harmonic degree and order 512. The sea-level framework accounts for shor"
2406.17729v2,2406.17729v2:19815-22187,Emulation with uncertainty quantification of regio,0.766,2372,"large enough to consider in a long-term (multi-centennial or longer) scale projection (Pan et al., 2021; Powell et al., 2022), which is beyond the timescale we "
2406.17729v2,2406.17729v2:22188-24364,Emulation with uncertainty quantification of regio,0.762,2176,"chose to only evaluate RSL change at the 27 long-term tide gauge sites identified by Meyssignac et al. (2017) (Fig. 1c), which come from the Permanent Service f"
2406.17729v2,2406.17729v2:24365-26316,Emulation with uncertainty quantification of regio,0.649,1951,mass change. d) Calculated RSL change fingerprint for AIS mass loss in c. Note different colorbar ranges for each plot and that values exist beyond the ranges s
2406.17729v2,2406.17729v2:26317-28312,Emulation with uncertainty quantification of regio,0.662,1995,Chennai Key West 0.1 Kwajalein Balboa Ko Taphao Noi 0.0 −0.1 Darwin Townsville Fremantle −0.2 Montevideo Fort Denison −0.3 Dunedin −0.4 −0.5 3.1 Feedforward neu
2406.17729v2,2406.17729v2:28313-30525,Emulation with uncertainty quantification of regio,0.711,2212,"to be a deep neural network (Goodfellow et al., 2016). We use the RELU activation function between layers, while a linear activation function is applied between"
2406.17729v2,2406.17729v2:30526-32792,Emulation with uncertainty quantification of regio,0.708,2266,"can be traced back to the autoencoder (AE) (Kramer, 1991) and the variational autoencoder (VAE) (Kingma and Welling, 2013). In general, an AE is trained to repr"
2406.17729v2,2406.17729v2:32793-35115,Emulation with uncertainty quantification of regio,0.731,2322,"follows a multivariate normal distribution with 0 mean and identity covariance matrix, the transformation is achieved through re-parametrization Zi|X = µi + σiZ"
2406.17729v2,2406.17729v2:35116-37368,Emulation with uncertainty quantification of regio,0.726,2252,"kernel sensitivity method, which is next described. Nonetheless, a description and review of the GP and RF approaches is presented in the Appendix. 4 Kernel sen"
2406.17729v2,2406.17729v2:37369-39466,Emulation with uncertainty quantification of regio,0.697,2097,and thus possible to generate sensitivity kernels with a standard forward model. For the sea-level changes (O(10−2) m) from the ISMIP6 AIS ensemble for 2015-210
2406.17729v2,2406.17729v2:39467-41787,Emulation with uncertainty quantification of regio,0.756,2320,"models. Additionally, we calculated an ice 12 mask for the kernel method that represents the union of the initial grounded ice across all ISMIP6 models; this en"
2406.17729v2,2406.17729v2:41788-44083,Emulation with uncertainty quantification of regio,0.782,2295,"either a simple or multiple linear regression, the latter case when there are multiple covariates. In the weather forecasting literature, this has been referred"
2406.17729v2,2406.17729v2:44084-46044,Emulation with uncertainty quantification of regio,0.593,1960,"denotes the 1-α/2 quantile of a t distribution with n −2 degree of freedom, where n = 119 represents the sample size (i.e., the validation set size). We emphasi"
2406.17729v2,2406.17729v2:46045-48130,Emulation with uncertainty quantification of regio,0.676,2085,"5.2 Split-conformal inference 14 ij −¯ˆyval (ˆytest i )2 P  , (1) ij −¯ˆyval j(ˆyval i )2 i,1 × ˆytest ij , (2) ij )2, (3) ij −eyval (yval ij denotes i,1 are e"
2406.17729v2,2406.17729v2:48131-50417,Emulation with uncertainty quantification of regio,0.778,2286,"for the different locations in our application. We note that while this method easily allows for a departure from normality of residuals, it does not explicitly"
2406.17729v2,2406.17729v2:50418-52577,Emulation with uncertainty quantification of regio,0.755,2159,"quality. We disregarded this approach for UQ in the comparisons that follow. 6 Emulator results Our main results consist of a comparison of accuracy, empirical "
2406.17729v2,2406.17729v2:52578-54834,Emulation with uncertainty quantification of regio,0.786,2256,"0.10, and 0.15 in Figures 5 and 6. Our findings suggest that the best coverages are achieved by the split-conformal method, though the lengths of the intervals,"
2406.17729v2,2406.17729v2:54835-57181,Emulation with uncertainty quantification of regio,0.771,2346,"column represents the three emulator methods in this study: NN, CVAE, and the kernel method. Additionally, we plot histograms of residuals derived for use in sp"
2406.17729v2,2406.17729v2:57182-59592,Emulation with uncertainty quantification of regio,0.752,2410,"on the training data, and evaluating the emulators to make a prediction for the 27 locations of interest. 7 Application of emulators for a Monte Carlo ensemble "
2406.17729v2,2406.17729v2:59593-61831,Emulation with uncertainty quantification of regio,0.775,2238,"Alternative dimension reduction techniques could be explored, though a principal-components approach was used as a practical method to generate a Monte Carlo en"
2406.17729v2,2406.17729v2:61832-64234,Emulation with uncertainty quantification of regio,0.772,2402,"magnitude of RSL change there, also have smaller standard deviations (Cederberg et al., 2023). While more detailed evaluation of these synthetic distributions i"
2406.17729v2,2406.17729v2:64235-66491,Emulation with uncertainty quantification of regio,0.758,2256,"and their emulator presumably could be trained on future AIS projections (and other sea-level contributors). For quantifying uncertainty, Lin et al. (2023) util"
2406.17729v2,2406.17729v2:66492-68841,Emulation with uncertainty quantification of regio,0.785,2349,by exploring parameter uncertainty produce a large spread of potential ice-sheet states. Utilizing more expansive training data would improve both the accuracy 
2406.17729v2,2406.17729v2:68842-71162,Emulation with uncertainty quantification of regio,0.754,2320,"generated and subsequently scaled by mass change in each sector and then added together to generate RSL maps, exploiting the linear nature of elastic fingerprin"
2406.17729v2,2406.17729v2:71163-73432,Emulation with uncertainty quantification of regio,0.766,2269,Conclusion We have demonstrated the efficacy of sensitivity-kernel based methods in emulating simulated sea-level change at a substantially reduced computationa
2406.17729v2,2406.17729v2:73433-75664,Emulation with uncertainty quantification of regio,0.711,2231,"where viscoelastic rheology renders the use of a kernel-based method less straightforward to implement, and the inherent nonlinearites present in that regime mo"
2406.17729v2,2406.17729v2:75665-77710,Emulation with uncertainty quantification of regio,0.702,2045,"et al., 2011) to train an RF in Python 3.9.17. We use 100 decision trees (default) and mean squared error (MSE) as the loss function for this baseline RF. As is"
2406.17729v2,2406.17729v2:77711-79431,Emulation with uncertainty quantification of regio,0.78,1720,"The version of SLReciprocityGJI used for generating sensitivity kernels is slightly modified from (Al-Attar, 2023). The version used in this study uses modified"
2406.19615v1,2406.19615v1:0-2423,VarteX: Enhancing Weather Forecast through Distrib,0.811,2423,"VarteX: Enhancing Weather Forecast through Distributed Variable Representation Ayumu Ueyama 1 Kazuhiko Kawamoto 2 Hiroshi Kera 2 Abstract Nguyen et al., 2023; N"
2406.19615v1,2406.19615v1:2424-4637,VarteX: Enhancing Weather Forecast through Distrib,0.703,2213,"et al., 2019; Rasp et al., 2020; Weyn et al., 2021; Keisler, 2022; Lam et al., 2023). With intensive training on meteorological data, such models can generate f"
2406.19615v1,2406.19615v1:4638-6753,VarteX: Enhancing Weather Forecast through Distrib,0.708,2115,Copyright 2024 by the author(s). 1 VarteX: Enhancing Weather Forecast through Distributed Variable Representation are reduced drastically in return. Specificall
2406.19615v1,2406.19615v1:6754-8687,VarteX: Enhancing Weather Forecast through Distrib,0.613,1933,"H}×{1, . . . , W} for notional simplicity, and re-define e X by e Xhw ∈RV ×D. With a trainable query vector q ∈RD, the cross-attention is computed to aggregate "
2406.19615v1,2406.19615v1:8688-10341,VarteX: Enhancing Weather Forecast through Distrib,0.521,1653,"> 40) variables can be represented by a single variable, even using the input-dependent attention weights. If this is the case, we should be able to split the D"
2406.19615v1,2406.19615v1:10342-12266,VarteX: Enhancing Weather Forecast through Distrib,0.617,1924,"0.48 986.85 0.47 4.77 20.76 VarteX (R = 4)∗ 0.52 3.52 0.57 4.99 0.75 660.40 0.75 3.25 80.47 6h 24h able. Hence, the embedded input e X ∈RV ×D is split to i h e "
2406.19615v1,2406.19615v1:12267-14244,VarteX: Enhancing Weather Forecast through Distrib,0.638,1977,crop 3 can be randomly determined or canonically selected without overlap. This makes the cost of attention computation O(1/S2)-time smaller. 4. Experiments We 
2406.19615v1,2406.19615v1:14245-16081,VarteX: Enhancing Weather Forecast through Distrib,0.601,1836,↓ (h) (GB) Global 0.89 1.89 0.79 3.24 0.97 247.33 0.92 1.90 14.60 33.02 16× 32 0.88 1.97 0.78 3.39 0.96 291.19 0.91 2.08 6.10 7.70 8× 16 0.76 2.74 0.63 5.23 0.8
2406.19615v1,2406.19615v1:16082-18249,VarteX: Enhancing Weather Forecast through Distrib,0.729,2167,"we focus on VarteX with R = 2. During the training of VarteX with regional split training with S = 2, 4, 8, equivalent to 16 × 32, 8 × 16, and 4 × 8 grids per e"
2406.19615v1,2406.19615v1:18250-18531,VarteX: Enhancing Weather Forecast through Distrib,0.795,281,the large-scale training of ClimaX. 6. Acknowledgments This work was supported by JST Moonshot R&D Program Grant Number JPMJMS2389. 1Note that the optimal numbe
2407.01598v1,2407.01598v1:0-2249,Long-Term Prediction Accuracy Improvement of Data-,0.783,2249,"Long-Term Prediction Accuracy Improvement of Data-Driven Medium-Range Global Weather Forecast Yifan Hu1, 2, Fukang Yin2, *, Weimin Zhang2, *, Kaijun Ren2, Junqi"
2407.01598v1,2407.01598v1:2250-4360,Long-Term Prediction Accuracy Improvement of Data-,0.712,2110,"et al., 2015). Although NWP models can get accurate forecasts, they are often slow and need the support of highperformance computing systems (Bauer et al., 2015"
2407.01598v1,2407.01598v1:4361-6562,Long-Term Prediction Accuracy Improvement of Data-,0.787,2201,"iterative forecasts. To reduce the accumulation errors for longer effective forecasts, Pangu-Weather (Bi et al., 2023) trained the model on 4 different lead tim"
2407.01598v1,2407.01598v1:6563-8534,Long-Term Prediction Accuracy Improvement of Data-,0.743,1971,"bias (Chattopadhyay & Hassanzadeh, 2023; John Xu et al., 2020; McCabe et al., 2023; Rahaman et al., 2019) introduced by data-driven models. In this work, we int"
2407.01598v1,2407.01598v1:8535-9371,Long-Term Prediction Accuracy Improvement of Data-,0.5,836,"𝑄𝑚= 𝑥𝑊𝑄 5 𝑚, 𝐾𝑗 𝑚) 𝑆𝑖𝑚(𝑄𝑖 𝑚= ∑ 𝑚 𝑁 𝑗=1 , 𝑂𝑖 𝑉𝑗 𝑚) 𝑁 𝑗=1 𝑚, 𝐾𝑗 ∑ 𝑆𝑖𝑚(𝑄𝑖 where 𝑖∈{1, … , 𝑁} refers to the i-th row, 𝑚∈{1, … , 𝑀} refers to the m-th head, 𝑄𝑚, 𝐾𝑚, "
2407.01598v1,2407.01598v1:9372-10440,Long-Term Prediction Accuracy Improvement of Data-,0.669,1068,"√𝑑 ) 𝑉𝐶𝑉, 𝑂𝐶𝑉= 𝐶𝑆𝑜𝑓𝑡𝑚𝑎𝑥( where 𝑄𝐶𝑉, 𝐾𝐶𝑉, 𝑉𝐶𝑉∈ℂ𝑁×𝑑 are the query, key, and value matrices respectively, obtained by linearly projecting of the input N tokens 𝑧= "
2407.01598v1,2407.01598v1:10441-12102,Long-Term Prediction Accuracy Improvement of Data-,0.634,1661,"the degree of difference between a vertex and its nearby vertex values. Laplacian matrix is defined as 𝑳∶= 𝑫− 𝑨, where 𝑨∈ℂ𝑚×𝑚 is a weighted adjacency matrix of "
2407.01598v1,2407.01598v1:12103-12453,Long-Term Prediction Accuracy Improvement of Data-,0.154,350,"𝑏𝑌𝐶𝑉, ′ = 𝐶𝑎𝑡(𝑿ℓ, 𝑟𝑒𝑔), 𝑿ℓ ′ )), 𝑩ℓ= 𝑆𝑜𝑓𝑡𝑀𝑎𝑥(𝑔(𝑿ℓ 𝑨ℓ= 𝑡𝑟𝑖𝑙(𝑩ℓ)(𝑡𝑟𝑖𝑙(𝑩ℓ))𝐻, 𝑳ℓ= 𝜎(𝛼ℓ)(𝑨ℓ· 𝟏𝑁×𝑁⊙𝑰𝑁−𝑨ℓ) + (1 −𝜎(𝛼ℓ))𝑳ℓ−1, ′ 𝑊𝑉𝐶𝑉+ 𝑏𝑉𝐶𝑉), 𝒁ℓ= (𝑳ℓ· 𝜑(𝑿ℓ ′ = 𝒁ℓ⊙𝜑(𝑿ℓ "
2407.01598v1,2407.01598v1:12454-14053,Long-Term Prediction Accuracy Improvement of Data-,0.696,1599,"are learnable projection matrices and bias, 𝑟𝑒𝑔 means the registers (Darcet et al., 2024), 𝐶𝑎𝑡(·,·) represents concatenate, 𝐷𝑟𝑜𝑝(·) represents remove the regist"
2407.01598v1,2407.01598v1:14054-15962,Long-Term Prediction Accuracy Improvement of Data-,0.747,1908,input is a SHNO ISHT L Degree ncoding ncoder Iutputs GRSA Norm ISHT SHT LA Add MLP a SHNO Add Dense SM Dense SM Dense 2.3 Spherical Harmonic Neural Operator com
2407.01598v1,2407.01598v1:15963-16787,Long-Term Prediction Accuracy Improvement of Data-,0.503,824,"𝒛ℓ 10 ′′ = 𝐸𝐿𝐴(ℱ−1(𝐺𝑅𝑆𝐴(𝒛ℓ ′ + 𝑬𝑑𝑒𝑔𝑟𝑒𝑒))) + ℱ−1(𝒛ℓ ′ )𝑊, 𝒛ℓ ′′))) + ℱ−1(𝒛ℓ ′), 𝒛ℓ= 𝐹𝐹𝑁(𝑁𝑜𝑟𝑚(𝐺𝐸𝐿𝑈(𝒛ℓ 𝑦= 𝐷𝑒𝑐𝑜𝑑𝑒𝑟(𝐶𝑎𝑡(𝐳𝐿, 𝑥)) where the 𝑬𝑑𝑒𝑔𝑟𝑒𝑒∈ℝ𝐶×𝐻×𝑊 is a learnab"
2407.01598v1,2407.01598v1:16788-18177,Long-Term Prediction Accuracy Improvement of Data-,0.657,1389,"∂ ∂𝜆[(𝜍+ 𝑓)𝑣] − 1 𝑎cos𝜃 ∂ ∂𝜃[(𝜍+ 𝑓)𝑢cos𝜃] −∇2 [𝜑+ 1 2 (𝑢2 + 𝑣2)] , { ∂(𝜑𝑢) ∂(𝜑𝑣cos𝜃) ∂𝜑 ∂𝑡= − 1 𝑎cos𝜃 ∂𝜆 − 1 𝑎cos𝜃 ∂𝜃 −𝜑𝛿‾ . where 𝑓= 2Ωsin𝜃 is the Coriolis par"
2407.01598v1,2407.01598v1:18178-19780,Long-Term Prediction Accuracy Improvement of Data-,0.659,1602,"(Giraldo, 2001) to generate the numerical solutions with a spatial resolution of 256 × 512 and timesteps of 60 seconds. We use 128 initial conditions to simulat"
2407.01598v1,2407.01598v1:19781-21340,Long-Term Prediction Accuracy Improvement of Data-,0.602,1559,quadrature weights. 3.2 Data and xperiment of Global Weather Forecast The data we use for iterative medium-range global weather forecast is WeatherBench (Rasp e
2407.01598v1,2407.01598v1:21341-22737,Long-Term Prediction Accuracy Improvement of Data-,0.615,1396,"𝑐=1 𝑖=1 𝑗=1 where 𝐶, 𝐻, 𝑊 are the number of channels, grid points in latitude, grid points in longitude, respectively. 𝐹𝜗[𝑢𝑛](𝑥𝑐,𝑖,𝑗) and 𝑢𝑛+1(𝑥𝑐,𝑖,𝑗) are predi"
2407.01598v1,2407.01598v1:22738-24321,Long-Term Prediction Accuracy Improvement of Data-,0.703,1583,"𝑛 𝑖 𝑗 ′ 𝑡𝑛,𝑖,𝑗 ′ ∑ 𝑛,𝑖,𝑗 𝑤𝑖𝑓𝑛,𝑖,𝑗 ACC = ′2 ∑ 𝑛,𝑖,𝑗 𝑤𝑖𝑡𝑛,𝑖,𝑗 ′2 √∑ 𝑛,𝑖,𝑗 𝑤𝑖𝑓𝑛,𝑖,𝑗 where 𝑓 is the model forecast and 𝑡 is the ERA5 truth, 𝑤𝑖 is the latitude weigh"
2407.01598v1,2407.01598v1:24322-26523,Long-Term Prediction Accuracy Improvement of Data-,0.804,2201,at the boundaries seriously affects the accuracy. FourCastNet uses Discrete Fourier Transform (DFT) to ensure the continuity of the east-west boundary and does 
2407.01598v1,2407.01598v1:26524-27939,Long-Term Prediction Accuracy Improvement of Data-,0.616,1415,"2023; John Xu et al., 2020; McCabe et al., 2023; Rahaman et al., 2019). We use SHT to geopotential height 𝑍 and calculate its spectra on different iteration ste"
2407.01598v1,2407.01598v1:27940-30116,Long-Term Prediction Accuracy Improvement of Data-,0.748,2176,"frequency. Although SHT can mitigate distortions and make the long-term iterative prediction more stable, the global nature of the spherical harmonic inevitably"
2407.01598v1,2407.01598v1:30117-32260,Long-Term Prediction Accuracy Improvement of Data-,0.784,2143,"among these scales rather than the correlation among them. Additionally, SHNO also uses registers (Darcet et al., 2024) in spectral domain to eliminate outliers"
2407.01598v1,2407.01598v1:32261-34464,Long-Term Prediction Accuracy Improvement of Data-,0.742,2203,iterative forecasts. Figure 4: Mean relative losses for the Shallow Water Equations on the rotating sphere at a spatial resolution of 64 × 128 and a temporal re
2407.01598v1,2407.01598v1:34465-36616,Long-Term Prediction Accuracy Improvement of Data-,0.757,2151,"To settle this problem, FuXi presents a cascade model that balances accuracy for specific lead times with the stability of iterations. However, a single model o"
2407.01598v1,2407.01598v1:36617-38730,Long-Term Prediction Accuracy Improvement of Data-,0.746,2113,"days lead time i.e. 4, 12, 20, and 28 iteration steps respectively. Rows from top to bottom represent the 850hPa, 500hPa, and 250hPa pressure level. For all cas"
2407.01598v1,2407.01598v1:38731-40820,Long-Term Prediction Accuracy Improvement of Data-,0.713,2089,"Figure S11 shows the globally-averaged latitude-weighted ACC, which also demonstrates that SHNO has better long-term iterative ability than FourCastNet and SFNO"
2407.01598v1,2407.01598v1:40821-43059,Long-Term Prediction Accuracy Improvement of Data-,0.8,2238,"networks causes spectral bias, leading to longterm iteration instability. We found that the universal mechanism for these instabilities is not only related to s"
2407.01598v1,2407.01598v1:43060-44962,Long-Term Prediction Accuracy Improvement of Data-,0.673,1902,"as the number of iterations increases. Therefore, small-scale information simulation and iteration stability need to be balanced. Despite the promising accuracy"
2407.01598v1,2407.01598v1:44963-46363,Long-Term Prediction Accuracy Improvement of Data-,0.554,1400,"2022 IEEE/CVF Conference on Computer Vision and Pattern Recognition (CVPR), Bonev, B., Kurth, T., Hundt, C., Pathak, J., Baust, M., Kashinath, K., & Anandkumar,"
2407.01598v1,2407.01598v1:46364-47973,Long-Term Prediction Accuracy Improvement of Data-,0.571,1609,"L., Zhong, X., Zhang, F., Cheng, Y., Xu, Y., Qi, Y., & Li, H. (2023). FuXi: a cascade machine learning forecasting system for 15-day global weather forecast. np"
2407.01598v1,2407.01598v1:47974-49419,Long-Term Prediction Accuracy Improvement of Data-,0.531,1445,"Berrisford, P., Hirahara, S., Horányi, A., Muñoz Sabater, J., Nicolas, J., Peubey, C., Radu, R., Schepers, D., Simmons, A., Soci, C., Abdalla, S., Abellan, X., "
2407.01598v1,2407.01598v1:49420-51012,Long-Term Prediction Accuracy Improvement of Data-,0.571,1592,"T., & Kihara, D. (2019). A Gated Self-attention Memory Network for Answer Selection. Conference on Empirical Methods in Natural Language Processing. Lam, R., Sa"
2407.01598v1,2407.01598v1:51013-52580,Long-Term Prediction Accuracy Improvement of Data-,0.591,1567,"Gui, L., Neubig, G., May, J., & Zettlemoyer, L. (2023). Mega: Moving Average Equipped Gated Attention. The Eleventh International Conference on Learning Represe"
2407.01598v1,2407.01598v1:52581-54143,Long-Term Prediction Accuracy Improvement of Data-,0.581,1562,"Poulenard, A., & Guibas, L. J. (2021, 20-25 June 2021). A functional approach to rotation equivariant non-linearities for Tensor Field Networks. 2021 IEEE/CVF C"
2407.01598v1,2407.01598v1:54144-55683,Long-Term Prediction Accuracy Improvement of Data-,0.603,1539,"H., & Chen, Z. (2024). FViT: A Focal Vision Transformer with Gabor Filter. arXiv e-prints, arXiv:2402.11303. https://doi.org/10.48550/arXiv.2402.11303 Ulyanov, "
2407.01598v1,2407.01598v1:55684-56649,Long-Term Prediction Accuracy Improvement of Data-,0.396,965,"Deng2, and Di Zhang2 1College of Computer Science and Technology, National University of Defense Technology, Changsha, P.R. China, 410073 2College of Meteorolog"
2407.01598v1,2407.01598v1:56650-58240,Long-Term Prediction Accuracy Improvement of Data-,0.469,1590,"𝑣, 𝑝, 𝑡) Supplementary Tables Table S1 Relative losses for the Shallow Water Equations on the rotating sphere at a spatial resolution of 64 × 128 and a temporal"
2407.01598v1,2407.01598v1:58241-60345,Long-Term Prediction Accuracy Improvement of Data-,0.78,2104,"Water Equations. Columns from left to right corresponding to 1, 10, 50 and 100 iteration steps respectively. Rows from top to bottom represent the ground truth,"
2407.01598v1,2407.01598v1:60346-62314,Long-Term Prediction Accuracy Improvement of Data-,0.699,1968,"50 and 100 iteration steps respectively. Rows from top to bottom represent the ground truth, U-Net, FourCastNet, SFNO Linear, SFNO Non-Linear, SHNO-SMHSA, and S"
2407.01598v1,2407.01598v1:62315-62686,Long-Term Prediction Accuracy Improvement of Data-,0.661,371,"(green line), FourCastNet (blue lines), SFNO (purple lines), and SHNO (red lines) for 3 surface variables, 4 upper-air variables at 500hPa pressure level, and 5"
2407.02089v2,2407.02089v2:0-2044,GPTCast: a weather language model for precipitatio,0.756,2044,"GPTCast: a weather language model for precipitation nowcasting Gabriele Franch1, Elena Tomasi1, Rishabh Wanjari1, Virginia Poli2, Chiara Cardinali2, Pier Paolo "
2407.02089v2,2407.02089v2:2045-4273,GPTCast: a weather language model for precipitatio,0.778,2228,These short-term precipitation forecasts are essential for emergency response when timely released and properly communicated via early warning systemsGöber et a
2407.02089v2,2407.02089v2:4274-6326,GPTCast: a weather language model for precipitatio,0.694,2052,"and Generative AI techniques to enhance forecast accuracy and realism. Deterministic DNNs have been instrumental in predicting the dynamics of precipitation, in"
2407.02089v2,2407.02089v2:6327-8856,GPTCast: a weather language model for precipitatio,0.821,2529,"the setup of natural language processing: a tokenization step, where an input tokenizer splits and maps the input to a finite vocabulary, and an autoregressive "
2407.02089v2,2407.02089v2:8857-11096,GPTCast: a weather language model for precipitatio,0.713,2239,"enables probabilistic outputs. In contrast, all other generative deep learning modelsRavuri et al. (2021); Leinonen et al. (2023); Zhang et al. (2023) require r"
2407.02089v2,2407.02089v2:11097-13257,GPTCast: a weather language model for precipitatio,0.691,2160,in a reduced-dimensional space. The latent vectors at the bottleneck are discretized using a quantization layer that maps them to a finite codebook (Z) by findi
2407.02089v2,2407.02089v2:13258-15370,GPTCast: a weather language model for precipitatio,0.678,2112,The total size of the VQGAN model is 90M trainable parameters. 2.2 Spatiotemporal forecaster: GPT Similarly to Esser et al. the second-stage model is a causal t
2407.02089v2,2407.02089v2:15371-17623,GPTCast: a weather language model for precipitatio,0.778,2252,with the past 7 time steps to generate the tokens for the 8th time step. We can generate forecasts for domains with arbitrary sizes by applying a sliding window
2407.02089v2,2407.02089v2:17624-19782,GPTCast: a weather language model for precipitatio,0.731,2158,in Figure 4. Figure 4. Extent of the dataset. Effective coverage is the composite of the 125 km range of the Gattatico and San Pietro Capofiume radars (green ar
2407.02089v2,2407.02089v2:19783-22091,GPTCast: a weather language model for precipitatio,0.735,2308,"divided between training and validation, with the following final result: 149,524 steps for training, 7,869 for validation, 21,871 for the TTS that includes 145"
2407.02089v2,2407.02089v2:22092-24046,GPTCast: a weather language model for precipitatio,0.678,1954,factor. Table 3 shows the performances in reconstruction ability on the TTS between a VQGAN trained using as reconstruction loss a standard Mean Absolute Error 
2407.02089v2,2407.02089v2:24047-26479,GPTCast: a weather language model for precipitatio,0.792,2432,"(albeit with an overestimation at the smallest wavelengths), while the standard autoencoder distribution is constantly shifted and underestimated at all wavelen"
2407.02089v2,2407.02089v2:26480-28627,GPTCast: a weather language model for precipitatio,0.791,2147,"Amplitude, and Location (SAL) plot that compares the performance of the MAE and MWAE autoencoders. Each dot on the plot represents the scores of one image in th"
2407.02089v2,2407.02089v2:28628-30814,GPTCast: a weather language model for precipitatio,0.788,2186,"events. For each event, we produce a forecast every 30 minutes, and each forecast is a 20-member 11 Figure 7. Qualitative comparison between precipitation snaps"
2407.02089v2,2407.02089v2:30815-32941,GPTCast: a weather language model for precipitatio,0.744,2126,our experiments was close to an order of magnitude (GPTCast-8x8 computes a timestep in 2 seconds compared to 17 seconds for the larger model on an NVIDIA RTX 40
2407.02089v2,2407.02089v2:32942-35381,GPTCast: a weather language model for precipitatio,0.82,2439,"forecasts, outperforming the state-of-the-art extrapolation method in both accuracy and uncertainty estimation. GPTCast’s deterministic architecture enhances in"
2407.02089v2,2407.02089v2:35382-37672,GPTCast: a weather language model for precipitatio,0.808,2290,"work to avoid model overfitting. Future work could explore optimizing context size and computational complexity to balance performance and resource demands, as "
2407.02089v2,2407.02089v2:37673-37806,GPTCast: a weather language model for precipitatio,0.85,133,We acknowledge CINECA Consortium for providing the GPU resources for training and running the experiments presented in this study. 17
2407.04882v1,2407.04882v1:0-2297,Improving ensemble extreme precipitation forecasts,0.84,2297,Generated using the official AMS LATEX template v6.1 Improving ensemble extreme precipitation forecasts using generative artificial intelligence arXiv:2407.0488
2407.04882v1,2407.04882v1:2298-4569,Improving ensemble extreme precipitation forecasts,0.759,2271,extreme precipitation events. The study explores AI methods to generate precipitation forecasts and explains the decision-making mechanisms of such AI technique
2407.04882v1,2407.04882v1:4570-6912,Improving ensemble extreme precipitation forecasts,0.772,2342,"models to predict conditional predictive quantiles rather than the most likely values. While these methods have achieved great success, their primary focus was "
2407.04882v1,2407.04882v1:6913-9248,Improving ensemble extreme precipitation forecasts,0.783,2335,"cost. This enlarged generative ensemble set would contain possible evolutions of the state of the atmosphere, thus providing better support for the estimation o"
2407.04882v1,2407.04882v1:9249-11254,Improving ensemble extreme precipitation forecasts,0.705,2005,"post-processing. Broadly, the authors also wish to introduce generative AI to severe-weather-related studies and inspire future creative works. 2. Research doma"
2407.04882v1,2407.04882v1:11255-13223,Improving ensemble extreme precipitation forecasts,0.689,1968,"emphasizes precipitation in the Great Plains and the Southeastern US (cf. Fig. S1d and e-f). The 00–06 UTC (i.e., evening-to-night local time) patterns in Fig. "
2407.04882v1,2407.04882v1:13224-15350,Improving ensemble extreme precipitation forecasts,0.774,2126,was used for one of the baseline methods. The operational GEFSv12 comes with a 30-year reforecast archive to support post-processing studies (Guan et al. 2022).
2407.04882v1,2407.04882v1:15351-17443,Improving ensemble extreme precipitation forecasts,0.785,2092,"to the real space. The term “Latent Diffusion Model (LDM)” was used to highlight the application of VQ-VAE, and hereafter, the method is named “ViT-LDM”. The Vi"
2407.04882v1,2407.04882v1:17444-19380,Improving ensemble extreme precipitation forecasts,0.783,1936,"Unit (GELU; Hendrycks and Gimpel 2016) activation function, and dropout (Srivastava et al. 2014). (b) The schematics of the VQ layer and its dashed line arrows "
2407.04882v1,2407.04882v1:19381-21176,Improving ensemble extreme precipitation forecasts,0.734,1795,"−𝑒∥2 2 + 𝛽∥𝑧𝑒(𝑥) −sg (𝑒)∥2 2 (1) Where 𝑥is a training batch, ∥··· ∥2 2 is the mean squared error computation, 𝑧𝑒and 𝑧𝑑are the VQVAE encoder and decoder, respect"
2407.04882v1,2407.04882v1:21177-23257,Improving ensemble extreme precipitation forecasts,0.724,2080,"of GEFS APCP forecasts. Its architecture consists of three components: (1) an input section that converts 3-D tensors into embedded patches, (2) stacked ViT blo"
2407.04882v1,2407.04882v1:23258-24652,Improving ensemble extreme precipitation forecasts,0.642,1394,latent space. c. Ensemble generation using LDM An LDM was implemented to produce generative ensembles conditioned on the bias-corrected GEFS members. The archet
2407.04882v1,2407.04882v1:24653-26824,Improving ensemble extreme precipitation forecasts,0.774,2171,The LDM of this research was designed based on the DDPM above and applied within the VQ-VAE latent space. Its architecture is similar to a 3-D Unet (e.g. Ronneb
2407.04882v1,2407.04882v1:26825-29011,Improving ensemble extreme precipitation forecasts,0.813,2186,"for use as a baseline, such as Scheuerer and Hamill (2015) and Stovern et al. (2023), but these methods typically produce probabilistic values directly rather t"
2407.04882v1,2407.04882v1:29012-31138,Improving ensemble extreme precipitation forecasts,0.773,2126,to determine if skill scores were statistically significantly different. 4. Results a. Case-based assessments A case-based assessment is presented to demonstrat
2407.04882v1,2407.04882v1:31139-33213,Improving ensemble extreme precipitation forecasts,0.844,2074,for AnEn-ECC. (d) the CCPA verification target. (e-i) example of generative ensembles produced by ViT-LDM. Hatched areas represent where the 99th extreme events
2407.04882v1,2407.04882v1:33214-35190,Improving ensemble extreme precipitation forecasts,0.74,1976,post-processing methods to reconstruct the correct precipitation fields. The CRPSS differences between ViT-LDM and 18 Fig. S8. Verifications of ViT-LDM (red bar
2407.04882v1,2407.04882v1:35191-37378,Improving ensemble extreme precipitation forecasts,0.825,2187,further with reliability diagrams. Its suboptimal performance on mild and moderate precipitation events will also be discussed with explainability studies. c. E
2407.04882v1,2407.04882v1:37379-39498,Improving ensemble extreme precipitation forecasts,0.775,2119,"forecasts comparable 20 Fig. S9. Verification of forecasted 6-hourly extreme precipitation events with reliability diagrams (top), frequency of occurrence (midd"
2407.04882v1,2407.04882v1:39499-41659,Improving ensemble extreme precipitation forecasts,0.781,2160,"rate of 99th percentile thresholds were typically lower than 40 mm per 6 hours, AnEn-ECC generated more large probabilities (Fig. S9). The GEFS-Raw was capable "
2407.04882v1,2407.04882v1:41660-43745,Improving ensemble extreme precipitation forecasts,0.778,2085,timing error of extreme events was largely eliminated when the entire trajectory was aggregated into a single time frame (e.g. Jeworrek et al. 2021). For the tw
2407.04882v1,2407.04882v1:43746-46123,Improving ensemble extreme precipitation forecasts,0.851,2377,"forecasts, respectively. Small and large blue dots are the latent space representations of the original GEFS ensemble members and the ensemble mean, respectivel"
2407.04882v1,2407.04882v1:46124-48050,Improving ensemble extreme precipitation forecasts,0.694,1926,longer range of hours is a valid option. The role of the diffusion model and the limitation of ViT-based post-processing can be identified from this explainabil
2407.04882v1,2407.04882v1:48051-50259,Improving ensemble extreme precipitation forecasts,0.809,2208,thus benefiting the calibration of extreme precipitation events. The predictive behaviors of ViT-LDM were further examined by removing certain components Based 
2407.04882v1,2407.04882v1:50260-52573,Improving ensemble extreme precipitation forecasts,0.769,2313,"does not improve performance. In summary, the potential benefits of ViT-LDM is considered the largest for short-term extreme precipitation events with higher/st"
2407.04882v1,2407.04882v1:52574-54917,Improving ensemble extreme precipitation forecasts,0.8,2343,"Here, the examplebased explainability studies were conducted. An important finding of this study is that the VQ-VAE latent space is capable of separating GEFS f"
2407.04882v1,2407.04882v1:54918-57214,Improving ensemble extreme precipitation forecasts,0.842,2296,reforecasts as inputs and the Climate-Calibrated Precipitation Analysis (CCPA) as targets from 2002 to 2019 and tested with the operational GEFSv12 over the Con
2407.04882v1,2407.04882v1:57215-59339,Improving ensemble extreme precipitation forecasts,0.816,2124,"for extreme precipitation forecasts. It produces skillful and spatiotemporally consistent precipitation forecast trajectories, bridging the gap between limited "
2407.04882v1,2407.04882v1:59340-61342,Improving ensemble extreme precipitation forecasts,0.757,2002,System (GEFS) total precipitation forecasts (APCP). This supplemental document includes the hyperparameter choices and training procedures of the above neural n
2407.04882v1,2407.04882v1:61343-63323,Improving ensemble extreme precipitation forecasts,0.734,1980,"were used throughout. After training, the VQ-VAE may occasionally produce negative precipitation values. As introduced in Section 3.a, a 0.1 mm truncation was a"
2407.04882v1,2407.04882v1:63324-64361,Improving ensemble extreme precipitation forecasts,0.693,1037,"The LDM was initially validated by computing the loss of reconstructed noise. For fine-tuning, it was later validated by generating forecasts on randomly select"
2407.11050v1,2407.11050v1:0-2513,Graph Neural Networks and Spatial Information Lear,0.786,2513,Graph Neural Networks and Spatial Information Learning for Post-Processing Ensemble Weather Forecasts Moritz Feik 1 2 Sebastian Lerch 1 2 * Jan St¨uhmer 1 2 * A
2407.11050v1,2407.11050v1:2514-4934,Graph Neural Networks and Spatial Information Lear,0.789,2420,"of the target variable (Haupt et al., 2021; Vannitsem et al., 2021). Specifically, neural network (NN)- based distributional regression approaches first propose"
2407.11050v1,2407.11050v1:4935-6978,Graph Neural Networks and Spatial Information Lear,0.68,2043,"contains both reforecasts and forecasts. Reforecasts are NWP model runs for past dates, which are conducted to obtain a large archive of past forecasts for anal"
2407.11050v1,2407.11050v1:6979-9162,Graph Neural Networks and Spatial Information Lear,0.718,2183,"et al., 2019). To assess the statistical significance of score differences, we use tests of equal predictive performance (Diebold & Mariano, 1995). 3.2. DRN We "
2407.11050v1,2407.11050v1:9163-11377,Graph Neural Networks and Spatial Information Lear,0.752,2214,"to combat learning instabilities and leverage information from nodes multiple hops away. After the hidden features are created, they are aggregated using the De"
2407.11050v1,2407.11050v1:11378-13385,Graph Neural Networks and Spatial Information Lear,0.62,2007,"Brody et al., 2022). The hidden representations in GATs are generally computed as hi = ϕ   xi, L j∈N(i) a(xi, xj)ψ(xj) (Bronstein et al., 2021). For details o"
2407.11050v1,2407.11050v1:13386-15291,Graph Neural Networks and Spatial Information Lear,0.631,1905,"members in the reforecast and forecast data, and results in better forecast performance. Table 1 provides an overview of the results for the R2F task. Results f"
2407.11050v1,2407.11050v1:15292-17536,Graph Neural Networks and Spatial Information Lear,0.805,2244,"all post-processing methods substantially improve the raw ensemble predictions, which provide the sharpest prediction intervals, but fail to achieve a coverage "
2407.11050v1,2407.11050v1:17537-19831,Graph Neural Networks and Spatial Information Lear,0.701,2294,"GNNs (Li & Zhu, 2021) as well as other graph generation methods based on alternative, e.g. meteorologically motivated similarity-based distance metrics (Lerch &"
2407.11050v1,2407.11050v1:19832-21432,Graph Neural Networks and Spatial Information Lear,0.533,1600,"122 stations for each day, generated by either 11 or 51 ensemble members for the reforecasts and forecasts, respectively. RF Test and F Test denote the test dat"
2407.11050v1,2407.11050v1:21433-23425,Graph Neural Networks and Spatial Information Lear,0.751,1992,SURFACE NET SHORTWAVE (SOLAR) RADIATION DOWNWARD — ✓ STR6 J m−2 SURFACE NET LONGWAVE (THERMAL) RADIATION — ✓ STRD6 J m−2 SURFACE NET LONGWAVE (THERMAL) RADIATIO
2407.11050v1,2407.11050v1:23426-25301,Graph Neural Networks and Spatial Information Lear,0.642,1875,"model was also optimized using a grid search of the relevant hyperparameters, see also the model descriptions in Rasp & Lerch (2018); Schulz & Lerch (2022), and"
2407.11050v1,2407.11050v1:25302-26802,Graph Neural Networks and Spatial Information Lear,0.473,1500,"for the considered lead times, with the null hypothesis of equal predictive performance at a given station. The test statistic is n X ¯SF n −¯SG t = √n , where "
2407.11050v1,2407.11050v1:26803-28289,Graph Neural Networks and Spatial Information Lear,0.484,1486,0.61 4.41 95.72 0.78 4.43 89.87 1.14 4.56 77.79 GAT 0.60 4.16 95.04 0.78 5.93 96.42 1.09 8.27 96.80 p-values of the per-station tests in ascending order and sel
2407.11050v1,2407.11050v1:28290-29865,Graph Neural Networks and Spatial Information Lear,0.517,1575,3.3 10.0 — 55.0 0.0 DS 10.8 40.8 — 2.5 20.0 28.3 — 10.0 1.7 3.3 — 0.0 GAT 38.3 50.0 24.2 — 14.2 35.8 0.0 — 10.8 11.7 72.5 — A.2.3. PIT HISTOGRAMS To assess the 
2407.11050v1,2407.11050v1:29866-32084,Graph Neural Networks and Spatial Information Lear,0.715,2218,"uniform distribution fairly well, however, for the reforecast data there exists a spike for the lower PIT values and larger PIT values are under-presented, spec"
2407.11050v1,2407.11050v1:32085-34176,Graph Neural Networks and Spatial Information Lear,0.683,2091,"= 1, . . . , S; n = 1, . . . , N} (1) is the permuted feature set, which is then used to generate the graphs, as detailed in Section 3.3.1. The two-stage shuffl"
2407.11050v1,2407.11050v1:34177-35270,Graph Neural Networks and Spatial Information Lear,0.539,1093,"be interpreted with care, as the quality of the prediction made by the NWP model varies across the features. Thus low importance can also be due to decreased fo"
2407.14158v3,2407.14158v3:0-2182,Machine learning emulation of precipitation from k,0.755,2182,manuscript submitted to Journal of Advances in Modeling Earth Systems (JAMES) Machine learning emulation of precipitation from km-scale UK regional climate simu
2407.14158v3,2407.14158v3:2183-4702,Machine learning emulation of precipitation from k,0.806,2519,to ∼100 years. We demonstrate successful transfer from a “perfect model” training setting to application using GCM variable inputs. It captures the main feature
2407.14158v3,2407.14158v3:4703-6869,Machine learning emulation of precipitation from k,0.721,2166,"as the global climate model runs used to drive the CPM. These input fields are pressure at mean sea-level and specific humidity, temperature and vorticity at 25"
2407.14158v3,2407.14158v3:6870-9070,Machine learning emulation of precipitation from k,0.712,2200,"using output from the Met Office United Kingdom (UK) CPM, the first set of national-scale CPM climate simulations, which were produced as part of the UK Climate"
2407.14158v3,2407.14158v3:9071-10872,Machine learning emulation of precipitation from k,0.635,1801,"precipitation predictions to capture high-resolution details (e.g., Vosper et al., 2023; L. Harris, McRae, Chantry, Dueben, & Palmer, 2022; Leinonen, Nerini, & "
2407.14158v3,2407.14158v3:10873-13138,Machine learning emulation of precipitation from k,0.736,2265,"there is growing interest in learning to emulate high-resolution numerical models (e.g., Walton et al., 2015; Bo´e et al., 2022; Doury et al., 2023, 2024; Kendo"
2407.14158v3,2407.14158v3:13139-15315,Machine learning emulation of precipitation from k,0.747,2176,"Rampal et al., 2025; Rampal, Gibson, et al., 2024; Lopez-Gomez et al., 2025; Doury et al., 2024) may not necessarily transfer well to emulating the more realist"
2407.14158v3,2407.14158v3:15316-17414,Machine learning emulation of precipitation from k,0.764,2098,3.4). The method is described in detail in Section 2 and we summarise the results and discuss directions for future work in Section 4. 2 Materials and methods 2
2407.14158v3,2407.14158v3:17415-19508,Machine learning emulation of precipitation from k,0.693,2093,"we refer to as “Historic” for 1981–2000, “Present” for 2021–2040 and “Future” for 2061–2080. This gives a total of 720 years of data, which allows development o"
2407.14158v3,2407.14158v3:19509-21544,Machine learning emulation of precipitation from k,0.73,2035,"models. For our purposes, successful emulation means recreating CPM behaviour, including biases compared to observations. If appropriate, a user can then apply "
2407.14158v3,2407.14158v3:21545-23773,Machine learning emulation of precipitation from k,0.702,2228,"(Chan et al., 2018). We use daily-mean predictor variables, as higher time resolution output is not generally as widely available from GCM simulations. Since we"
2407.14158v3,2407.14158v3:23774-26061,Machine learning emulation of precipitation from k,0.771,2287,This approach has the benefit of using the physics embedded in the GCM to predict reasonably realistic weather states at coarse-resolution. –10– manuscript subm
2407.14158v3,2407.14158v3:26062-28319,Machine learning emulation of precipitation from k,0.721,2257,(2021). For our emulator we use Song et al. (2021)’s subVariance-Preserving (“sub-VP”) formulation of the stochastic differential equation (SDE) that defines th
2407.14158v3,2407.14158v3:28320-30516,Machine learning emulation of precipitation from k,0.713,2196,"2024). We use the Euler-Maruyama method, a simple first-order method (Bayram et al., 2018), to solve the reverse SDE for generating samples with the fitted netw"
2407.14158v3,2407.14158v3:30517-32801,Machine learning emulation of precipitation from k,0.795,2284,"disadvantages of particular loss functions are not yet fully clear, and an approach has not yet been found that results in a U-Net producing predictions with re"
2407.14158v3,2407.14158v3:32802-35165,Machine learning emulation of precipitation from k,0.774,2363,"All results shown in this manuscript are based on the test dataset, giving an unbiased estimate of the emulator’s quality. For each 20 year time period, the tra"
2407.14158v3,2407.14158v3:35166-37212,Machine learning emulation of precipitation from k,0.712,2046,"produce target data for training the emulator’s neural network, we first take the square root of the precipitation to produce a less skewed distribution than th"
2407.14158v3,2407.14158v3:37213-39273,Machine learning emulation of precipitation from k,0.71,2060,the pooled adjusted GCM training dataset. Kendon et al. (2025) discuss further the effects of this adjustment. 2.4 Evaluation diagnostics We test two inference 
2407.14158v3,2407.14158v3:39274-41566,Machine learning emulation of precipitation from k,0.797,2292,"statistically similar to samples from the emulator for a given GCM state, as in the ideal case, then the relationship with the mean of the samples should be ide"
2407.14158v3,2407.14158v3:41567-43655,Machine learning emulation of precipitation from k,0.744,2088,"CPM’s properties. We first test the emulator using CPM data coarsened to the 60km GCM grid as input (CPMGEM cCPM), to correspond to the inputs used in training."
2407.14158v3,2407.14158v3:43656-45830,Machine learning emulation of precipitation from k,0.804,2174,DJF; the 80th percentile of the domainmean). The second row shows the wettest winter day in the 108 year test dataset. The third and fourth rows are similar but
2407.14158v3,2407.14158v3:45831-48019,Machine learning emulation of precipitation from k,0.797,2188,"fourth rows also have similarly realistic spatial structure to the CPM. Note, there is a substantial stochastic component of precipitation that is unpredictable"
2407.14158v3,2407.14158v3:48020-50241,Machine learning emulation of precipitation from k,0.744,2221,"coarse-scale input, the locations of the heaviest precipitation amounts generally differ, which may result in very different local effects simulated by an impac"
2407.14158v3,2407.14158v3:50242-52153,Machine learning emulation of precipitation from k,0.754,1911,Statistical properties of predictions. (a) Histograms of precipitation values on the 8.8km grid. The grey shaded area is the frequency density of the target CPM
2407.14158v3,2407.14158v3:52154-54347,Machine learning emulation of precipitation from k,0.823,2193,"CPM relative to observations (see Section 2.1.1). The emulator has learnt the differences in precipitation properties between nearby locations, below the scale "
2407.14158v3,2407.14158v3:54348-56525,Machine learning emulation of precipitation from k,0.801,2177,similar for U-Net cCPM (Figure 4(a); 0.94 Pearson correlation coefficient). This indicates that the deterministic component of CPMGEM cCPM (identified conceptua
2407.14158v3,2407.14158v3:56526-58810,Machine learning emulation of precipitation from k,0.801,2284,"points with comparable skill. BCSD has a closer correlation between predictions and CPM with less spread than CPMGEM, which may be expected as it is given coars"
2407.14158v3,2407.14158v3:58811-60857,Machine learning emulation of precipitation from k,0.817,2046,under-dispersion in the emulator samples and below over-dispersion. –26– manuscript submitted to Journal of Advances in Modeling Earth Systems (JAMES) Figure 6.
2407.14158v3,2407.14158v3:60858-63003,Machine learning emulation of precipitation from k,0.763,2145,"cCPM samples include a realistic degree of fine-scale structure, as seen in the samples in Figure 2. The curve for U-Net generally displays too low variability,"
2407.14158v3,2407.14158v3:63004-65243,Machine learning emulation of precipitation from k,0.794,2239,"winter and in the southeast in summer across individual points on the high-resolution grid. In the former case, precipitation is predominantly frontal and orogr"
2407.14158v3,2407.14158v3:65244-67333,Machine learning emulation of precipitation from k,0.78,2089,"return periods are generally consistent with those of CPMGEM cCPM (see Supporting Information section S1, Figure S2 and Table S1). The CPM intensities are withi"
2407.14158v3,2407.14158v3:67334-69395,Machine learning emulation of precipitation from k,0.784,2061,"to the problem of downscaling GCM data, rather than the coarsened CPM data like that used for training. Having shown the greater realism of CPMGEM outputs compa"
2407.14158v3,2407.14158v3:69396-71377,Machine learning emulation of precipitation from k,0.774,1981,days (greater than 0.1 mm/day) to the CPM across all grid boxes: 54.7% annually from the emulator compared to 53.0% from the CPM. Seasonal differences in this p
2407.14158v3,2407.14158v3:71378-73399,Machine learning emulation of precipitation from k,0.753,2021,"for London in JJA at a return period of 9.8 years (when the CPM value lies just 0.1mm outside the spread, 0.2% in relative terms), and for Lancaster in DJF and "
2407.14158v3,2407.14158v3:73400-75402,Machine learning emulation of precipitation from k,0.688,2002,of Difference (% of (%) (%) CPM change) Historic CPM) Winter 23 17 -26 ( -41 to -10) -5.9 (-9.5 to -2.3) Spring 6 2 -61 (-134 to +13) -3.8 (-8.3 to +0.8) Summer
2407.14158v3,2407.14158v3:75403-77487,Machine learning emulation of precipitation from k,0.761,2084,"UK will become drier in the summer and wetter in the winter (Kendon et al., 2021). Figure 12 shows the relative change in the mean precipitation between Histori"
2407.14158v3,2407.14158v3:77488-79495,Machine learning emulation of precipitation from k,0.704,2007,"al., 2017). The emulator also captures most of the wettening in winter, though there is some underestimation. Table 1 shows the change in seasonal domain means."
2407.14158v3,2407.14158v3:79496-81751,Machine learning emulation of precipitation from k,0.762,2255,in future changes in heavy precipitation. It shows substantial increases in both of these percentiles in winter and in summer it correctly shows a decrease in t
2407.14158v3,2407.14158v3:81752-83816,Machine learning emulation of precipitation from k,0.783,2064,than the CPM. Some contribution to this comes from predicted changes in the frequency of precipitation being slightly smaller than in the CPM. But it also indic
2407.14158v3,2407.14158v3:83817-86151,Machine learning emulation of precipitation from k,0.762,2334,precipitation (grey dashed) and each emulator (colours as (a)). –40– manuscript submitted to Journal of Advances in Modeling Earth Systems (JAMES) Therefore the
2407.14158v3,2407.14158v3:86152-88515,Machine learning emulation of precipitation from k,0.767,2363,"comparison to a deterministic U-Net model, the BCSD statistical method and other studies in the literature, the stochastic component is important for producing "
2407.14158v3,2407.14158v3:88516-90696,Machine learning emulation of precipitation from k,0.732,2180,a diffusion model with temporal downscaling ability. Generating multi-variate output is another key target for climate impacts modelling and would go further to
2407.14158v3,2407.14158v3:90697-92892,Machine learning emulation of precipitation from k,0.708,2195,"degrading performance (not shown). Approaches such as latent diffusion models (Rombach et al., 2022) and patch diffusion (Z. Wang et al., 2023) may allow for in"
2407.14158v3,2407.14158v3:92893-94858,Machine learning emulation of precipitation from k,0.687,1965,"sde pytorch (Song et al., 2021). The version used for this manuscript is maintained in the v0.2-paper branch, which includes the v0.2.2 tag, the latest commit u"
2407.14158v3,2407.14158v3:94859-96744,Machine learning emulation of precipitation from k,0.638,1885,"(SDE). The idea is to imagine a diffusion process {x(t)T t=0} modelled by an SDE: dx = f(x, t)dt + g(t)dw (A1) When run forward, a sample, x(0), from the data d"
2407.14158v3,2407.14158v3:96745-98544,Machine learning emulation of precipitation from k,0.662,1799,4 -31 (-78 to +16) -2 (-4.8 to +1.0) JJA -40 -39 2 (-7 to +10) 1 (-2.9 to +3.9) SON -4 -6 -59 ( -129 to +9) -2 (-5.1 to +0.4) Table B1. Change in seasonal domai
2407.14158v3,2407.14158v3:98545-100607,Machine learning emulation of precipitation from k,0.75,2062,"Suman Ravuri3, Laurence Aitchison1, Peter A.G. Watson1 1University of Bristol, Bristol, UK 2Met Office Hadley Centre, Exeter, UK 3NVIDIA Corporation Contents of"
2407.14158v3,2407.14158v3:100608-102545,Machine learning emulation of precipitation from k,0.705,1937,KM-SCALE UK CLIMATE MODEL PRECIPITATION X - 3 Figure S1. Daily emulated vs CPM domain-maximum precipitation. Scatter plots of domain maximum precipitation for e
2407.14158v3,2407.14158v3:102546-104003,Machine learning emulation of precipitation from k,0.522,1457,of the six generated samples and the mean over these is used to calculate the bias. Root mean squared bias (%) over the domain is shown in top right of each spa
2407.14158v3,2407.14158v3:104004-104225,Machine learning emulation of precipitation from k,0.318,221,-5.1 -2.8 to 0.0 -3.0 to -1.8 Lancaster DJF 1 -2.6 -2.0 -3.3 to -1.7 -1.3 to -0.5 Lancaster JJA 1 -2.7 -4.7 -1.4 to 0.6 -2.7 to -1.5 Location Return period in b
2408.05472v2,2408.05472v2:0-1681,FuXi Weather: A data-to-forecast machine learning ,0.66,1681,"arXiv:2408.05472v2 [cs.LG] 18 Nov 2024 FuXi Weather: A data-to-forecast machine learning system for global weather Xiuyu Sun1†, Xiaohui Zhong2†, Xiaoze Xu3,1,4,"
2408.05472v2,2408.05472v2:1682-4099,FuXi Weather: A data-to-forecast machine learning ,0.836,2417,†These authors contributed equally to this work. Abstract Weather forecasting traditionally relies on numerical weather prediction (NWP) systems that integrates
2408.05472v2,2408.05472v2:4100-6514,FuXi Weather: A data-to-forecast machine learning ,0.83,2414,"substantial global FuXi Weather 3 disparities remain, with wealthier nations benefiting from better resources and more accurate forecasting [6], while many low-"
2408.05472v2,2408.05472v2:6515-8806,FuXi Weather: A data-to-forecast machine learning ,0.788,2291,"radiance assimilation for microwave sounders, challenges remain in fully leveraging satellite data across all grids, surfaces, and channels. With the volume of "
2408.05472v2,2408.05472v2:8807-11108,FuXi Weather: A data-to-forecast machine learning ,0.865,2301,"[42] with fine-tuned FuXi. Key updates to FuXi-DA include variable- and instrument-specific encoders for diverse satellite data, and a modified PointPillars [43"
2408.05472v2,2408.05472v2:11109-13307,FuXi Weather: A data-to-forecast machine learning ,0.755,2198,"brightness temperature from five microwave instruments aboard three polar-orbiting satellites (FY-3E, Metop-C, and NOAA-20) and GNSS-RO data [44] (see Extended "
2408.05472v2,2408.05472v2:13308-15606,FuXi Weather: A data-to-forecast machine learning ,0.766,2298,"During testing, FuXi Weather is initialized with zero values for cyclic DA and forecasting, using a 1-year data spanning from July 1, 2023, to June 30, 2024. DA"
2408.05472v2,2408.05472v2:15607-17900,FuXi Weather: A data-to-forecast machine learning ,0.785,2293,"For relative humidity (R), the analysis of FuXi Weather outperformed forecasts at 300 and 500 hPa, but had a slightly higher RMSE at 850 hPa. For temperature (T"
2408.05472v2,2408.05472v2:17901-19925,FuXi Weather: A data-to-forecast machine learning ,0.664,2024,latitude-weighted RMSE as a function of forecast lead times over a 10-day period. FuXi Weather forecasts initialized with analysis fields that included backgrou
2408.05472v2,2408.05472v2:19926-21365,FuXi Weather: A data-to-forecast machine learning ,0.389,1439,"HRES against HRES-fc0 FuXi Analysis FuXi Analysis (w/o bg) Fig. 2: Comparison of forecast performance among various models over a 1-year testing period, spannin"
2408.05472v2,2408.05472v2:21366-23452,FuXi Weather: A data-to-forecast machine learning ,0.687,2086,600.0 450.0 300.0 150.0 0 1 2 3 4 5 6 7 8 9 10 0.0 7.5 6.0 4.5 3.0 1.5 0 1 2 3 4 5 6 7 8 9 10 0.0 7.5 6.0 4.5 3.0 1.5 0.0 0 1 2 3 4 5 6 7 8 9 10 Lead time (Days
2408.05472v2,2408.05472v2:23453-25749,FuXi Weather: A data-to-forecast machine learning ,0.802,2296,"Supplementary Information section 7) revealed that FuXi Weather also performed ECMWF HRES in more data-sparse regions, such as tropical oceans and South America"
2408.05472v2,2408.05472v2:25750-28165,FuXi Weather: A data-to-forecast machine learning ,0.774,2415,increments and assesses whether these increments align with theoretical expectations. Two FuXi-DA runs were conducted: the first using a 6-hour forecast with or
2408.05472v2,2408.05472v2:28166-29884,FuXi Weather: A data-to-forecast machine learning ,0.607,1718,"(red dot), is introduced at 05 UTC, 1 hour before the analysis time. The two rows show, in the left panel, the horizontal spatial distribution of the analysis i"
2408.05472v2,2408.05472v2:29885-31747,FuXi Weather: A data-to-forecast machine learning ,0.707,1862,1.5 1.5 1.5 1.2 0.9 0.6 0.3 0.0 0.3 0.6 0.9 1.2 1.5 1.5 Relative humidity diff. (%) Relative humidity diff. (%) 4 Discussion FuXi Weather 13 Channel 20 50 100 P
2408.05472v2,2408.05472v2:31748-34158,FuXi Weather: A data-to-forecast machine learning ,0.819,2410,"adjoint models, or the estimation of observation and background error covariance matrices, which are computationally intensive and require specialized expertise"
2408.05472v2,2408.05472v2:34159-36368,FuXi Weather: A data-to-forecast machine learning ,0.706,2209,"its associated code, we used password protection for the Google Drive folder link through a Google Form. For inquiries and access to the Google Drive link kindl"
2408.05472v2,2408.05472v2:36369-38551,FuXi Weather: A data-to-forecast machine learning ,0.775,2182,"The FuXi-DA model was trained using data spanning the period June 1, 2022 - June 30, 2023. To ensure robust testing, the model utilized a comprehensive dataset "
2408.05472v2,2408.05472v2:38552-40637,FuXi Weather: A data-to-forecast machine learning ,0.717,2085,"mid-morning satellites (AM) at approximately 10:00 LST, and afternoon (PM) satellites at approximately 14:00 LST [68]. Operational global DA systems require ass"
2408.05472v2,2408.05472v2:40638-42758,FuXi Weather: A data-to-forecast machine learning ,0.759,2120,"Metop-C (AM orbit): The Metop-C, launched on 7 November 2018, is the third satellite in a series of three polar-orbiting meteorological satellites developed col"
2408.05472v2,2408.05472v2:42759-45103,FuXi Weather: A data-to-forecast machine learning ,0.824,2344,"and bending angles, which are crucial to derive weather parameters such as temperature, pressure, and humidity. Radio occultation data offers global three-dimen"
2408.05472v2,2408.05472v2:45104-47348,FuXi Weather: A data-to-forecast machine learning ,0.793,2244,"COSMIC2 includes six satellites designed to collect RO data using GNSS signals. This constellation notably contributes to global weather prediction, ionospheric"
2408.05472v2,2408.05472v2:47349-49529,FuXi Weather: A data-to-forecast machine learning ,0.796,2180,template FuXi Weather 41 a) b) Repeat Eight Times Channel Channel MWTS FY-3E FY-3E Channel Channel MWHS NOAA-20 Channel Channel ATMS GNSS-RO Gridding Channel Ch
2408.05472v2,2408.05472v2:49530-51713,FuXi Weather: A data-to-forecast machine learning ,0.718,2183,"data, most pillars were empty, with only a few containing data. Extended Data Fig.1 illustrates this sparsity, with yellow dots indicating the presence of GNSS-"
2408.05472v2,2408.05472v2:51714-53987,FuXi Weather: A data-to-forecast machine learning ,0.728,2273,"quality control screening is applied to the observational data input to FuXi Weather. Consequently, FuXi Weather operates as an all-pixel, all-surface, all-chan"
2408.05472v2,2408.05472v2:53988-56382,FuXi Weather: A data-to-forecast machine learning ,0.805,2394,"In contrast, FuXi-DA eliminates the need for conventional observational operators by converting observations and forecasts into separate latent spaces, and merg"
2408.05472v2,2408.05472v2:56383-58464,FuXi Weather: A data-to-forecast machine learning ,0.603,2081,"padding = 1) (stride = 2, padding = 0) (stride = 2, padding = 0) mask flow mask flow mask flow mask flow layer normalization layer normalization layer normaliza"
2408.05472v2,2408.05472v2:58465-60506,FuXi Weather: A data-to-forecast machine learning ,0.706,2041,"layer consists of a 2D convolution layer with a 3 × 3 kernel and stride of 1, layer normalization, SiLU activation, another 2D convolution layer (kernel size 3×"
2408.05472v2,2408.05472v2:60507-62422,FuXi Weather: A data-to-forecast machine learning ,0.565,1915,"Nature 2021 LATEX template FuXi Weather 45 model is fine-tuned using the FuXi-DA analysis fields (details in Section 3.3 below). Moreover, we found that 4-day f"
2408.05472v2,2408.05472v2:62423-63761,FuXi Weather: A data-to-forecast machine learning ,0.241,1338,T (K) -0.04 -0.04 0 1 2 3 4 5 6 7 8 9 10 -0.08 0.00 0.00 -0.01 -0.01 Z (m2 s 2) -0.02 -0.02 -0.03 -0.03 -0.04 -0.04 0 1 2 3 4 5 6 7 8 9 10 -0.05 0.00 0.00 U (m 
2408.05472v2,2408.05472v2:63762-65327,FuXi Weather: A data-to-forecast machine learning ,0.393,1565,"(300 hPa, 500 hPa, and 850 hPa). The five rows and three columns correspond to five variables and three pressure levels, respectively. 300 hPa 0.10 0.05 0.05 R "
2408.05472v2,2408.05472v2:65328-67364,FuXi Weather: A data-to-forecast machine learning ,0.682,2036,"from the FuXi model (initialized with ERA5) over lead times ranging from 6 hours to 5 days, and used these sampled forecasts as background forecasts to train Fu"
2408.05472v2,2408.05472v2:67365-69625,FuXi Weather: A data-to-forecast machine learning ,0.771,2260,"Here, the forecasting model, FuXi, provides gradients only for the DA component while keeping its parameters fixed. The final loss function used for joint optim"
2408.05472v2,2408.05472v2:69626-71857,FuXi Weather: A data-to-forecast machine learning ,0.726,2231,"is illustrated in Supplementary Fig.7, which compares the analysis fields produced by FuXi Weather with and without incremental learning. The results show a sub"
2408.05472v2,2408.05472v2:71858-73521,FuXi Weather: A data-to-forecast machine learning ,0.52,1663,240 240 Z (m2 s 2) 160 160 80 80 3.5 4.0 U (m s 1) 3.0 3.0 2.5 2.0 2.0 4.0 3.0 V (m s 1) 3.5 2.5 3.0 2.0 2.5 23-07 23-08 23-09 23-10 23-12 24-01 24-02 24-03 24-
2408.05472v2,2408.05472v2:73522-75406,FuXi Weather: A data-to-forecast machine learning ,0.618,1884,"with the most favorable benchmark, since the aim is to demonstrate that the FuXi system can outperform it. Deterministic forecasts are evaluated using establish"
2408.05472v2,2408.05472v2:75407-77273,FuXi Weather: A data-to-forecast machine learning ,0.592,1866,"helps to evaluate the sensitivity of the DA system to specific observations, diagnose its performance, and improve our understanding of error propagation, ultim"
2408.05472v2,2408.05472v2:77274-79573,FuXi Weather: A data-to-forecast machine learning ,0.783,2299,"[101]. Comparing the resulting analysis increments to theoretical expectations helps to validate the performance of the DA system. In contrast, the FuXi-DA syst"
2408.05472v2,2408.05472v2:79574-81744,FuXi Weather: A data-to-forecast machine learning ,0.817,2170,functions for temperature (T) and humidity (Q) derived from Microwave Temperature Sounder (MWTS) aboard FY-3E. The left panel shows T Jacobians for all channels
2408.05472v2,2408.05472v2:81745-84077,FuXi Weather: A data-to-forecast machine learning ,0.817,2332,"calculations are performed using RTTOV version 12.2. Springer Nature 2021 LATEX template FuXi Weather 59 6 Data denial experiments In the main text, FuXi Weathe"
2408.05472v2,2408.05472v2:84078-86379,FuXi Weather: A data-to-forecast machine learning ,0.679,2301,"200 hPa. The impact of MWTS on T was greater at higher altitudes, consistent with its greater Jacobian values at these altitudes. Extended Data Fig14 presents r"
2408.05472v2,2408.05472v2:86380-88426,FuXi Weather: A data-to-forecast machine learning ,0.593,2046,"(50, 100, 150, 200, 250, 300, 400, 500, 600, 700, 850, 925, and 1000 hPa). The five upper-air atmospheric variables are relative humidity (R), temperature (T), "
2408.05472v2,2408.05472v2:88427-90609,FuXi Weather: A data-to-forecast machine learning ,0.807,2182,"where FuXi outperforms ECMWF (blue), where ECMWF is superior (red), and where the two performances are comparable (white). At a 3-day lead time, red dominates t"
2408.05472v2,2408.05472v2:90610-92612,FuXi Weather: A data-to-forecast machine learning ,0.789,2002,"500, and 850 hPa). The maps correspond to forecast lead times of 3 days (first column), 6 days (second column) and 10 days (third column), using all testing dat"
2408.05472v2,2408.05472v2:92613-94724,FuXi Weather: A data-to-forecast machine learning ,0.817,2111,"days (first column), 6 days (second column) and 10 days (third column), using all testing data over a 1-year testing period, spanning July 03, 2023-June 30, 202"
2408.05472v2,2408.05472v2:94725-96934,FuXi Weather: A data-to-forecast machine learning ,0.718,2209,"FuXi and ECMWF HRES for mean sea-level pressure (MSL), 2-meter temperature (T2M), and 10-meter wind speed (WS10M). The maps correspond to forecast lead times of"
2408.05472v2,2408.05472v2:96935-98342,FuXi Weather: A data-to-forecast machine learning ,0.28,1407,1 2 3 4 5 6 7 8 9 10 -0.30 0 1 2 3 4 5 6 7 8 9 10 -0.08 0 1 2 3 4 5 6 7 8 9 10 Lead time (Days) Setting1 Setting2 Setting3 Setting4 Supplementary Figure 21: Com
2408.05472v2,2408.05472v2:98343-99834,FuXi Weather: A data-to-forecast machine learning ,0.307,1491,-0.08 0 1 2 3 4 5 6 7 8 9 10 0.00 -0.04 -0.08 0 1 2 3 4 5 6 7 8 9 10 Lead time (Days) Springer Nature 2021 LATEX template Normalized ACC Difference 0.15 500 hPa
2408.05472v2,2408.05472v2:99835-101319,FuXi Weather: A data-to-forecast machine learning ,0.368,1484,0 1 2 3 4 5 6 7 8 9 10 0.20 0.15 0.10 0.05 0.00 0 1 2 3 4 5 6 7 8 9 10 0.40 0.30 0.20 0.10 0.00 0 1 2 3 4 5 6 7 8 9 10 0.15 0.10 0.05 0.00 0 1 2 3 4 5 6 7 8 9 1
2408.05472v2,2408.05472v2:101320-101388,FuXi Weather: A data-to-forecast machine learning ,0.25,68,6.75 6.25 6.75 6.25 6.75 6.00 0 2 4 6 8 10 Skillful Lead time (Days)
2408.06400v2,2408.06400v2:0-2198,MetMamba: Regional Weather Forecasting with Spatia,0.835,2198,"METMAMBA: REGIONAL WEATHER FORECASTING WITH SPATIAL-TEMPORAL MAMBA MODEL A PREPRINT August 15, 2024 ABSTRACT Deep Learning based Weather Prediction (DLWP) model"
2408.06400v2,2408.06400v2:2199-4366,MetMamba: Regional Weather Forecasting with Spatia,0.789,2167,"Jiang Beijing PRESKY Technology Co., Ltd. Beijing jiangqianchuan@cnpresky.com Xiancai Ye Beijing PRESKY Technology Co., Ltd. Beijing yexiancai@cnpresky.com 1 In"
2408.06400v2,2408.06400v2:4367-6450,MetMamba: Regional Weather Forecasting with Spatia,0.705,2083,"parts of the input data via the attention mechanism[18], are initially designed for natural language processing tasks, have quickly gain wide adoption in comput"
2408.06400v2,2408.06400v2:6451-8610,MetMamba: Regional Weather Forecasting with Spatia,0.773,2159,"of the two models, and quantifying performance gains in a more realistic scenario. 2 MetMamba: Regional Weather Forecasting A PREPRINT Figure 1: (a) general mod"
2408.06400v2,2408.06400v2:8611-10800,MetMamba: Regional Weather Forecasting with Spatia,0.767,2189,"input. For model implementation details, ablation studies of relevant modules, see Appendix B General Architecture We applied the same design to all models, usi"
2408.06400v2,2408.06400v2:10801-13119,MetMamba: Regional Weather Forecasting with Spatia,0.749,2318,counterpart with basic 2D spatial scan pattern is referred to as MetMamba-2D. DEM encoder We encode different static information including DEM data used in the 
2408.06400v2,2408.06400v2:13120-15162,MetMamba: Regional Weather Forecasting with Spatia,0.735,2042,"the convergence of the LBCs with the LAMs is the more important factor when producing high fidelity results, than the well-posedness of the LBCs. We thus introd"
2408.06400v2,2408.06400v2:15163-17420,MetMamba: Regional Weather Forecasting with Spatia,0.793,2257,"ERA5 in 1418 5-day forecasts, evaluated on the test set of year 2022, for 3 types of DLWP-LAMs discussed in this paper. We omit variable 10u here for its simila"
2408.06400v2,2408.06400v2:17421-19490,MetMamba: Regional Weather Forecasting with Spatia,0.793,2069,"Information Encoding : Previous models have used simple linear layers to process elevation, soil, land-sea mask and other time related information. We use speci"
2408.06400v2,2408.06400v2:19491-21015,MetMamba: Regional Weather Forecasting with Spatia,0.787,1524,"Doblas-Reyes, and Markus G Donat. Towards reliable extreme weather and climate event attribution. Nature communications, 10(1):1732, 2019. [5] Jaideep Pathak, S"
2408.06400v2,2408.06400v2:21016-22547,MetMamba: Regional Weather Forecasting with Spatia,0.821,1531,"Merose, Ian Langmore, Peter Battaglia, Tyler Russel, Alvaro SanchezGonzalez, Vivian Yang, Rob Carver, Shreya Agrawal, Matthew Chantry, Zied Ben Bouallegue, Pete"
2408.06400v2,2408.06400v2:22548-24079,MetMamba: Regional Weather Forecasting with Spatia,0.797,1531,"Boris Bonev, Thorsten Kurth, Christian Hundt, Jaideep Pathak, Maximilian Baust, Karthik Kashinath, and Anima Anandkumar. Spherical fourier neural operators: Lea"
2408.06400v2,2408.06400v2:24080-25535,MetMamba: Regional Weather Forecasting with Spatia,0.657,1455,"Foster, and Aditya Grover. Scaling transformer neural networks for skillful and reliable mediumrange weather forecasting. arXiv preprint arXiv:2312.03876, 2023."
2408.06400v2,2408.06400v2:25536-27174,MetMamba: Regional Weather Forecasting with Spatia,0.836,1638,"Han Hu, Yutong Lin, Zhuliang Yao, Zhenda Xie, Yixuan Wei, Jia Ning, Yue Cao, Zheng Zhang, Li Dong, et al. Swin transformer v2: Scaling up capacity and resolutio"
2408.06400v2,2408.06400v2:27175-29014,MetMamba: Regional Weather Forecasting with Spatia,0.812,1839,"Mario Lezcano, Yanbo Liang, Jason Liang, Yinghai Lu, CK Luk, Bert Maher, Yunjie Pan, Christian Puhrsch, Matthias Reso, Mark Saroufim, Marcos Yukio Siraichi, Hel"
2408.06400v2,2408.06400v2:29015-31058,MetMamba: Regional Weather Forecasting with Spatia,0.722,2043,is added by calculating the sine and cosine normalized latitude and longitude. (See Eq.(A) and Eq.(6)) Time of day is added as a group of 2 dimensional sine and
2408.06400v2,2408.06400v2:31059-32967,MetMamba: Regional Weather Forecasting with Spatia,0.555,1908,"scan; (4) Vertical-Temporal-Horizontal ((W, T, H)) : Column first cross temporal scan; (5) Temporal-Horizontal-Vertical ((H, W, T)) : Temporal first psuedo 2D r"
2408.06400v2,2408.06400v2:32968-35208,MetMamba: Regional Weather Forecasting with Spatia,0.792,2240,"large performance discrepancies when using different groupings of these routes, with the best combination being routes Horizontal-Vertical-Temporal and Temporal"
2408.06400v2,2408.06400v2:35209-37310,MetMamba: Regional Weather Forecasting with Spatia,0.72,2101,"v@50 and v@100, see Figure 9 C.2 Example Forecasts Here we showcase forecast results at lead time 24, 72 and 120 hours, initialized with ERA5 data at 2022-6-30 "
2408.06400v2,2408.06400v2:37311-39304,MetMamba: Regional Weather Forecasting with Spatia,0.658,1993,u component wind (at pressure level –-) 131 Input/Ouptut Atmospheric v@–- v component wind (at pressure level –-) 132 Input/Ouptut Atmospheric q@–- Specific hum
2408.06400v2,2408.06400v2:39305-41251,MetMamba: Regional Weather Forecasting with Spatia,0.698,1946,"rather than as through adaLN 16 MetMamba: Regional Weather Forecasting A PREPRINT Figure 8: Root Mean Squared Error (RMSE), MetMamba (2D) when comparing against"
2408.06400v2,2408.06400v2:41252-42991,MetMamba: Regional Weather Forecasting with Spatia,0.561,1739,"Weather Forecasting A PREPRINT Figure 16: Example Forecasts: v@850, 3 types of LAM comparing against their global host model FourCastNet (SFNO) initialized at 2"
2408.06400v2,2408.06400v2:42992-44661,MetMamba: Regional Weather Forecasting with Spatia,0.533,1669,36 h (e) MetMamba 72 h (f) SFNO 72 h (g) MetMamba 120 h (h) SFNO 120 h Figure 21: Root Mean Squared Error (RMSE) of FourCastNet (SFNO) and MetMamba of variable 
2408.06400v2,2408.06400v2:44662-46624,MetMamba: Regional Weather Forecasting with Spatia,0.641,1962,"of variable u@850, when both compared against ERA5. Darker red indicates worse performance observed at this grid point. 34 MetMamba: Regional Weather Forecastin"
2408.06400v2,2408.06400v2:46625-48602,MetMamba: Regional Weather Forecasting with Spatia,0.636,1977,Forecasting A PREPRINT (a) 24 h (b) 36 h (c) 72 h (d) 120 h Figure 31: Root Mean Squared Error (RMSE) difference between FourCastNet (SFNO) and MetMamba of vari
2408.06400v2,2408.06400v2:48603-48680,MetMamba: Regional Weather Forecasting with Spatia,0.643,77,37: Power spectrum of different DLWP models at forecast lead time 120 hour 45
2408.11438v3,2408.11438v3:0-1910,Benchmarking AI-based data assimilation to advance,0.725,1910,"Benchmarking AI-based data assimilation to advance data-driven global weather forecasting Wuxin Wang1,2, Weicheng Ni2, Ben Fei3, Tao Han3, Lilan Huang1,2, Taika"
2408.11438v3,2408.11438v3:1911-4336,Benchmarking AI-based data assimilation to advance,0.798,2425,forecasting 1 metrics. We invite the research community to utilize DABench to accelerate the advancement of AI-based DA for global weather forecasting. Keywords
2408.11438v3,2408.11438v3:4337-6787,Benchmarking AI-based data assimilation to advance,0.768,2450,"(2) the fidelity in generating analysis fields relative to realworld observations, and (3) the efficacy in initializing LWMs for skillful global weather forecas"
2408.11438v3,2408.11438v3:6788-9336,Benchmarking AI-based data assimilation to advance,0.804,2548,using this benchmark. This evaluation identifies specific performance gaps and areas where AI-based DA requires further optimization. • Validation of AI-based D
2408.11438v3,2408.11438v3:9337-11574,Benchmarking AI-based data assimilation to advance,0.743,2237,"methods: (1) a minimalist DA model based on SwinTransformer [34], a common architecture in LWMs, and (2) several open-source SOTA AI-based DA methods from recen"
2408.11438v3,2408.11438v3:11575-13731,Benchmarking AI-based data assimilation to advance,0.752,2156,"has operationalized EDA in its NWP system to generate initial fields [35]. Consequently, evaluating the performance of DA baselines in the context of EDA is of "
2408.11438v3,2408.11438v3:13732-15397,Benchmarking AI-based data assimilation to advance,0.306,1665,"consistency, 4DVarFormer effectively captures global atmospheric characteristics, enabling efficient DA and forecast correction. Furthermore, a comparison with "
2408.11438v3,2408.11438v3:15398-17265,Benchmarking AI-based data assimilation to advance,0.568,1867,ENS Adas ENS L4DVar ENS SDA ENS 4DVarFormer ENS Fig. 3 CRPS of baselines over a one-year DA cycle using ERA5 as reference. The AI-based DA results are color-cod
2408.11438v3,2408.11438v3:17266-19079,Benchmarking AI-based data assimilation to advance,0.463,1813,250 300 350 Time (days) Z850 T850 WCRPS (m2 s 2) WCRPS (m s 1) 4 WCRPS (K) 500 4 250 2 2 0 50 100 150 200 250 300 350 Time (days) 0 50 100 150 200 250 300 350 T
2408.11438v3,2408.11438v3:19080-20879,Benchmarking AI-based data assimilation to advance,0.431,1799,"horizon (x-axis). Raw data are displayed with reduced opacity to enhance clarity, while solid lines represent values smoothed using a 15-point EMA. When evaluat"
2408.11438v3,2408.11438v3:20880-22890,Benchmarking AI-based data assimilation to advance,0.62,2010,Time (days) 0 50 100 150 200 250 300 350 Time (days) U700 Q700 WBias (g kg 1) WBias (m s 1) 2 0.5 0.0 0 0 50 100 150 200 250 300 350 Time (days) 0 50 100 150 20
2408.11438v3,2408.11438v3:22891-24724,Benchmarking AI-based data assimilation to advance,0.355,1833,skillful lead time of Pangu-Weather initialized by 4DVarFormer can exceed all other baselines. This finding underscores the significant potential of 4DVarFormer
2408.11438v3,2408.11438v3:24725-27119,Benchmarking AI-based data assimilation to advance,0.825,2394,"which inherently constrains their performance to the quality of the training labels. Consequently, investigating novel training paradigms for assimilation model"
2408.11438v3,2408.11438v3:27120-28554,Benchmarking AI-based data assimilation to advance,0.368,1434,as the initial field is depicted by a black dashed line. The medium-range weather forecasting results initialized by AI-based DA are color-coded as follows: Swi
2408.11438v3,2408.11438v3:28555-30364,Benchmarking AI-based data assimilation to advance,0.547,1809,750 500 250 0 0 2 4 6 8 10 Lead Time (days) 0 2 4 6 8 10 Lead Time (days) T2M MSLP 1.00 0.75 ACC 0.50 0.25 0.00 0 2 4 6 8 10 Lead Time (days) 0 2 4 6 8 10 Lead 
2408.11438v3,2408.11438v3:30365-31982,Benchmarking AI-based data assimilation to advance,0.36,1617,"analysis field estimates by excessively smoothing atmospheric features. Furthermore, both 4DSRDA and 4DVarNet exhibit low energy spectra across all variables at"
2408.11438v3,2408.11438v3:31983-34024,Benchmarking AI-based data assimilation to advance,0.612,2041,"L4DVar and 4DVarFormer in the EDA configuration. This demonstrates that while ensemble methods can enhance DA stability, they may do so by smoothing out small-s"
2408.11438v3,2408.11438v3:34025-35827,Benchmarking AI-based data assimilation to advance,0.485,1802,"of observations with background fields is inadequate for representing the highly nonlinear humidity field. Although the SDA analysis field appears less blurred,"
2408.11438v3,2408.11438v3:35828-38368,Benchmarking AI-based data assimilation to advance,0.822,2540,"The analysis fields of baselines at 12:00 on July 23, 2023, are selected for visualization. 14 3 Discussion The rapid advancement of LWMs has sparked interest i"
2408.11438v3,2408.11438v3:38369-40866,Benchmarking AI-based data assimilation to advance,0.865,2497,"more efficient algorithms and hardware solutions. Second, higher resolution introduces smaller-scale atmospheric processes that may not be well-represented in c"
2408.11438v3,2408.11438v3:40867-42843,Benchmarking AI-based data assimilation to advance,0.634,1976,this vision by enabling collaborative innovation across research teams. 4 Methods 4.1 General problem definition This study considers a weather system that can 
2408.11438v3,2408.11438v3:42844-44811,Benchmarking AI-based data assimilation to advance,0.61,1967,"predictions typically occur daily at 0:00 and 12:00 UTC, limiting the observations available for assimilation in a short-term timeframe (e.g., ≥−12 : 00 and ≤00"
2408.11438v3,2408.11438v3:44812-47182,Benchmarking AI-based data assimilation to advance,0.77,2370,(721×1440 grid points) to a 1.40625◦latitude/longitude grid (128×256 grid points) following the data construction methodology used in WeatherBench [40]. This ap
2408.11438v3,2408.11438v3:47183-49586,Benchmarking AI-based data assimilation to advance,0.806,2403,"with the latter constituting levels 2+ processed atmospheric products. The ground-based observations include land and marine surface reports, aircraft data, and"
2408.11438v3,2408.11438v3:49587-51175,Benchmarking AI-based data assimilation to advance,0.49,1588,"dataset. Subsequently, we calculated the distance (RMSE) for each observation with ERA5 serving as the reference dataset and removed observations where the dist"
2408.11438v3,2408.11438v3:51176-52631,Benchmarking AI-based data assimilation to advance,0.429,1455,T 1000 hPa 1.308 (K) U 50 hPa 1.827 (ms−1) V 50 hPa 1.778 (ms−1) U 200 hPa 1.986 (ms−1) V 200 hPa 2.585 (ms−1) U 250 hPa 2.829 (ms−1) V 250 hPa 2.825 (ms−1) U 3
2408.11438v3,2408.11438v3:52632-55095,Benchmarking AI-based data assimilation to advance,0.794,2463,"state, we distinguish between assimilated observations and independent radiosonde observations. Contemporary AI-based DA models predominantly rely on ERA5 reana"
2408.11438v3,2408.11438v3:55096-57245,Benchmarking AI-based data assimilation to advance,0.722,2149,"sea surface height reconstitution to our benchmark. The model architecture diagram is represented in Figure 11. To adapt it to our task and dataset, we fixed th"
2408.11438v3,2408.11438v3:57246-59176,Benchmarking AI-based data assimilation to advance,0.563,1930,"publication [32]. • L4DVar As illustrated in Figure 11, L4DVar [24] represents an SOTA AI-driven 4DVar framework that streamlines the DA process by replacing tr"
2408.11438v3,2408.11438v3:59177-60767,Benchmarking AI-based data assimilation to advance,0.596,1590,R is represented as follows:  RT 2M RU10  RV 10 RMSLP R = where RT 2M = σ2 RU10 = σ2 RV 10 = σ2 RMSLP = σ2 RZ = σ2 RU = σ2 RV = σ2 RT = σ2 RQ = σ2
2408.11438v3,2408.11438v3:60768-62817,Benchmarking AI-based data assimilation to advance,0.675,2049,"[44] with a dropout rate of 0.2 to perturb the DA and forecasting model parameters. The perturbation method, similar to that used in Pangu-Weather [3], generate"
2408.11438v3,2408.11438v3:62818-64924,Benchmarking AI-based data assimilation to advance,0.713,2106,"hours to 0 hours, thereby obtaining the evaluation “analysis field.” This method is analogous to the approach used in IFS for deriving the 0-hour field, but our"
2408.11438v3,2408.11438v3:64925-66596,Benchmarking AI-based data assimilation to advance,0.576,1671,"which is formulated as follows: • xo is the GDAS prepbufr observations that were not assimilated, • Nlat,lon represents the number of the observation locations."
2408.11438v3,2408.11438v3:66597-68269,Benchmarking AI-based data assimilation to advance,0.512,1672,power spectra is computed for each pressure level by applying a Discrete Fourier Transform (DFT) to zonal cross-sections of atmospheric variables. For each lati
2408.11438v3,2408.11438v3:68270-70441,Benchmarking AI-based data assimilation to advance,0.752,2171,"the statement xt j,k ≤z is true; otherwise, it takes the value of 0. This study uses the xskillscore Python package to calculate the CRPS metric. The lower the "
2408.11438v3,2408.11438v3:70442-71019,Benchmarking AI-based data assimilation to advance,0.653,577,be accessed from https:// github.com/xarraycontrib/xskillscore/. The implementation of Perlin noise is based on publicly available code from the GitHub reposito
2410.05805v1,2410.05805v1:0-2089,PostCast: Generalizable Postprocessing for Precipi,0.778,2089,"POSTCAST: GENERALIZABLE POSTPROCESSING FOR PRECIPITATION NOWCASTING VIA UNSUPERVISED BLURRINESS MODELING Junchao Gong1, 2∗, Siwei Tu2, 3∗, Weidong Yang2, 3∗, Be"
2410.05805v1,2410.05805v1:2090-4371,PostCast: Generalizable Postprocessing for Precipi,0.788,2281,in predicting local weather conditions for up to six hours (CLIMA & TE). Accurately predicting precipitation events is one of the core tasks in weather predicti
2410.05805v1,2410.05805v1:4372-6724,PostCast: Generalizable Postprocessing for Precipi,0.763,2352,"are usually correlated to extreme precipitation events (Ravuri et al., 2021). Over the past 50 years, these extreme precipitations have caused 1.01 million rela"
2410.05805v1,2410.05805v1:6725-9027,PostCast: Generalizable Postprocessing for Precipi,0.775,2302,"for the probabilistic model as shown in Figure 1. In summary, the flexibility of predicting precipitation with a deterministic and probabilistic coupling method"
2410.05805v1,2410.05805v1:9028-11161,PostCast: Generalizable Postprocessing for Precipi,0.717,2133,given by spatiotemporal prediction models on this intermediate variable ˜x0 to control the sampling process of the diffusion model. Since blurry prediction unde
2410.05805v1,2410.05805v1:11162-13353,PostCast: Generalizable Postprocessing for Precipi,0.744,2191,weather pattern conditioning on the blurry predictions. Although these deterministic-probabilistic coupling methods achieve both global accuracy and local detai
2410.05805v1,2410.05805v1:13354-15691,PostCast: Generalizable Postprocessing for Precipi,0.754,2337,a pre-trained diffusion model with guidance from the distance function. The gradient could be employed for updating and simulating a more accurate blur kernel. 
2410.05805v1,2410.05805v1:15692-17879,PostCast: Generalizable Postprocessing for Precipi,0.733,2187,"and spatiotemporal modeling. 3.2 UNSUPERVISED DEBLUR FOR ANY BLUR MODES IN PRECIPITATION NOWCASTING Inspired by the formulation of Equation 1, fuzzy prediction "
2410.05805v1,2410.05805v1:17880-19447,PostCast: Generalizable Postprocessing for Precipi,0.556,1567,"y′). Previous work (Dhariwal & Nichol, 2021) have derived the conditional transformation formula in the reverse process: logpθ(xt|xt+1, y′) = log (pθ(xt|xt+1)p("
2410.05805v1,2410.05805v1:19449-20810,PostCast: Generalizable Postprocessing for Precipi,0.5,1361,"Algorithm 1 Guided diffusion model with the guidance of blurry prediction y′. An unconditional diffusion model ϵθ(xt, t) fine-tuned on 5 datasets is given. Inpu"
2410.05805v1,2410.05805v1:20811-22717,PostCast: Generalizable Postprocessing for Precipi,0.651,1906,"exhibiting the high generability of PostCast to enhance the extreme part of predictions generated by classical spatiotemporal methods. Finally, the ablation stu"
2410.05805v1,2410.05805v1:22718-23970,PostCast: Generalizable Postprocessing for Precipi,0.236,1252,accuracy between precipitation predictions and 6 Observations Blurry predictions +PostCast Figure 3: Visualization of applying our PostCast on 5 datasets at tim
2410.05805v1,2410.05805v1:23971-26135,PostCast: Generalizable Postprocessing for Precipi,0.71,2164,"0.276 observed results. For each dataset, the thresholds with the highest intensity are selected to quantitively evaluate the accuracy of predictions for extrem"
2410.05805v1,2410.05805v1:26136-27812,PostCast: Generalizable Postprocessing for Precipi,0.544,1676,of the highest thresholds evaluated by P16 (max pooling 16) at different lead times. Model HKO7 SEVIR Model HKO7 SEVIR 30min 60min 90min 30min 60min 90min 30min
2410.05805v1,2410.05805v1:27813-29451,PostCast: Generalizable Postprocessing for Precipi,0.548,1638,the generality of our method among different lead times. 4.5 DEBLURRING ON OUT-OF-DISTRIBUTION DATASETS We compare our method with the other two supervised meth
2410.05805v1,2410.05805v1:29452-30876,PostCast: Generalizable Postprocessing for Precipi,0.384,1424,0.017 0.035 0.102 0.066 0.105 0.230 0.006 0.019 0.076 +ours 0.060 0.126 0.267 0.140 0.206 0.315 0.022 0.050 0.148 SimVP 0.025 0.026 0.035 0.056 0.046 0.041 0.00
2410.05805v1,2410.05805v1:30877-32879,PostCast: Generalizable Postprocessing for Precipi,0.689,2002,"0.115 0.059 0.102 0.232 PostCast ! ! 0.045 0.070 0.131 0.066 0.125 0.257 our method remarkably enhances the CSI scores, reaching 0.182 on TAU and 0.148 on PredR"
2410.05805v1,2410.05805v1:32880-35334,PostCast: Generalizable Postprocessing for Precipi,0.807,2454,"the guidance scale values are 1.25, 1, and 0.75 times of our auto-scale gradient guidance strategy; (b) Different initial values of the blur kernel parameters a"
2410.05805v1,2410.05805v1:35335-37504,PostCast: Generalizable Postprocessing for Precipi,0.739,2169,"nowcasting for varying datasets, different lead times, and multiple spatiotemporal prediction models. 10 APPENDIX A.1 LIMITATIONS AND FUTURE WORK Our work has a"
2410.05805v1,2410.05805v1:37505-39211,PostCast: Generalizable Postprocessing for Precipi,0.602,1706,"given parameter series βt, which refers to the variance of the forward process. It can be set as a known constant or learned with a separate neural network head"
2410.05805v1,2410.05805v1:39212-40680,PostCast: Generalizable Postprocessing for Precipi,0.506,1468,"−ϵθ(xt, t)∥2]. (11) A.4 EMPIRICAL FORMULA OF GUIDANCE SCALE Previous work (Dhariwal & Nichol, 2021) has derived the conditional distribution formula in the samp"
2410.05805v1,2410.05805v1:40681-41912,PostCast: Generalizable Postprocessing for Precipi,0.421,1231,≈log pθ(y|xt)|xt=µθ + (xt −µθ)T ∇xt log pθ(y|xt)|xt=µθ (18) = C2 + (xt −µθ)T ∇xt log pθ(y|xt)|xt=µθ (19) By combining the heuristic approximation formula and Ta
2410.05805v1,2410.05805v1:41913-43726,PostCast: Generalizable Postprocessing for Precipi,0.583,1813,"et al., 2020):   0, if x ≤5 x−2 90.66, if 5<x ≤18 exp( x−83.9 R(x) = 38.9 ), if 18<x ≤254  15 Additionally, we transform the radar reflectivity values with d"
2410.05805v1,2410.05805v1:43727-45674,PostCast: Generalizable Postprocessing for Precipi,0.686,1947,"reflectivity) collected from the dual polarization Doppler radar located in Pudong, Shanghai. The raw data, spanning from October 2015 to July 2018, are interpo"
2410.05805v1,2410.05805v1:45675-47988,PostCast: Generalizable Postprocessing for Precipi,0.736,2313,"model, as this setting closely aligns with the initial value of the guidance scale calculated by the auto-scale 16 gradient guidance strategy for HKO7 and SEVIR"
2410.05805v1,2410.05805v1:47989-49083,PostCast: Generalizable Postprocessing for Precipi,0.548,1094,Observations +PostCast +DiffCast +CasCast (a) (b) (c) Figure 14: Visualization of applying our PostCast on the out-of-distribution datasets at time step 12 when
2410.08641v2,2410.08641v2:0-2168,Multi-Source Temporal Attention Network for Precip,0.789,2168,Multi-Source Temporal Attention Network for Precipitation Nowcasting Rafael Pablos Sarabia Joachim Nyborg Morten Birk Aarhus University Cordulus jn@cordulus.com
2410.08641v2,2410.08641v2:2169-4498,Multi-Source Temporal Attention Network for Precip,0.85,2329,"by up to +/- 5 million tonnes of CO2e, mainly due to weather conditions like cold winters and fluctuating precipitation. This emphasizes the need for effective "
2410.08641v2,2410.08641v2:4499-6788,Multi-Source Temporal Attention Network for Precip,0.771,2289,"training [8], latent diffusion models [11, 12], physical evolution schemes [13], recurrent residual gates [14], and transformers [15]. In operational settings, "
2410.08641v2,2410.08641v2:6789-9211,Multi-Source Temporal Attention Network for Precip,0.817,2422,"in between to extract time-dependent features. A residual connection between the encoder and decoder preserves spatial information. The temporal module, built f"
2410.08641v2,2410.08641v2:9212-11523,Multi-Source Temporal Attention Network for Precip,0.803,2311,difference between the indices of the target class and of the predicted class. Quality map Averaging measured precipitation per pixel on radar maps from DMI rev
2410.08641v2,2410.08641v2:11524-13597,Multi-Source Temporal Attention Network for Precip,0.817,2073,"of constant motion and intensity. Compared to NWP, our model exhibits a particularly large skill gap in the initial hours because of 3 long NWP convergence time"
2410.13314v1,2410.13314v1:0-2347,Precipitation Nowcasting Using Diffusion Transform,0.841,2347,"1 Precipitation Nowcasting Using Diffusion Transformer with Causal Attention ChaoRong Li*, Member, IEEE, XuDong Ling*, YiLan Xue, Wenjie Luo, LiHong Zhu, FengQi"
2410.13314v1,2410.13314v1:2348-4818,Precipitation Nowcasting Using Diffusion Transform,0.833,2470,"flow advection schemes [4], [5], are used to predict the future movement direction and velocity of rain bands, aiming to achieve accurate estimates of precipita"
2410.13314v1,2410.13314v1:4819-6859,Precipitation Nowcasting Using Diffusion Transform,0.772,2040,"networks and RNNs and proposed Conv-LSTM [10] and Conv-GRU [11] models, aiming to effectively extract and utilize the spatiotemporal correlations in sequential "
2410.13314v1,2410.13314v1:6860-9349,Precipitation Nowcasting Using Diffusion Transform,0.845,2489,"thereby improving the quality of generated images. Furthermore, the Sora model [17] proposed by OpenAI utilizes a Transformer architecture with spatiotemporal p"
2410.13314v1,2410.13314v1:9350-11810,Precipitation Nowcasting Using Diffusion Transform,0.84,2460,"(Two-stage Rainfall Forecasting Diffusion Model) based on diffusion models, which is a twostage rainfall prediction method. This approach first conducts spatiot"
2410.13314v1,2410.13314v1:11811-13851,Precipitation Nowcasting Using Diffusion Transform,0.696,2040,"Diffusion Model Diffusion models(DM) [18], as an emerging type of image generation model, have achieved significant success in recent years. Compared to traditi"
2410.13314v1,2410.13314v1:13852-16040,Precipitation Nowcasting Using Diffusion Transform,0.745,2188,"i.e., ▽θ||ϵ −ϵθ(xt)||2, where ϵθ represents the network structure of the reverse model. By optimizing this objective function, the reverse model can learn how t"
2410.13314v1,2410.13314v1:16041-18206,Precipitation Nowcasting Using Diffusion Transform,0.668,2165,maintaining generation quality comparable to the current state-of-the-art image generators. III. METHOD A. Framework Overview Our proposed rainfall prediction f
2410.13314v1,2410.13314v1:18207-20409,Precipitation Nowcasting Using Diffusion Transform,0.776,2202,ensure the causal consistency of the generation process. To thoroughly investigate how to effectively capture and process spatiotemporal data in rainfall predic
2410.13314v1,2410.13314v1:20410-22455,Precipitation Nowcasting Using Diffusion Transform,0.688,2045,"Join Space-Time and Divided Space-Time methods. First, the model reshapes the input Z into Z ∈RB×(CF )×N and inputs it into the Full Join Space-Time DTCA module"
2410.13314v1,2410.13314v1:22456-24963,Precipitation Nowcasting Using Diffusion Transform,0.859,2507,"Use global conditional linear layers to prevent gradient vanishing # In one of the space-time blocks ...#other operations X = CausalAttention(X,Condition) ...#o"
2410.13314v1,2410.13314v1:24964-27610,Precipitation Nowcasting Using Diffusion Transform,0.803,2646,"patterns. In contrast, the Transformer structure, by introducing the self-attention mechanism, has shown significant advantages in capturing long-range dependen"
2410.13314v1,2410.13314v1:27611-29468,Precipitation Nowcasting Using Diffusion Transform,0.651,1857,"each 2 × 2 Token functions as a Query, interacting with all historical rainfall information. Through the causal attention mechanism, the current Token accesses "
2410.13314v1,2410.13314v1:29469-31556,Precipitation Nowcasting Using Diffusion Transform,0.66,2087,0.65 0.30 0.60 0.25 0.55 0.20 0.50 0.15 0.45 0.10 0.40 0.05 0.35 0.00 5 20 40 60 80 Time Interval 5 20 40 60 80 Time Interval (a) CSI ⩾0.06mm/h (b) CSI ⩾6.3mm/h
2410.13314v1,2410.13314v1:31557-33748,Precipitation Nowcasting Using Diffusion Transform,0.716,2191,PySteps DGMR TRDM_SSR TRDM_LSR SSLDM-ISI DTCA 0.10 0.2 0.05 0.00 0.0 5 20 40 60 80 Time Interval 5 20 40 60 80 Time Interval (c) CRPS (d) FSS (a) DTCA (b) SSLDM
2410.13314v1,2410.13314v1:33749-35883,Precipitation Nowcasting Using Diffusion Transform,0.73,2134,"with several state-of-the-art methods in rainfall prediction, including Pysteps (based on statistical learning), DGMR (based on GAN), and diffusion model-based "
2410.13314v1,2410.13314v1:35884-37460,Precipitation Nowcasting Using Diffusion Transform,0.644,1576,Method CSI 1mm/h ↑ CSI 8mm/h ↑ FSS ↑ CRPS ↓ PySteps 0.3383 0.0249 0.5793 0.1675 DGMR 0.3676 0.0225 0.6330 0.1542 TRDM-SSR 0.3560 0.0125 0.6146 0.1542 TRDM-LSR 0
2410.13314v1,2410.13314v1:37461-39436,Precipitation Nowcasting Using Diffusion Transform,0.724,1975,"This further validates the advantages of the DTCA model in processing time-series data, especially in prediction tasks requiring longer time spans. Its structur"
2410.13314v1,2410.13314v1:39437-41088,Precipitation Nowcasting Using Diffusion Transform,0.588,1651,"that DTCA has a certain advantage in capturing global features, which translates into a leading position in time series prediction. In Fig.(10), it can be clear"
2410.13314v1,2410.13314v1:41089-42795,Precipitation Nowcasting Using Diffusion Transform,0.605,1706,↑ FSS ↑ CSPR ↓ No Causal Attention 0.4052 0.0260 0.6832 0.1454 Causal Attention 0.4151 0.0264 0.6970 0.1390 Causal Attention 4 0.4236 0.0265 0.7117 0.1310 Causa
2410.13314v1,2410.13314v1:42796-44929,Precipitation Nowcasting Using Diffusion Transform,0.715,2133,0.138 0.0262 0.4125 0.136 Methods No Causal Attention Causal Attention with Shift 0 Causal Attention with Shift 4 Causal Attention with Shift 8 Causal Attention
2410.13314v1,2410.13314v1:44930-47105,Precipitation Nowcasting Using Diffusion Transform,0.777,2175,Shift 16 Methods No Causal Attention Causal Attention with Shift 0 Causal Attention with Shift 4 Causal Attention with Shift 8 Causal Attention with Shift 16 0.
2410.13314v1,2410.13314v1:47106-47957,Precipitation Nowcasting Using Diffusion Transform,0.774,851,"the best overall performance when the batch shift was 4. On the CRPS metric, performance improved by about 0.12; on the FSS metric, it improved by about 0.3; an"
2412.13957v2,2412.13957v2:0-2123,Self-attentive Transformer for Fast and Accurate P,0.801,2123,"Self-attentive Transformer for Fast and Accurate Postprocessing of Temperature and Wind Speed Forecasts∗ Aaron Van Poecke1, Tobias Sebastian Finn2, Ruoke Meng3,"
2412.13957v2,2412.13957v2:2124-4358,Self-attentive Transformer for Fast and Accurate P,0.748,2234,"operational weather forecasts in various downstream applications, including renewable energy forecasting. ∗This is the version of the manuscript accepted for pu"
2412.13957v2,2412.13957v2:4359-6613,Self-attentive Transformer for Fast and Accurate P,0.765,2254,learn from discrepancies between historical forecasts and observations in order to correct future weather forecasts. Postprocessing nowadays forms an essential 
2412.13957v2,2412.13957v2:6614-8878,Self-attentive Transformer for Fast and Accurate P,0.762,2264,were bridged by Finn (2021) to result in a self-attentive ensemble Transformer which allowed to capture the interaction of ensemble members of multiple predicto
2412.13957v2,2412.13957v2:8879-11247,Self-attentive Transformer for Fast and Accurate P,0.792,2368,"application in this paper differs from previous, similar work employing Transformers in a number of ways. First of all, the architecture is adapted to postproce"
2412.13957v2,2412.13957v2:11248-13616,Self-attentive Transformer for Fast and Accurate P,0.746,2368,"speed. Lastly, Section 4 presents the discussion and future prospects. 2 Methods and data 2.1 Transformer Transformers are a class of neural networks, initially"
2412.13957v2,2412.13957v2:13617-15521,Self-attentive Transformer for Fast and Accurate P,0.681,1904,"mapped to a higher-dimensional feature space ˜c, after which n transformer blocks follow. Finally, another linear layer projects the feature dimension to size o"
2412.13957v2,2412.13957v2:15522-17520,Self-attentive Transformer for Fast and Accurate P,0.658,1998,"Although self-attention is applied only across the ensemble dimension, the use of globally shared attention weights Softmax(QnK⊤ n ) allows information to be im"
2412.13957v2,2412.13957v2:17521-19673,Self-attentive Transformer for Fast and Accurate P,0.697,2152,a total of c predictors. The spread of the ensemble is nudged by the parameter τ which applies a correction proportional to the difference ϵm = V m −¯V between 
2412.13957v2,2412.13957v2:19674-21328,Self-attentive Transformer for Fast and Accurate P,0.471,1654,"a 0.25◦×0.25◦grid, corresponding to a resolution of roughly 25 km. This resolution is in alignment with the ERA5 reanalysis ∗The complete dataset is publicly av"
2412.13957v2,2412.13957v2:21329-23703,Self-attentive Transformer for Fast and Accurate P,0.802,2374,"each reforecast date, one ensemble forecast containing eleven members is initialized at 00:00 UTC, with forecasts ranging from a lead time of 0 up until 120 hou"
2412.13957v2,2412.13957v2:23704-25725,Self-attentive Transformer for Fast and Accurate P,0.743,2021,"EUPBBench dataset. Table 2: Training times (in hours) for classical MBM and the Transformer for two-meter temperature, ten-meter wind speed and one hundred-mete"
2412.13957v2,2412.13957v2:25726-27982,Self-attentive Transformer for Fast and Accurate P,0.771,2256,"in Appendix B. The Transformer was trained in batches of 2 samples, using a learning rate of 0.001 with Adam optimizer (Zhang, 2018). To prevent overfitting, we"
2412.13957v2,2412.13957v2:27983-30173,Self-attentive Transformer for Fast and Accurate P,0.743,2190,"et al., 2023), assessing scores quantifing uncertainty is essential. Consequently, we calculated the ensemble spread and the spread-error ratio (SER), where the"
2412.13957v2,2412.13957v2:30174-32335,Self-attentive Transformer for Fast and Accurate P,0.75,2161,0.519 0.753 0.802 0.756 Classical MBM 0.889 0.921 0.477 0.878 0.747 0.865 Transformer 0.841 0.986 0.467 1.009 0.732 0.952 Average CRPS and SER scores are presen
2412.13957v2,2412.13957v2:32336-34545,Self-attentive Transformer for Fast and Accurate P,0.763,2209,the uncertainty and reliability of the forecasts. Panel (e) of Figure 3 reveals a significant enlargement in ensemble spread for both classical MBM and the Tran
2412.13957v2,2412.13957v2:34546-36833,Self-attentive Transformer for Fast and Accurate P,0.788,2287,"around small regions in the Netherlands and some areas in Switzerland when comparing to classical MBM. Interestingly, these areas are marked as attentive region"
2412.13957v2,2412.13957v2:36834-39120,Self-attentive Transformer for Fast and Accurate P,0.784,2286,"and (b) classical MBM. The bluer the region, the better the performance of the Transformer. A map, corresponding to head 4, showing attentive regions of high in"
2412.13957v2,2412.13957v2:39121-41436,Self-attentive Transformer for Fast and Accurate P,0.817,2315,"with the spread of the original forecasts. SER values, depicted in panel (c) of Figure A.1, show an initially well balanced ensemble for the Transformer, which "
2412.13957v2,2412.13957v2:41437-43754,Self-attentive Transformer for Fast and Accurate P,0.822,2317,"wind speed. Next, the Transformer significantly improves the spread over the lead times as compared to both the raw forecasts and classical MBM, where differenc"
2412.13957v2,2412.13957v2:43755-46206,Self-attentive Transformer for Fast and Accurate P,0.788,2451,"over the shores of Belgium and the Netherlands is remarkable when comparing to the benchmark method, whereas this phenomenon can be observed in the Alps region "
2412.13957v2,2412.13957v2:46207-48484,Self-attentive Transformer for Fast and Accurate P,0.786,2277,"2025), reflecting the need for large, high-quality, gridded reference datasets for wind speed. Lastly, another important contemplation concerns the future of ex"
2412.13957v2,2412.13957v2:48485-50641,Self-attentive Transformer for Fast and Accurate P,0.806,2156,PP_EUPP. 15 A Information flow in the Transformer Although the attention mechanism computes interactions explicitly across the ensemble dimension at fixed spati
2412.13957v2,2412.13957v2:50642-52721,Self-attentive Transformer for Fast and Accurate P,0.652,2079,"model learns to propagate global spatial-temporal information through ensemble-based attention, where the global mixing improves with ensemble size. To generate"
2412.13957v2,2412.13957v2:52722-54633,Self-attentive Transformer for Fast and Accurate P,0.678,1911,"verification of the wind speed forecasts, we employed the fair ensemble CRPS (Leutbecher and Palmer, 2008), which allows for a distribution-free evaluation of e"
2412.13957v2,2412.13957v2:54634-54784,Self-attentive Transformer for Fast and Accurate P,0.667,150,"presented in Figure A.4. Figure A.4: An ensemble of ten-meter wind speed forecasts, for a random day and a random grid point in function of lead time."
2412.14048v1,2412.14048v1:0-2294,Evidential Deep Learning for Probabilistic Modelli,0.792,2294,"Evidential Deep Learning for Probabilistic Modelling of Extreme Storm Events Ayush Khot1,†, Xihaier Luo2, Ai Kagawa2, Shinjae Yoo2 1University of Illinois at Ur"
2412.14048v1,2412.14048v1:2295-4810,Evidential Deep Learning for Probabilistic Modelli,0.818,2515,"[46]. In addition, they come with high computational costs and inherent complexities which can limit their scalability and accessibility [12, 27, 51]. In recent"
2412.14048v1,2412.14048v1:4811-6951,Evidential Deep Learning for Probabilistic Modelli,0.676,2140,2.1 Problem Statement The primary objective in weather forecasting is the accurate prediction of future atmospheric states based on a series of observed histori
2412.14048v1,2412.14048v1:6952-8741,Evidential Deep Learning for Probabilistic Modelli,0.497,1789,"the model to output the parameters, m = (γ, υ, α, β), of the higher-order, evidential NIG distribution where γ ∈R, υ > 0, α > 1, β > 0. . Since m is composed of"
2412.14048v1,2412.14048v1:8742-10871,Evidential Deep Learning for Probabilistic Modelli,0.712,2129,"a gradual increase of λ during the training process. This scaling allows the influence of the evidence regularizer to initially be limited, avoiding overly hars"
2412.14048v1,2412.14048v1:10872-12812,Evidential Deep Learning for Probabilistic Modelli,0.703,1940,with pretrained weights optimized using MSE loss. Model Metrics CSI-219 ↑ CSI-181 ↑ CSI-160 ↑ CSI-133 ↑ CSI-74 ↑ CSI-16 ↑ Ensemble 0.1436 0.2613 0.3081 0.4225 0
2412.14048v1,2412.14048v1:12813-14885,Evidential Deep Learning for Probabilistic Modelli,0.74,2072,"suggesting more stable uncertainty estimates, whereas EDL experiences a sharp decline, indicating a potential loss in calibration with increasing lead time. We "
2412.14048v1,2412.14048v1:14886-16612,Evidential Deep Learning for Probabilistic Modelli,0.756,1726,EDL P-EDL Ensemble MCDO 0.8 Frequency 0.6 0.4 EDL P-EDL Ensemble MCDO 0.2 0.0 0.0 0.2 0.4 0.6 0.8 1.0 Probability leading time. P-EDL ensures similarly well-cal
2501.19374v2,2501.19374v2:0-2260,Fixing the Double Penalty in Data-Driven Weather F,0.747,2260,Fixing the Double Penalty in Data-Driven Weather Forecasting Through a Modified Spherical Harmonic Loss Function Christopher Subich 1 Syed Zahid Husain 1 Leo Se
2501.19374v2,2501.19374v2:2261-4525,Fixing the Double Penalty in Data-Driven Weather F,0.72,2264,"Forecasting System (AIFS) developed by ECMWF itself (Lang et al., 2024a). From the standpoint of machine learning, atmospheric forecasting is a large-scale gene"
2501.19374v2,2501.19374v2:4526-6613,Fixing the Double Penalty in Data-Driven Weather F,0.717,2087,into an ensemble prediction system involves supplying it with perturbed initial conditions and possibly stochastically perturbing the model’s sub-grid parameter
2501.19374v2,2501.19374v2:6614-8830,Fixing the Double Penalty in Data-Driven Weather F,0.744,2216,"clear which of these properties are necessary or sufficient to reduce the smoothing of deterministic NeuralGCM forecasts, and the use of several loss functions "
2501.19374v2,2501.19374v2:8831-10916,Fixing the Double Penalty in Data-Driven Weather F,0.652,2085,"is distinct from the problem of forecast sharpness and effective resolution. Traditional NWP systems try to 2 Section 2 describes the modified loss function, it"
2501.19374v2,2501.19374v2:10917-12749,Fixing the Double Penalty in Data-Driven Weather F,0.562,1832,"is optimized with a perfect prediction, when σX = 1 and ρ = 1. However, if 0 < ρ < 1 because the process is only partially predictable, the MSE is optimized wit"
2501.19374v2,2501.19374v2:12750-14521,Fixing the Double Penalty in Data-Driven Weather F,0.613,1771,"l)|2 and coherence Cohk(x, y) = P l R (αx(k, l)α∗ p y(k, l))/ PSDk(x) PSDk(y) (where R (·) takes the real part) as scale-dependent analogs to variance and corre"
2501.19374v2,2501.19374v2:14522-16489,Fixing the Double Penalty in Data-Driven Weather F,0.647,1967,"predictions of the temperature field at the 850hPa level and the ground truth, for a 1° version of GraphCast during training with the curriculum of Lam et al. ("
2501.19374v2,2501.19374v2:16490-18571,Fixing the Double Penalty in Data-Driven Weather F,0.702,2081,"( k 2 max( PSDk(x), PSDk(y))(1 −Cohk(x, y)). (6) AMSE is now an adjusted mean squared error, which can act as a drop-in replacement during model training. Like "
2501.19374v2,2501.19374v2:18572-20357,Fixing the Double Penalty in Data-Driven Weather F,0.615,1785,"period of 64 batches. Length Batches Peak/End LR GPU Time 1 step (6h) 25,000 2.5 · 10−5/1.25 · 10−7 7.7d 2 steps (12h) 2,500 2.5 · 10−6/7.5 · 10−8 2.2d 4 steps "
2501.19374v2,2501.19374v2:20358-22402,Fixing the Double Penalty in Data-Driven Weather F,0.7,2044,"the “HRES-fc0” dataset. As described in Lam et al. (2023), we supplemented the HRES data with the accumulated precipitation field from the ERA5 reanalysis over "
2501.19374v2,2501.19374v2:22403-24702,Fixing the Double Penalty in Data-Driven Weather F,0.768,2299,"the primary model for evaluation. Since multi-step training also tends to cause both fine-scale smoothing and a loss of variability in ensemble settings, these "
2501.19374v2,2501.19374v2:24703-27072,Fixing the Double Penalty in Data-Driven Weather F,0.77,2369,"a small amount of smoothing at moderate scales, but the variability recovers again at finer scales, and a dissipation-based definition of effective resolution w"
2501.19374v2,2501.19374v2:27073-29034,Fixing the Double Penalty in Data-Driven Weather F,0.634,1961,"initial conditions. This approach is implemented here, using forecasts initialized at 12-hourly intervals in 2022 and evaluated from 10 January 2022 0:00 UTC to"
2501.19374v2,2501.19374v2:29035-31213,Fixing the Double Penalty in Data-Driven Weather F,0.709,2178,"the results of Brenowitz et al. (2025), the spread/error ratio of the AR1 and AR12 models converge for most variables at longer lead times, suggesting that mult"
2501.19374v2,2501.19374v2:31214-33402,Fixing the Double Penalty in Data-Driven Weather F,0.758,2188,"includes more than tropical cyclones, and appendix B.3 discusses quantile-quantile predictions of surface wind speed and temperature, validated against station "
2501.19374v2,2501.19374v2:33403-35737,Fixing the Double Penalty in Data-Driven Weather F,0.738,2334,"based on (6) uses a spectral transform to separate the loss attributable to amplitude error from that attributable to decorrelation, encouraging the model to re"
2501.19374v2,2501.19374v2:35738-38071,Fixing the Double Penalty in Data-Driven Weather F,0.726,2333,"might be difficult for local-area models without a regular global grid structure. In these cases, we think that the basic intuition behind (6) might still apply"
2501.19374v2,2501.19374v2:38072-40119,Fixing the Double Penalty in Data-Driven Weather F,0.777,2047,addition to the whole-ensemble optimization encouraged by CRPS-like ensemble training. Code and Data Availability An implementation of the AMSE error function a
2502.10893v2,2502.10893v2:0-2283,Reanalysis-based Global Radiative Response to Sea ,0.761,2283,"Geophysical Research Letters, 52, e2025GL115432. https://doi.org/10.1029/2025GL115432 Reanalysis-based Global Radiative Response to Sea Surface Temperature Patt"
2502.10893v2,2502.10893v2:2284-4632,Reanalysis-based Global Radiative Response to Sea ,0.758,2348,"by the surface temperature. The exact relationship between the two is not directly observable. Here, we estimate this relationship by utilizing a machine learni"
2502.10893v2,2502.10893v2:4633-6592,Reanalysis-based Global Radiative Response to Sea ,0.649,1959,"al., 2017; Seager et al., 2019; Wills et al., 2022; Rugenstein, Dhame, et al., 2023; Zheng et al., 2023). Recent advances in machine learning (ML) have made it "
2502.10893v2,2502.10893v2:6593-8602,Reanalysis-based Global Radiative Response to Sea ,0.65,2009,"predict the ToA radiation, possibly due to the lack of energy conservation in the emulator. 1.2 Green’s function experiments with the Ai2 Climate Emulator In th"
2502.10893v2,2502.10893v2:8603-10497,Reanalysis-based Global Radiative Response to Sea ,0.599,1894,"much the atmosphere warms in response to a radiative forcing (e.g., Senior & Mitchell, 2000; Andrews et al., 2015, 2022; Rugenstein, Zelinka, et al., 2023). Imp"
2502.10893v2,2502.10893v2:10498-12386,Reanalysis-based Global Radiative Response to Sea ,0.613,1888,"ACE-EAM (Duncan et al., 2024), and ACE2-ERA5 (Watt-Meyer et al., 2024), see Supplemental Table S1. ACE is a neural network based on Spherical Fourier Neural Ope"
2502.10893v2,2502.10893v2:12387-14175,Reanalysis-based Global Radiative Response to Sea ,0.642,1788,"ensemble members, each with 10-year-long simulations, were used to train ACE-FV3. ACE-EAM (Duncan et al., 2024) is trained on output from the E3SM Atmosphere Mo"
2502.10893v2,2502.10893v2:14176-15882,Reanalysis-based Global Radiative Response to Sea ,0.686,1706,ACE ACE 0 20 Year Obtain average ToA Radiation 𝑅𝑐 from 20-year control simulation Figure 1). –5– Diagnostic (𝑡= 𝜏+ 6 hr) Prognostic (𝑡= 𝜏+ 6 hr) • ToA radiative
2502.10893v2,2502.10893v2:15883-17942,Reanalysis-based Global Radiative Response to Sea ,0.707,2059,"ToA radiation, but does not reproduce the historical trend of the global-mean energy imbalance. Although physical constraints can be imposed on ACE2, ACE2-ERA5 "
2502.10893v2,2502.10893v2:17943-19427,Reanalysis-based Global Radiative Response to Sea ,0.515,1484,"  φ −φp ∈[−δφp, δφp]    π φ −φp π ϑ −ϑp cos2 A cos2 δφp δϑp ϑ −ϑp ∈[−δϑp, δϑp] . (1) Tp(φ, ϑ) =   0 elsewhere Here, A is the amplitude of the perturbatio"
2502.10893v2,2502.10893v2:19428-21294,Reanalysis-based Global Radiative Response to Sea ,0.676,1866,The normalized derivative makes the quantity independent of gridbox area and allows for a direct comparison between models with different spatial resolution (Bl
2502.10893v2,2502.10893v2:21295-23098,Reanalysis-based Global Radiative Response to Sea ,0.652,1803,"the GCM GF. In contrast, ACE-FV3 (Fig. 2d) shows a much noisier map. Fig. 2a depicts the first GF based on reanalysis data. As explained in section 2.1, ERA5 co"
2502.10893v2,2502.10893v2:23099-25079,Reanalysis-based Global Radiative Response to Sea ,0.737,1980,"ACE2-ERA5, (b) Multi-model mean (MMM) of 5 GCMs (Bloch-Johnson et al., 2024), (c) ACE-EAM, and (d) ACE-FV3. Note that the the resolution of ACE is 1◦×1◦, while "
2502.10893v2,2502.10893v2:25080-26845,Reanalysis-based Global Radiative Response to Sea ,0.595,1765,"to A = ±1 K did not result in a more physical sensitivity map (Supplemental Figure S4). The ACE-FV3 GF shows a pattern similar to the patch layout (Fig. 1b), in"
2502.10893v2,2502.10893v2:26846-28784,Reanalysis-based Global Radiative Response to Sea ,0.705,1938,"regridding the AMIP SST to ACE’s native grid, multiplying it with the GF, and averaging the result weighted by the ice-free ocean area. As a reference, we show "
2502.10893v2,2502.10893v2:28785-30703,Reanalysis-based Global Radiative Response to Sea ,0.634,1918,"exhibits nonphysical behavior when forced with historical SST but keeping CO2 fixed (Watt-Meyer et al., 2024), which can lead to unrealistic patch responses if "
2502.10893v2,2502.10893v2:30704-32730,Reanalysis-based Global Radiative Response to Sea ,0.688,2026,"the observational record is too short to find a robust relationship between the two. Even if a longer record existed, we can only directly observe the top-of-at"
2502.10893v2,2502.10893v2:32731-34884,Reanalysis-based Global Radiative Response to Sea ,0.691,2153,"scenarios, such as quadrupling of CO2 concentration or a much warmer world (Watt-Meyer et al., 2024). Given this, the fact that ACE2-ERA5 is able to reproduce t"
2502.10893v2,2502.10893v2:34885-37077,Reanalysis-based Global Radiative Response to Sea ,0.726,2192,"be used in conjunction with other metrics, such as forced climate change experiments, the capability to reproduce internal variability of the climate system, sp"
2502.10893v2,2502.10893v2:37078-38814,Reanalysis-based Global Radiative Response to Sea ,0.59,1736,that Green’s function experiments offer a way to test climate emulators in an idealized setting and investigate their sensitivity to external forcing. Such simu
2502.10893v2,2502.10893v2:38815-40380,Reanalysis-based Global Radiative Response to Sea ,0.496,1565,"column a negative SST perturbation (A = −2 K), for ACE2-ERA5 (a-b), ACE-EAM (c-d), and ACE-FV3 (e-f). The values above each map show the global-mean values of t"
2502.10893v2,2502.10893v2:40381-42137,Reanalysis-based Global Radiative Response to Sea ,0.609,1756,"Supporting Information Fig. S4. Green’s functions of ACE-FV3 for different patch amplitudes A. The top row (a-b) shows positive patches, the middle row (c-d) ne"
2502.10893v2,2502.10893v2:42138-43690,Reanalysis-based Global Radiative Response to Sea ,0.438,1552,"Because historical data is used, here the ToA radiation contains a forced signal, and is thus showing the ToA radiative imbalance N = F + R, with F the radiativ"
2502.10893v2,2502.10893v2:43691-43935,Reanalysis-based Global Radiative Response to Sea ,0.175,244,"2005-2014 climatology 2005-2014 ACE2-ERA5e ERA5f 1940-1995, 2011-2019, 2021-2022 1971-2020 a Watt-Meyer et al. (2023). b L. Zhou et al. (2019). c Duncan et al. "
2502.16036v1,2502.16036v1:0-2079,AI Models Still Lag Behind Traditional Numerical M,0.788,2079,"AI Models Still Lag Behind Traditional Numerical Models in Predicting Sudden-Turning Typhoons Daosheng Xua#, Zebin Lub#, Jeremy Cheuk-Hin Leungc, Dingchi Zhaoc,"
2502.16036v1,2502.16036v1:2080-4043,AI Models Still Lag Behind Traditional Numerical M,0.798,1963,"made notable claims regarding its effectiveness in extreme weather predictions. However, this claim lacks persuasiveness because the extreme nature of the two t"
2502.16036v1,2502.16036v1:4044-5978,AI Models Still Lag Behind Traditional Numerical M,0.774,1934,"Supplementary Texts S1 and S2 for definitions). Overall, Pangu-Weather performs exceptionally well in predicting TCs’ trajectories, especially in 2023 (Fig. S1)"
2502.16036v1,2502.16036v1:5979-7647,AI Models Still Lag Behind Traditional Numerical M,0.748,1668,"Typhoon Khanun, but not for longer lead times. 3 Fig. 1. Performances of NWP models, AIWP models, and human forecasters in predicting Typhoon Khanun’s trajector"
2502.16036v1,2502.16036v1:7648-9522,AI Models Still Lag Behind Traditional Numerical M,0.758,1874,it is also important to acknowledge the advantages of Pangu-Weather. Our results indicate that Pangu-ECMWF overall outperforms ECMWF-IFS in predicting ordinary 
2502.16036v1,2502.16036v1:9523-11531,AI Models Still Lag Behind Traditional Numerical M,0.76,2008,"models, such as Pangu-Weather, are more capable of capturing the evolution patterns of large-scale circulations (e.g., WPSH), they tend to give better predictio"
2502.16036v1,2502.16036v1:11532-13786,AI Models Still Lag Behind Traditional Numerical M,0.776,2254,although it well captures the TC warm core structure and its quasi-hydrostatic approximation [9] (Fig. S7). This evidence suggests that AIWP models have the pot
2502.16036v1,2502.16036v1:13787-15832,AI Models Still Lag Behind Traditional Numerical M,0.822,2045,"weather conditions. The AI-based Pangu-Weather model has already demonstrated advantages over human forecasters, demonstrating the power of AIWP models in extra"
2502.16036v1,2502.16036v1:15833-17387,AI Models Still Lag Behind Traditional Numerical M,0.612,1554,"Yi Li. All authors reviewed the results and approved the final version of the manuscript. References [1] Bauer P, Thorpe A, Brunet G. The Quiet Revolution of Nu"
2502.16036v1,2502.16036v1:17388-19065,AI Models Still Lag Behind Traditional Numerical M,0.708,1677,Forecasting 2023. https://www.ecmwf.int/en/about/media-centre/science-blog/2023/rise-machine-learning-weather-forecasting. Figure captions Fig. 1. Performances 
2502.16036v1,2502.16036v1:19066-21180,AI Models Still Lag Behind Traditional Numerical M,0.762,2114,of WPSH for different groups of TCs. Note the composite values are calculated by the WPSH within 20°×20° from the centers of TCs. Results are based on the ERA5 
2502.16036v1,2502.16036v1:21181-23326,AI Models Still Lag Behind Traditional Numerical M,0.779,2145,can be found at https://www.ecmwf.int/en/publications/ifs-documentation. 11 The NCEP-GFS operational forecast has a global prediction mission for medium-range (
2502.16036v1,2502.16036v1:23327-25459,AI Models Still Lag Behind Traditional Numerical M,0.824,2132,"ERA5 product, Pangu-ERA5 is not an operational forecast result, unlike the other forecast data employed in this study [4]. The Pangu-Weather model forecast resu"
2502.16036v1,2502.16036v1:25460-27008,AI Models Still Lag Behind Traditional Numerical M,0.76,1548,was driven by the ECMWF Pangu AIWP Pangu-ERA5 Pangu-Weather was driven by the ERA5 Pangu Pangu-NCEP Pangu-Weather was driven by the NCEP Pangu CMA Official fore
2502.16036v1,2502.16036v1:27009-28940,AI Models Still Lag Behind Traditional Numerical M,0.764,1931,"average track error of all approaches, and 𝑆𝑡𝑑 denotes the standard deviation of the track error of all approaches. A positive 𝑅𝑆 denotes above-average forecast"
2502.16036v1,2502.16036v1:28941-30924,AI Models Still Lag Behind Traditional Numerical M,0.763,1983,"km) increases to approximately 20% for the 72–96-hour track forecasts, and that between Pangu-ECMWF and human forecasters (207.0–213.4 km) reduces to 10%. This "
2502.16036v1,2502.16036v1:30925-32778,AI Models Still Lag Behind Traditional Numerical M,0.737,1853,"1f). Text S4. Factors leading to differences in prediction performance between Pangu-ECMWF and ECMWF-IFS Here, we define 2 groups of TC cases, according to the "
2502.16036v1,2502.16036v1:32779-34945,AI Models Still Lag Behind Traditional Numerical M,0.803,2166,"background of a weaker WPSH, TCs’ trajectories are often result of the interaction between the background steering flow and the TC itself, so the prediction acc"
2502.16036v1,2502.16036v1:34946-37172,AI Models Still Lag Behind Traditional Numerical M,0.802,2226,"and AIWP models, in contrast, are trained solely on historical reanalysis data. Current AIWP models do not apply any constraints that ensure the models’ ability"
2502.16036v1,2502.16036v1:37173-38953,AI Models Still Lag Behind Traditional Numerical M,0.6,1780,"has limited ability to reproduce the relationship between geopotential and horizontal wind field in this case. In addition, we find that the Pangu-Weather model"
2502.16036v1,2502.16036v1:38954-40565,AI Models Still Lag Behind Traditional Numerical M,0.625,1611,"(d), TC2306 (e), TC2307 (f), TC2309 (g), TC2310 (h), TC2311 (i), TC2312 (j), TC2313 (k), and TC2315 (l), respectively. 20 Fig. S4. Predicted paths of Typhoon Kh"
2502.16036v1,2502.16036v1:40566-41458,AI Models Still Lag Behind Traditional Numerical M,0.703,892,"the WNP (20°N ≤ Latitude ≤ 50°N & 70°E ≤ Longitude ≤ 160°E) predicted by (a–c) Pangu-ECMWF, (d–f) ECMWF-IFS, and (g–i) CMA-TRAMS at forecast lead times of t+12h"
2503.19940v1,2503.19940v1:0-2296,FuXi-RTM: A Physics-Guided Prediction Framework wi,0.826,2296,"FuXi-RTM: A Physics-Guided Prediction Framework with Radiative Transfer Modeling Qiusheng Huang1,2,3†, Xiaohui Zhong1,3†, Xu Fan3, Lei Chen1,3, Hao Li1,2,3* 1Ar"
2503.19940v1,2503.19940v1:2297-4841,FuXi-RTM: A Physics-Guided Prediction Framework wi,0.862,2544,"in NWP models have steadily enhanced forecast accuracy over recent decades [1], challenges persist due to the inherent complexity of cloud microphysics and radi"
2503.19940v1,2503.19940v1:4842-7328,FuXi-RTM: A Physics-Guided Prediction Framework wi,0.834,2486,"the European Center for Medium-Range Weather Forecasts (ECMWF) [15], the world’s leading operational prediction center [2, 9–11, 25, 26, 35, 37, 56]. However, c"
2503.19940v1,2503.19940v1:7329-9649,FuXi-RTM: A Physics-Guided Prediction Framework wi,0.789,2320,"research has evolved rapidly, focusing on generating coherent spatiotemporal sequences for tasks ranging from human motion forecasting to natural scene evolutio"
2503.19940v1,2503.19940v1:9650-11840,FuXi-RTM: A Physics-Guided Prediction Framework wi,0.773,2190,"models, physical processes are represented through parameterization schemes[? ], which approximate complex atmospheric interactions based on simplified physical"
2503.19940v1,2503.19940v1:11841-13869,FuXi-RTM: A Physics-Guided Prediction Framework wi,0.696,2028,Bi-LSTM Level 13 50hpa (S/L)WUFLX (S/L)WDFLX ☁️ Bi-LSTM Level 12 100hpa (a) ☁️ Bi-LSTM Level 1 1000hpa (b) 🌏 D (c) C = 83 represents the number of meteorologica
2503.19940v1,2503.19940v1:13870-16058,FuXi-RTM: A Physics-Guided Prediction Framework wi,0.762,2188,"inputs. This recursive process continues until reaching the desired forecast horizon (typically 10 days in our experiments). As shown in Fig.1, the architecture"
2503.19940v1,2503.19940v1:16059-17861,FuXi-RTM: A Physics-Guided Prediction Framework wi,0.757,1802,"atmosphere (TOA) to 1000 hPa near the surface. Note that, DLRTM operates independently on each grid point (i, j), processing one vertical atmospheric column at "
2503.19940v1,2503.19940v1:17862-19823,FuXi-RTM: A Physics-Guided Prediction Framework wi,0.669,1961,"fluxes. These fluxes are then incorporated into the loss function, creating a physics-guided training signal that enhances forecast accuracy while maintaining c"
2503.19940v1,2503.19940v1:19824-21980,FuXi-RTM: A Physics-Guided Prediction Framework wi,0.756,2156,"DLRTM denote radiative fluxes generated using ERA5 and FuXi forecasts respectively. Here, H′ and W ′ represent the dimensions of the 250×250 grid sampled from s"
2503.19940v1,2503.19940v1:21981-24046,FuXi-RTM: A Physics-Guided Prediction Framework wi,0.716,2065,"includes one year of 6-hourly data from 2018. For the main FuXi-RTM model, we train on a cluster of 4 NVIDIA H100 GPUs for 60,000 iterations with a batch size o"
2503.19940v1,2503.19940v1:24047-25963,FuXi-RTM: A Physics-Guided Prediction Framework wi,0.793,1916,"from 6 hours to 10 days. The color of each cell indicates the nRMSE differences, with blue denoting negative values (FuXi-RTM outperforms FuXi-base) and red ind"
2503.19940v1,2503.19940v1:25964-27851,FuXi-RTM: A Physics-Guided Prediction Framework wi,0.698,1887,the FuXi-RTM configuration while keeping all other components fixed. These ablations investigate two key design dimensions: (1) sampling strategy - comparing gl
2503.19940v1,2503.19940v1:27852-30014,FuXi-RTM: A Physics-Guided Prediction Framework wi,0.848,2162,and SWUFLX at the surface level and TOA (50 hPa in this study). Our evaluation reveals that FuXi-RTM achieves modest improvements in predicting SWDFLX and SWUFL
2503.19940v1,2503.19940v1:30015-31497,FuXi-RTM: A Physics-Guided Prediction Framework wi,0.531,1482,"classical variables, such as 50-hPa specific humidity (Q50), 500-hPa specific cloud liquid water content (CLWC500). The best and second-best performing variants"
2503.19940v1,2503.19940v1:31498-33886,FuXi-RTM: A Physics-Guided Prediction Framework wi,0.848,2388,information redundancy in the radiative transfer process—surface radiation constraints inherently capture vertical atmospheric interactions through backpropagat
2503.19940v1,2503.19940v1:33887-34649,FuXi-RTM: A Physics-Guided Prediction Framework wi,0.871,762,"Several potential avenues exist for further improving FuXi-RTM. First, the model currently excludes the u and v wind components at all pressure levels. Scaling "
2503.19943v1,2503.19943v1:0-2131,A Spatiotemporal Radar-Based Precipitation Model f,0.842,2131,"A Spatiotemporal Radar-Based Precipitation Model for Water Level Prediction and Flood Forecasting Sakshi Dhankhar∗, Stefan Wittek, Hamidreza Eivazi, Andreas Rau"
2503.19943v1,2503.19943v1:2132-4337,A Spatiotemporal Radar-Based Precipitation Model f,0.829,2205,"University of Technology, Institute for Software and Systems Engineering, Arnold-Sommerfeld Str. 1, 38678, Clausthal-Zellerfeld, Germany. Email addresses: ss97@"
2503.19943v1,2503.19943v1:4338-6687,A Spatiotemporal Radar-Based Precipitation Model f,0.811,2349,"lack dependable forecasting and early warning infrastructure. Moreover, a common challenge is the limited availability of upstream hydrological data, which can "
2503.19943v1,2503.19943v1:6688-9123,A Spatiotemporal Radar-Based Precipitation Model f,0.812,2435,"models can outperform traditional numerical weather prediction approaches in both accuracy and computational efficiency. Notably, these advancements include the"
2503.19943v1,2503.19943v1:9124-11498,A Spatiotemporal Radar-Based Precipitation Model f,0.838,2374,"models can achieve higher accuracy in predictions compared to broader, global frameworks. This highlights the need for regional models to complement global syst"
2503.19943v1,2503.19943v1:11499-13646,A Spatiotemporal Radar-Based Precipitation Model f,0.719,2147,"model’s capability to predict water levels and forecast floods with high precision. Finally, we explore the implications of our findings for future research and"
2503.19943v1,2503.19943v1:13647-15945,A Spatiotemporal Radar-Based Precipitation Model f,0.776,2298,"140 cm [25], causing widespread floods and damages. The primary hydrological source of the flood was the Innerste river, which originates in the Harz region and"
2503.19943v1,2503.19943v1:15946-18129,A Spatiotemporal Radar-Based Precipitation Model f,0.782,2183,"for Göttingen provided by Niedersächsischer Landesbetrieb für Wasserwirtschaft, Küsten- und Naturschutz (NLWKN) [27], corresponding to the same time interval wi"
2503.19943v1,2503.19943v1:18130-20283,A Spatiotemporal Radar-Based Precipitation Model f,0.681,2153,"Output data preprocessing The target water level time series, characterized by sparse flood events that cause sharp increases in water levels while the majority"
2503.19943v1,2503.19943v1:20284-22475,A Spatiotemporal Radar-Based Precipitation Model f,0.787,2191,"for Göttingen location. The input and output preprocessing was similarly conducted for Göttingen, revealing a linear correlation of 0.038 between the Göttingen "
2503.19943v1,2503.19943v1:22476-24393,A Spatiotemporal Radar-Based Precipitation Model f,0.697,1917,"in water levels rather than absolute values, potentially improving performance in scenarios where small but critical fluctuations in water levels are essential "
2503.19943v1,2503.19943v1:24394-26633,A Spatiotemporal Radar-Based Precipitation Model f,0.775,2239,"event from 26th July 2017 at Goslar location. The parameter count for a (2+1)D convolution is (1 × height × width × channels) + (time × 1 × 1 × channels), effec"
2503.19943v1,2503.19943v1:26634-28890,A Spatiotemporal Radar-Based Precipitation Model f,0.804,2256,"for efficient spatiotemporal feature extraction, combined with LSTM layers for temporal sequence modeling, ensures that this architecture is well-suited for flo"
2503.19943v1,2503.19943v1:28891-30910,A Spatiotemporal Radar-Based Precipitation Model f,0.72,2019,"data, while STRPM and STRPMr models leverage advanced radar-based precipitation images. By comparing these models, we aim to demonstrate the potential of radar-"
2503.19943v1,2503.19943v1:30911-32680,A Spatiotemporal Radar-Based Precipitation Model f,0.642,1769,"values represent the performance metrics of each model at these intervals, i.e., the MSE. STRPM shows higher values across all time intervals compared to other "
2503.19943v1,2503.19943v1:32681-34508,A Spatiotemporal Radar-Based Precipitation Model f,0.57,1827,"IoA. BP measures the correlation between observed and predicted values. Across all forecasting horizons, model STRPMr consistently achieves the highest correlat"
2503.19943v1,2503.19943v1:34509-36811,A Spatiotemporal Radar-Based Precipitation Model f,0.768,2302,"12h Baseline 2 0 265 41.72 STRPMr 99 29 139 27.19 In Table 4, the evaluation metrics focus on how well each model captures extreme events. The most important me"
2503.19943v1,2503.19943v1:36812-38938,A Spatiotemporal Radar-Based Precipitation Model f,0.676,2126,150 100 50 0 24 Jul 2017 25 26 27 28 29 24 Jul 2017 25 26 27 28 29 Time (year) Time (year) Figure 7: 2 hours to 12 hours forecasts for the proposed model STRPMr
2503.19943v1,2503.19943v1:38939-41077,A Spatiotemporal Radar-Based Precipitation Model f,0.721,2138,is most effective for understanding general trends in water levels and preparing for potential future scenarios. Figure 9 compares forecasted water levels again
2503.19943v1,2503.19943v1:41078-43127,A Spatiotemporal Radar-Based Precipitation Model f,0.696,2049,"to 12-hours forecasting horizon. each subplot represents water level predictions over varying forecast horizons: 2 hours, 4 hours, 8 hours and 12 hours. The blu"
2503.19943v1,2503.19943v1:43128-45394,A Spatiotemporal Radar-Based Precipitation Model f,0.772,2266,enabling the model to adapt its learned parameters from Göttingen to other regions with limited historical data. This would enhance STRPMr’s applicability and r
2503.19943v1,2503.19943v1:45395-47635,A Spatiotemporal Radar-Based Precipitation Model f,0.822,2240,"for STRPMr for 2-hours horizon are 0.991, 0.981, and 0.996 and for 4-hours horizon are 0.983, 0.964, and 0.991, respectively. It can be concluded that the STRPM"
2503.19943v1,2503.19943v1:47636-49766,A Spatiotemporal Radar-Based Precipitation Model f,0.702,2130,"Validation, Writing – review & editing, supervision. Hamidreza Eivazi: Validation, Writing – review & editing. Andreas Rausch: Supervision, Funding acquisition."
2503.19943v1,2503.19943v1:49767-51265,A Spatiotemporal Radar-Based Precipitation Model f,0.272,1498,[%] = Tunder/(Tok + Tunder + Tover + Tnot_relevant) × 100 12. Tover_relative_average [%] = Tover/(Tok + Tunder + Tover + Tnot_relevant) × 100 13. errorsum: abso
2503.19943v1,2503.19943v1:51266-52462,A Spatiotemporal Radar-Based Precipitation Model f,0.069,1196,3473.55 11056.52 6140.5 4568.83 Tover_relative_average [%] 0 0.0088 0.006 0.0068 0 0.0068 0.0102 0.0102 0 0.0073 0.0136 0.0155 0 0.0145 0.018 0 0.012 0.0141 ann
2503.19943v1,2503.19943v1:52463-53380,A Spatiotemporal Radar-Based Precipitation Model f,0.805,917,"copernicus.eu/technical-information/glofas-30day/. [3] L. Alfieri, P. Burek, E. Dutra, B. Krzeminski, D. Muraro, J. Thielen, F. Pappenberger, GloFAS &ndash; glo"
2503.22724v1,2503.22724v1:0-2223,A Spatial-temporal Deep Probabilistic Diffusion Mo,0.767,2223,A Spatial-temporal Deep Probabilistic Diffusion Model for Reliable Hail Nowcasting with Radar Echo Extrapolation Long Tian∗ School of Computer Science and Techn
2503.22724v1,2503.22724v1:2224-4290,A Spatial-temporal Deep Probabilistic Diffusion Mo,0.763,2066,as PredRNN and VMRNN. CCS Concepts • Computing methodologies →Spatial and physical reasoning. ∗Both authors contributed equally to this research. Permission to 
2503.22724v1,2503.22724v1:4291-6454,A Spatial-temporal Deep Probabilistic Diffusion Mo,0.746,2163,"of hail on agriculture, infrastructure, and public safety. Accurate hail forecasting is challenging due to the complex and rapidly changing nature of the atmosp"
2503.22724v1,2503.22724v1:6455-8704,A Spatial-temporal Deep Probabilistic Diffusion Mo,0.822,2249,"optimization effectively reduces inductive biases. Consequently, the nowcast quality of these methods improves, as reflected in metrics like the per-grid-cell C"
2503.22724v1,2503.22724v1:8705-10323,A Spatial-temporal Deep Probabilistic Diffusion Mo,0.722,1618,yet critical modifications to represent effective and flexible spatial-temporal radar echoes. We employ a lightweight condition encoder to extract spatial-tempo
2503.22724v1,2503.22724v1:10324-12472,A Spatial-temporal Deep Probabilistic Diffusion Mo,0.774,2148,"target patch of radar echoes, the target patch consists of 𝑀nowcasted time steps. Middle: In U-Net, we apply self-attention within the target patch to encourage"
2503.22724v1,2503.22724v1:12473-14270,A Spatial-temporal Deep Probabilistic Diffusion Mo,0.68,1797,"overlooked in previous studies. In SteamCast, we treat reference patches as sets of tokens and use an image encoder to extract such conditioning signals. This a"
2503.22724v1,2503.22724v1:14271-16210,A Spatial-temporal Deep Probabilistic Diffusion Mo,0.709,1939,"We employ the standard Sin/Cos embedding scheme used in Transformers [12] to encode each index (time or position), resulting in an encoded vector 𝝆∈R1×8. The fi"
2503.22724v1,2503.22724v1:16211-18086,A Spatial-temporal Deep Probabilistic Diffusion Mo,0.692,1875,"NoEmbd and TimeEmbd represent hail nowcasts from our two variants, as discussed in Sec. 4.3 of the ablation studies. 2) PSNR (Peak Signal-to-Noise Ratio): Refle"
2503.22724v1,2503.22724v1:18087-20194,A Spatial-temporal Deep Probabilistic Diffusion Mo,0.755,2107,"0.97 - ✓ 0.05 23.21 0.74 0.16 0.98 ✓ ✓ 0.02 23.15 0.81 0.18 0.99 competing models are designed for spatial-temporal prediction, aiming to nowcast the target pat"
2503.22724v1,2503.22724v1:20195-20204,A Spatial-temporal Deep Probabilistic Diffusion Mo,1.0,9,Australia
2504.10776v1,2504.10776v1:0-2258,Rainy: Unlocking Satellite Calibration for Deep Le,0.816,2258,Rainy: Unlocking Satellite Calibration for Deep Learning in Precipitation Zhenyu Yu 1 Hanqing Chen 2 Mohd Yamani Idna Idris 1 Pei Wang * 3 Abstract Precipitatio
2504.10776v1,2504.10776v1:2259-4468,Rainy: Unlocking Satellite Calibration for Deep Le,0.756,2209,"is essential for climate change studies, disaster management, and environmental monitoring (Tsatsaris et al., 2021; Boluwade, 2020; Zhou & Liu, 2024). Quantitat"
2504.10776v1,2504.10776v1:4469-6844,Rainy: Unlocking Satellite Calibration for Deep Le,0.812,2375,"al., 2020). This lack of comparability between datasets further limits algorithm generalization and the development of robust models (Gorelick et al., 2017). Ra"
2504.10776v1,2504.10776v1:6845-9186,Rainy: Unlocking Satellite Calibration for Deep Le,0.828,2341,"physical and environmental parameters such as vegetation indices, soil moisture, and surface temperature (Wu et al., 2019). Unlike qualitative analysis, quantit"
2504.10776v1,2504.10776v1:9187-11445,Rainy: Unlocking Satellite Calibration for Deep Le,0.776,2258,"China (440 × 700 pixels), while the partial data corresponds to a selected region from the Rainy dataset (256 × 256 pixels). This dataset is available in both d"
2504.10776v1,2504.10776v1:11446-13628,Rainy: Unlocking Satellite Calibration for Deep Le,0.757,2182,"(Liu et al., 2020). 2.3. Machine Learning Methods In recent years, data-driven methods have gradually supplanted traditional models, with significant progress m"
2504.10776v1,2504.10776v1:13629-15768,Rainy: Unlocking Satellite Calibration for Deep Le,0.786,2139,"ments, satellite data must be calibrated against ground station data. This task is framed as a regression problem, where the model learns the relationship betwe"
2504.10776v1,2504.10776v1:15769-17997,Rainy: Unlocking Satellite Calibration for Deep Le,0.778,2228,estimates. IMERGLate data are particularly useful for short-term precipitation forecasting and real-time event prediction. CMPA (China Meteorological Administra
2504.10776v1,2504.10776v1:17998-19458,Rainy: Unlocking Satellite Calibration for Deep Le,0.468,1460,"for normalization. The normalization formula is x′ = x−xmin xmax−xmin , where x, xmin, xmax, and x′ represent the original value, minimum, maximum, and normaliz"
2504.10776v1,2504.10776v1:19459-21452,Rainy: Unlocking Satellite Calibration for Deep Le,0.683,1993,the loss based on proximity. Task 5: Precipitation downscaling. Precipitation downscaling refers to the task of enhancing low-resolution satellite precipitation
2504.10776v1,2504.10776v1:21453-23453,Rainy: Unlocking Satellite Calibration for Deep Le,0.696,2000,"of interpolated points, focusing on minimizing the error at reliable points: Definition 4.1 (Satellite and ground data). Let I1 ∈RM×M N X be the satellite data "
2504.10776v1,2504.10776v1:23454-25388,Rainy: Unlocking Satellite Calibration for Deep Le,0.701,1934,"is the normalization factor, ensuring balanced influence across observation points. 5.2. Evaluation Metrics Theorem 4.7 (Optimization objective). To minimize Ta"
2504.10776v1,2504.10776v1:25389-27525,Rainy: Unlocking Satellite Calibration for Deep Le,0.753,2136,"α and β balance Taper Loss and other loss terms, with default values set to 1. 5.3. Comparison in Different Tasks For Task 1 (Satellite calibration), as shown i"
2504.10776v1,2504.10776v1:27526-29349,Rainy: Unlocking Satellite Calibration for Deep Le,0.713,1823,Task 3 Accuracy Precision Recall F1 Score Accuracy Precision Recall F1 Score RF 0.6936 0.6751 0.6936 0.6705 0.6405 0.5877 0.6405 0.6036 MLP 0.7181 0.707 0.7181 
2504.10776v1,2504.10776v1:29350-31026,Rainy: Unlocking Satellite Calibration for Deep Le,0.65,1676,"its robustness in scenarios with only in-situ data. Deep learning models such as UNet, LSTM, and MLP consistently outperform traditional methods in both regress"
2504.10776v1,2504.10776v1:31027-32510,Rainy: Unlocking Satellite Calibration for Deep Le,0.549,1483,"0.0162 LT aper + L1 0.2118 0.0666 0.0958 0.0135 Table 6. Comparison of different methods for Task 5 (Precipitation Downscaling, 2×). Bold values indicate the be"
2504.10776v1,2504.10776v1:32511-34333,Rainy: Unlocking Satellite Calibration for Deep Le,0.653,1822,"of 0.1349±0.0049 and the highest R2 of 0.6339 ± 0.0232, demonstrating its superior capability in capturing spatial dependencies. For LT aper + L2, the Gaussian "
2504.10776v1,2504.10776v1:34334-36554,Rainy: Unlocking Satellite Calibration for Deep Le,0.782,2220,0.4150 0.0220 MAE R² 0.11350 0.4125 0.0215 0.11325 0.4100 0.0210 0.11300 0.4075 0.0205 0.4050 0 2 4 6 8 10 0.11275 α = 1 is an optimal hyperparameter setting th
2504.10776v1,2504.10776v1:36555-36935,Rainy: Unlocking Satellite Calibration for Deep Le,0.867,380,including precipitation event prediction and precipitation estimation. The proposed dataset and method can be extended to a broader range of spatiotemporal fore
2504.15322v1,2504.15322v1:0-2225,How to systematically develop an effective AI-base,0.788,2225,"How to systematically develop an effective AI-based bias correction model? Xiao Zhou1†, Yuze Sun1†, Jie Wu2, Xiaomeng Huang1 1Department of Earth System Science"
2504.15322v1,2504.15322v1:2226-4414,How to systematically develop an effective AI-base,0.764,2188,"Miao et al., 2024). Furthermore, atmospheric forecasts serve as critical boundary conditions for coupled Earth system models, where their accuracy directly gove"
2504.15322v1,2504.15322v1:4415-6660,How to systematically develop an effective AI-base,0.764,2245,"timescales (˜7 days), recent innovations mainly focus on surface atmospheric variables, including 2-meter air temperature (T2m), 10-meter wind components (U10 a"
2504.15322v1,2504.15322v1:6661-8853,How to systematically develop an effective AI-base,0.787,2192,"model. Section 4 shows the model performance, the ablation experiment, and downstream tasks. Finally, Section 5 provides the conclusion and discussion. 2 Data a"
2504.15322v1,2504.15322v1:8854-11224,How to systematically develop an effective AI-base,0.836,2370,"set, while the remaining years constituted the training set. This stratified sampling approach rigorously evaluates model correction performance across distinct"
2504.15322v1,2504.15322v1:11225-13632,How to systematically develop an effective AI-base,0.828,2407,"statistical parameters (µ)and (σ) to scale variables into unit-variance ranges, yet fails to neither mitigate persistent equator-to-pole temperature contrast no"
2504.15322v1,2504.15322v1:13633-15986,How to systematically develop an effective AI-base,0.791,2353,effectively mitigates spatial contrast but reveals some amplitude disparities: synoptic-scale temperature variations ( ˜0.1 normalized units) remain an order of
2504.15322v1,2504.15322v1:15987-18119,How to systematically develop an effective AI-base,0.763,2132,and Vision Transformer) and compared their correction performance. The corrected 7day forecasts demonstrate better performance over ECMWF operational prediction
2504.15322v1,2504.15322v1:18120-20418,How to systematically develop an effective AI-base,0.827,2298,"across 7-day forecasts, comparing ECMWF predictions with four correction AI methods: UNet (orange), UNet-TimeWindow (blue), Vision Transformer (green), and our "
2504.15322v1,2504.15322v1:20419-22653,How to systematically develop an effective AI-base,0.822,2234,"(a) Validation of the data processing method. The black curve shows the ECMWF forecast, the blue curve represents the Z-score normalization, and the red curve s"
2504.15322v1,2504.15322v1:22654-25055,How to systematically develop an effective AI-base,0.844,2401,"our method. (c) Ocean variable predictions (SST and U) generated by feeding corrected atmospheric forcing fields (T2m, U10, and V10) into the ocean model. Black"
2504.15322v1,2504.15322v1:25056-26927,How to systematically develop an effective AI-base,0.652,1871,Our experiments reveal a marked decline in correction efficacy beyond 7-day lead times relative to short-term forecasts. This limitation arises from two interco
2504.15322v1,2504.15322v1:26928-28097,How to systematically develop an effective AI-base,0.77,1169,"the four seasons are selected as follows: December 22 for winter, March 21 for spring, June 22 for summer, and September 21 for autumn. Figure B2. True values, "
2505.13873v1,2505.13873v1:0-1962,Utilizing Strategic Pre-training to Reduce Overfit,0.726,1962,"Utilizing Strategic Pre-training to Reduce Overfitting: Baguan - A Pre-trained Weather Forecasting Model Ziqing Ma∗ maziqing.mzq@alibaba-inc.com DAMO Academy, A"
2505.13873v1,2505.13873v1:1963-4062,Utilizing Strategic Pre-training to Reduce Overfit,0.833,2099,"NY Tian Zhou∗ tian.zt@alibaba-inc.com DAMO Academy, Alibaba Group Hangzhou, China Rong Jin rongjinemail@gmail.com DAMO Academy, Alibaba Group Bellevue, USA w/o "
2505.13873v1,2505.13873v1:4063-6290,Utilizing Strategic Pre-training to Reduce Overfit,0.803,2227,"Vision Transformer, Siamese Masked Autoencoders, Medium-range Weather Forecasting ACM Reference Format: Peisong Niu, Ziqing Ma, Tian Zhou, Weiqi Chen, Lefei She"
2505.13873v1,2505.13873v1:6291-8622,Utilizing Strategic Pre-training to Reduce Overfit,0.76,2331,"surprising that the effectiveness of this method has been largely underreported in previous research, with the exception of a few studies [18, 21]. Notably, mos"
2505.13873v1,2505.13873v1:8623-10798,Utilizing Strategic Pre-training to Reduce Overfit,0.785,2175,"& finetuning paradigm with Siamese MAE. Due to the comprehensive training on vast datasets, Baguan emerges as an ideal foundational model for diverse downstream"
2505.13873v1,2505.13873v1:10799-12787,Utilizing Strategic Pre-training to Reduce Overfit,0.755,1988,"GraphCast [16] and AIFS [17], represents the Earth’s surface as an irregular and uniformly spaced grid instead of a regular rectangular grid. This innovative re"
2505.13873v1,2505.13873v1:12788-14587,Utilizing Strategic Pre-training to Reduce Overfit,0.63,1799,"time interval (6 hours). In fact, Baguan produces 6-hourly forecasts in an autoregressive manner: ˜X𝑡0+𝑛Δ𝑡= Baguan(𝑛) (X𝑡0), where 𝑛indicates the number of roll"
2505.13873v1,2505.13873v1:14588-16344,Utilizing Strategic Pre-training to Reduce Overfit,0.732,1756,"of Transformer blocks, producing output tokens denoted as Z1 and Z2. The encoder employs the standard ViT architecture. During the pre-training stage, the initi"
2505.13873v1,2505.13873v1:16345-17685,Utilizing Strategic Pre-training to Reduce Overfit,0.589,1340,"Fine-tuned Baguan ଴்ܺ reconstruct X𝑡0+Δ𝑡with limited cues, while fine-tuning is aimed at forecasting X𝑡0+Δ𝑡without any cues, based solely on the initial state X"
2505.13873v1,2505.13873v1:17686-19169,Utilizing Strategic Pre-training to Reduce Overfit,0.65,1483,"ο௧ሻ (QFRGHU 9L7 Pre-trained Baguan Fine-tuned Baguan ܮሺߠǡ ෨ܺο௧ǡܺ ο௧ሻ 3.3 Three Training Stages of Baguan As shown in Fig. 2, Baguan undergoes three training sta"
2505.13873v1,2505.13873v1:19170-20993,Utilizing Strategic Pre-training to Reduce Overfit,0.72,1823,"acronym ’XX, June 03–05, 2018, Woodstock, NY Both X𝑡0 and X𝑡0+Δ𝑡 𝑚𝑎𝑠𝑘𝑒𝑑share the encoder weights and the representations are fed into the decoder to reconstruct"
2505.13873v1,2505.13873v1:20994-22976,Utilizing Strategic Pre-training to Reduce Overfit,0.722,1982,"including 6-hour and 24-hour models, to enhance long-term forecasting accuracy. However, its Best𝑚in 𝑛strategy [22] still requires a comprehensive search throug"
2505.13873v1,2505.13873v1:22977-24727,Utilizing Strategic Pre-training to Reduce Overfit,0.644,1750,𝐾eigenvectors of Σ. Our analysis shows that pre-training with a denoising model using self-regression improves generalization performance. We have the following
2505.13873v1,2505.13873v1:24728-26660,Utilizing Strategic Pre-training to Reduce Overfit,0.706,1932,"and mean sea level pressure) and several statistic variables. Following Pangu-Weather [2], we use the data from 1979 to 2015 for training, 2016 to 2017 for vali"
2505.13873v1,2505.13873v1:26661-28504,Utilizing Strategic Pre-training to Reduce Overfit,0.705,1843,0.85 0.85 0.80 0.80 Z500(m2/s2) 0.75 T2M (K) T850 (K) U10 (m/s) 0.75 0.70 0.70 Z500(m2/s2) T2M (K) T850 (K) U10 (m/s) r=0.5 r=0.75 r=0.95 r=0.99 w/o PT Mask rat
2505.13873v1,2505.13873v1:28505-30600,Utilizing Strategic Pre-training to Reduce Overfit,0.724,2095,"approach. The primary purpose of introducing pre-training is to mitigate overfitting, as discussed earlier in Fig. 1(a). To quantify this effect, we calculate t"
2505.13873v1,2505.13873v1:30601-32686,Utilizing Strategic Pre-training to Reduce Overfit,0.708,2085,"the attention map is more concentrated, with higher energy observed in the leading eigenvectors when viewed in the spectral domain. This phenomenon offers evide"
2505.13873v1,2505.13873v1:32687-34728,Utilizing Strategic Pre-training to Reduce Overfit,0.731,2041,"(depicted by green lines), in comparison with Pangu-Weather and IFS models. The test set utilizes data from the year 2018 at 00 and 12 UTC. We compare the RMSE "
2505.13873v1,2505.13873v1:34729-36986,Utilizing Strategic Pre-training to Reduce Overfit,0.779,2257,"(train from scratch), and FuXi, a model based on the Swin Transformer architecture. Despite observing a low training loss with FuXi (0.38) and a higher training"
2505.13873v1,2505.13873v1:36987-38270,Utilizing Strategic Pre-training to Reduce Overfit,0.485,1283,"the pre-trained dataset, making it highly suitable for real-world applications. Additionally,it outperforms naive interpolation by an average of 47.0% on the sa"
2505.13873v1,2505.13873v1:38271-39647,Utilizing Strategic Pre-training to Reduce Overfit,0.556,1376,(Swin) ECMWF-S2S d Train Loss v.s. Valid ACC Diff. of Valid ACC T2m-15 T2m-42 Z500-15 Z500-42 Diff. of Training Loss Train Loss Valid ACC Variable-days (b) PC
2505.13873v1,2505.13873v1:39648-41571,Utilizing Strategic Pre-training to Reduce Overfit,0.695,1923,Baguan-Regional. Variable Lead EC-IFS BaguanBaguantime Interpolation Reigional 𝑇2𝑚 6h 2.04 2.29 1.38 24h 2.05 2.36 1.63 𝑈10 6h 4.51 3.95 1.33 24h 4.82 4.60 2.26
2505.13873v1,2505.13873v1:41572-43334,Utilizing Strategic Pre-training to Reduce Overfit,0.635,1762,time 6h T850 ʹ Lead time 24h 1.8 5.625 w/o pre-train Z500(m2/s2) 5.625 w/ pre-train T2M (K) T850 (K) U10 (m/s) Groud Truth Baguan 1.40625 w/o pre-train 1.40625 
2505.13873v1,2505.13873v1:43335-45534,Utilizing Strategic Pre-training to Reduce Overfit,0.768,2199,"exhibits the highest susceptibility to overfitting compared to the other three variables. 4.6 Visualization performance. (2) For downstream tasks, we aim to app"
2505.13873v1,2505.13873v1:45535-46566,Utilizing Strategic Pre-training to Reduce Overfit,0.467,1031,"Chen, Lefei Shen, Rong Jin, and Liang Sun Appendix A.1 Dataset A.2 Evaluation Metrics & Training Objectives 𝑅𝑀𝑆𝐸= 1 1 𝐻𝑊Σ𝐻 √︂ 𝑁Σ𝑁 𝑡=1 ACC is the spatial correla"
2505.13873v1,2505.13873v1:46567-47791,Utilizing Strategic Pre-training to Reduce Overfit,0.452,1224,0.95 0.95 Weight Decay - Stage 1 0.05 0.05 0.05 Batch Size - Stage 1 24 32 64 Batch Size / GPU - Stage 1 1 4 16 Learning Rate - Stage 2 2e-5 1e-5 1e-5 Warm-up S
2505.13873v1,2505.13873v1:47792-49390,Utilizing Strategic Pre-training to Reduce Overfit,0.606,1598,"˜𝑋𝑣,𝑖,𝑗−𝑋𝑣,𝑖,𝑗|, (14) L𝑀𝐴𝐸 𝑣=1Σ𝐻 𝑖=1Σ𝑊 where 𝜔(𝑣) is the weight of variable 𝑣. A.3 Implementation Details of Each Stage Baguan undergoes three training stages: "
2505.13873v1,2505.13873v1:49391-51193,Utilizing Strategic Pre-training to Reduce Overfit,0.626,1802,"3 (6 hour model) or 5 (1 hour model), with an increment of 1 every 2000 steps. However, due to the memory limits for longer steps in auto-regressive paradigm, w"
2505.13873v1,2505.13873v1:51195-52736,Utilizing Strategic Pre-training to Reduce Overfit,0.534,1541,"Conference acronym ’XX, June 03–05, 2018, Woodstock, NY Peisong Niu, Ziqing Ma, Tian Zhou, Weiqi Chen, Lefei Shen, Rong Jin, and Liang Sun 4.0 U10 (m/s) 1 3 5 7"
2505.13873v1,2505.13873v1:52737-53990,Utilizing Strategic Pre-training to Reduce Overfit,0.532,1253,"7 Layer 15 Figure 11: Detailed attention map of Siamese MAE, MAE and the model trained from scratch. Fig. 12 presents a comparative visualization of the ground "
2505.13873v1,2505.13873v1:53991-55226,Utilizing Strategic Pre-training to Reduce Overfit,0.401,1235,Baguan (5.625°) Baguan (1.40625°) 2.5 3.0 2.5 2.0 2.0 1.5 1.5 1.0 1.0 0.5 0.5 1 3 5 7 Lead time (days) 1 3 5 7 Lead time (days) 1.000 T850 1.0 U10 0.975 0.9 0.9
2505.13873v1,2505.13873v1:55227-57283,Utilizing Strategic Pre-training to Reduce Overfit,0.7,2056,- 7.23 18 15.94 - 7.95 24 16.11 - 8.24 𝑆𝑃 6 8.42e-4 - 7.89e-4 12 7.78e-4 - 8.28e-4 18 8.63e-4 - 8.61e-4 24 9.93e-4 - 9.10e-4 𝑆𝐻 Utilizing Strategic Pre-training
2505.13873v1,2505.13873v1:57284-58864,Utilizing Strategic Pre-training to Reduce Overfit,0.475,1580,"Similar to the approach taken in the Pangu paper, we identify the predicted typhoon position by selecting the point with the minimum mean sea level pressure (MS"
2505.13873v1,2505.13873v1:58865-60160,Utilizing Strategic Pre-training to Reduce Overfit,0.641,1295,of covariance matrix. This regularization effect will help significantly reduce the overfitting problem when the target solution also lies in the subspace of to
2505.13873v1,2505.13873v1:60161-61317,Utilizing Strategic Pre-training to Reduce Overfit,0.542,1156,"least 1 −𝛿, |𝑤1 −𝑤∗| ≤ 𝜆 𝜆𝐾/2 + 𝜆|𝑤∗| + 1 Using the concentration inequality for random vectors, we have, with a probability at least 1 −𝛿, We now study the cas"
2505.13873v1,2505.13873v1:61318-61868,Utilizing Strategic Pre-training to Reduce Overfit,0.252,550,"𝑖=1 𝑖=1 !−1 𝑛 ∑︁ 𝑛 ∑︁ 𝑃𝐾𝑥𝑖𝑥⊤ 𝑖𝑃𝐾+ 𝜆 = 𝑖 𝑖=1 𝑖=1 where the last step leverages the fact that 𝑤∗= 𝑃𝐾𝑤∗. Using matrix chernoff bound, we have, with a probability 1"
2505.13873v1,2505.13873v1:61869-62217,Utilizing Strategic Pre-training to Reduce Overfit,0.04,348,𝑖𝑀∗+ 𝜆 𝑀∗ = 𝑖 𝑖=1 𝑖=1 !−1 𝑛 ∑︁ 𝑛 ∑︁ 𝑃𝐾𝑀∗𝑥𝑖𝑥⊤ 𝑥𝑖𝑥⊤ 𝑖𝑀∗𝑃𝐾+ 𝜆 𝑃𝐾𝑀∗ = 𝑖 𝑖=1 𝑖=1 !−1 𝑛 ∑︁ 𝑛 ∑︁ 𝑥𝑖𝑥⊤ 𝑥𝑖𝑧𝑖 𝑖+ 𝜆𝐼 𝑖=1 𝑖=1 !−1 𝑛 ∑︁ 𝑛 ∑︁ ! 𝑃𝐾𝑥𝑖𝑥⊤ 𝑥𝑖𝑥⊤ 𝑃𝐾𝑤∗+ 𝑖+ 𝜆𝐼 𝑥𝑖𝑧𝑖 𝑖
2505.13873v1,2505.13873v1:62218-62979,Utilizing Strategic Pre-training to Reduce Overfit,0.392,761,𝑀∗𝑤∗+ 𝑖𝑀∗+ 𝜆𝐼 𝑀∗𝑥𝑖𝑧𝑖 𝑖=1 𝑖=1 !−1 𝑛 ∑︁ 𝑛 ∑︁ ! 𝑀∗𝑥𝑖𝑥⊤ 𝑀∗𝑃𝐾𝑤∗+ 𝑖𝑀∗+ 𝜆𝐼 𝑀∗𝑥𝑖𝑧𝑖 𝑖=1 𝑖=1 Utilizing Strategic Pre-training to Reduce Overfitting: Baguan - A Pre-traine
2505.13873v1,2505.13873v1:62980-63514,Utilizing Strategic Pre-training to Reduce Overfit,0.194,534,"therefore |𝑤2 −𝑤∗| ≤ 𝜆 𝜆2 𝑛 ∑︁ ≤𝑅 √︂ 1 𝑛 𝑀∗𝑥𝑖𝑧𝑖 𝑛+ 𝑖=1 Thus, with a probability 1 −2𝛿, we have |𝑤2 −𝑤∗| ≤ 𝜆 𝜆2 𝐾/2(𝜆𝐾+ 𝛾) + 𝜆𝑤∗+ 𝑅 𝑑 ∑︁ 𝜆𝐾= 𝑅2 𝐾, tr(Σ) = 𝑘=1 an"
2505.13873v1,2505.13873v1:63515-63612,Utilizing Strategic Pre-training to Reduce Overfit,0.034,97,√ √ 𝑑+ 1 ≤𝑅 𝑘 √︄ 𝜎2𝑅𝑑1/2 𝑛 log 1 |𝑤∗| + 𝑅 𝛿 (17) 𝑛+ 𝑑1/4 ! 𝑛1/2 𝑑 ∑︁ 𝑘−3/2 ≤2𝑅6 𝑘+ 𝛾)2 ≤𝑅6 𝑘=1 √︂
2505.24429v2,2505.24429v2:0-2050,Deep Learning Weather Models for Subregional Ocean,0.796,2050,DEEP LEARNING WEATHER MODELS FOR SUBREGIONAL OCEAN FORECASTING: A CASE STUDY ON THE CANARY CURRENT UPWELLING SYSTEM arXiv:2505.24429v2 [physics.ao-ph] 6 Jun 202
2505.24429v2,2505.24429v2:2051-4333,Deep Learning Weather Models for Subregional Ocean,0.793,2282,and Cape Blanc. The model achieved improvements of up to 26.5% relative to ConvLSTM and error reductions of up to 76% in 5-day forecasts compared to the GLORYS 
2505.24429v2,2505.24429v2:4334-6516,Deep Learning Weather Models for Subregional Ocean,0.757,2182,"Despite these theoretical limitations, global ocean circulation models remain the primary tools for oceanographic forecasting, although they contribute to the p"
2505.24429v2,2505.24429v2:6517-8674,Deep Learning Weather Models for Subregional Ocean,0.795,2157,"data quality and availability, facing challenges with heterogeneous, sparse, spatially discontinuous, or noisy datasets, which can limit performance in certain "
2505.24429v2,2505.24429v2:8675-10862,Deep Learning Weather Models for Subregional Ocean,0.829,2187,"This work adapts the GraphCast model (Lam et al., 2023) for sub-regional ocean forecasting to evaluate its performance under ocean-specific conditions. Using se"
2505.24429v2,2505.24429v2:10863-13050,Deep Learning Weather Models for Subregional Ocean,0.778,2187,"also analyzed, highlighting their influence on forecast degradation. Finally, the work explores operational implications and proposes strategies to bridge the g"
2505.24429v2,2505.24429v2:13051-15145,Deep Learning Weather Models for Subregional Ocean,0.835,2094,"see Figure 1. This region includes two distinct meridional upwelling zones, as described by Cropper et al. (2014): i) the 21–26◦N zone, characterized by strong,"
2505.24429v2,2505.24429v2:15146-17171,Deep Learning Weather Models for Subregional Ocean,0.81,2025,"spatial distribution of temperature along the coast, with three prominent upwelling centers: Cape Ghir (∼30°N), Cape Bojador (∼26°N), and Cape Blanc (∼21°N). Da"
2505.24429v2,2505.24429v2:17172-19317,Deep Learning Weather Models for Subregional Ocean,0.791,2145,"Marine Service (CMEMS) for the Atlantic Ocean around Iberia, Biscay, Ireland (IBI), and the northwestern European shelf domain (CMEMS, 2024). It covers nearly 4"
2505.24429v2,2505.24429v2:19318-21534,Deep Learning Weather Models for Subregional Ocean,0.766,2216,"subdomain within the IBI region, ranging from 19,55°N to 34,525°N and 20,97°W to 5,975°W, covering an area of approximately 2 462 475 km2. This region is repres"
2505.24429v2,2505.24429v2:21535-23540,Deep Learning Weather Models for Subregional Ocean,0.8,2005,"oceanography, including adjustments to the spatial structure and loss function optimization. The specific configurations and hyperparameters for the graph neura"
2505.24429v2,2505.24429v2:23541-25533,Deep Learning Weather Models for Subregional Ocean,0.713,1992,"et al., 2024). Updated daily at 00 UTC, it uses the PSY4V3R1 model to predict 3D ocean variables (e.g., temperature, salinity, currents) and 2D variables (e.g.,"
2505.24429v2,2505.24429v2:25534-27588,Deep Learning Weather Models for Subregional Ocean,0.743,2054,"(Lellouche et al., 2013) to assimilate corrections. 3.3 ConvLSTM The Convolutional LSTM (ConvLSTM) cell with peephole connections, introduced by Shi et al. (201"
2505.24429v2,2505.24429v2:27589-29643,Deep Learning Weather Models for Subregional Ocean,0.75,2054,"∗xt + Whg ∗ht−1 + bg), ot = σ(Wio ∗xt + Who ∗ht−1 + bo), ct = f t ⊙ct−1 + it ⊙gt, ht = ot ⊙tanh(ct), where it represents the input gate, which determines how mu"
2505.24429v2,2505.24429v2:29644-31715,Deep Learning Weather Models for Subregional Ocean,0.713,2071,"forecasting and employs two variable types: input and input/target. The model can predict eleven variables: five surface and six atmospheric variables, using da"
2505.24429v2,2505.24429v2:31716-33655,Deep Learning Weather Models for Subregional Ocean,0.619,1939,and green nodes at the finest scale with short-distant edges. v6 M2 M1 v7 30°N 30°N 30°N M0 v8 27°N 27°N 27°N v3 24°N 24°N 24°N v4 v5 21°N 21°N 21°N v0 18°N 18°
2505.24429v2,2505.24429v2:33656-35947,Deep Learning Weather Models for Subregional Ocean,0.769,2291,"allowing information to flow and update the features of both the nodes and the edges across G. The encoder, processor, and decoder work through specific message"
2505.24429v2,2505.24429v2:35948-38038,Deep Learning Weather Models for Subregional Ocean,0.729,2090,"contains an instrumental error for each grid cell within the domain and for each day of the test dataset. The average of this instrumental error is ±0,25◦C acro"
2505.24429v2,2505.24429v2:38039-40345,Deep Learning Weather Models for Subregional Ocean,0.789,2306,"an improvement of 28,4% to 21,7% in the last ten lead times. These results highlight the enhanced predictive skill of the graph model across short and extended "
2505.24429v2,2505.24429v2:40346-41666,Deep Learning Weather Models for Subregional Ocean,0.329,1320,Table 1: Percentage of forecasts exceeding the instrumental error threshold for GraphCast and ConvLSTM (2017–2020). The comparison is based on 28 719 RMSE value
2505.24429v2,2505.24429v2:41667-43559,Deep Learning Weather Models for Subregional Ocean,0.714,1892,2017-07-01 2017-09-01 2018-01-01 2018-11-01 2019-11-01 2020-11-01 2017-11-01 Figure 4: Predictability barrier plots of daily RMSE for SST forecasts at lead time
2505.24429v2,2505.24429v2:43560-45753,Deep Learning Weather Models for Subregional Ocean,0.76,2193,"ConvLSTM in the test period, with improvements ranging from approximately 19,4% to 26,5%, with the largest improvement in 2018. GraphCast obtained lower RMSE an"
2505.24429v2,2505.24429v2:45754-47474,Deep Learning Weather Models for Subregional Ocean,0.706,1720,The seasonal performance of the models was evaluated by calculating the percentage of days within each season where the RMSE exceeded the mean instrumental erro
2505.24429v2,2505.24429v2:47475-49325,Deep Learning Weather Models for Subregional Ocean,0.543,1850,2020-03-01 2020-05-01 2020-07-01 2020-09-01 2019-11-01 2020-11-01 date Deep Learning Weather Models for Subregional Ocean Forecasting 20 19 18 17 16 15 14 13 fo
2505.24429v2,2505.24429v2:49326-51251,Deep Learning Weather Models for Subregional Ocean,0.76,1925,"for GraphCast and ConvLSTM models. The table presents the mean (µ) and standard deviation (σ) of RMSE values for each season: December-January-February (DJF), M"
2505.24429v2,2505.24429v2:51252-53356,Deep Learning Weather Models for Subregional Ocean,0.802,2104,"time to evaluate model performance further. The results demonstrate significant improvements in forecast accuracy: for the 5-day lead time, GraphCast achieved t"
2505.24429v2,2505.24429v2:53357-55119,Deep Learning Weather Models for Subregional Ocean,0.563,1762,"than ConvLSTM. The spatial RMSE average reveals that GraphCast consistently exhibits lower values than ConvLSTM across all lead times. At the first lead time, G"
2505.24429v2,2505.24429v2:55120-57175,Deep Learning Weather Models for Subregional Ocean,0.738,2055,"lead times is 43,86%, with the highest reduction of 62,48% at the first lead time and the lowest reduction of 35,73% at the last lead time. This indicates that "
2505.24429v2,2505.24429v2:57176-59169,Deep Learning Weather Models for Subregional Ocean,0.665,1993,= 9 days lead_time = 10 days 1.440 1.269 RMSE [ºC] 1.098 lead_time = 11 days lead_time = 12 days lead_time = 13 days lead_time = 14 days lead_time = 15 days 0.9
2505.24429v2,2505.24429v2:59170-61418,Deep Learning Weather Models for Subregional Ocean,0.836,2248,"Ocean Forecasting corresponds with observed upwelling trends in the California Current Upwelling System (CCUS) (Cropper et al., 2014), where summer upwelling ha"
2505.24429v2,2505.24429v2:61419-63667,Deep Learning Weather Models for Subregional Ocean,0.817,2248,"currents is crucial for broader oceanographic applications. On January 1, 2020, both MLOP models experienced a sharp drop in forecast skill, coinciding with a s"
2505.24429v2,2505.24429v2:63668-65992,Deep Learning Weather Models for Subregional Ocean,0.831,2324,"(SON), both models face similar challenges, and their performance converges. The spatial distribution of errors reveals high RMSE values near Cape Ghir, Bojador"
2505.24429v2,2505.24429v2:65993-68426,Deep Learning Weather Models for Subregional Ocean,0.844,2433,could smooth transitions across triangles mitigating artifacts by distributing updates across a broader mesh neighborhood. A third strategy involves integrating
2505.24429v2,2505.24429v2:68427-70912,Deep Learning Weather Models for Subregional Ocean,0.87,2485,"direction for data-driven approaches in operational oceanography. Nonetheless, our findings also revealed important trade-offs. While GraphCast excelled in spat"
2505.24429v2,2505.24429v2:70913-73263,Deep Learning Weather Models for Subregional Ocean,0.806,2350,"Writing – original draft, Writing – review & editing, Project administration, Supervision, Conceptualization, Formal analysis, Methodology, Resources. Ángel Rod"
2505.24429v2,2505.24429v2:73264-75669,Deep Learning Weather Models for Subregional Ocean,0.823,2405,"Training details The dataset was split into training, validation, and test sets using an 80/10/10 ratio, based on years rather than individual days. This tempor"
2505.24429v2,2505.24429v2:75670-78012,Deep Learning Weather Models for Subregional Ocean,0.758,2342,"decay function, gradually reducing it from 10−3 to zero and updating it after each iteration. The training phase was oriented to forecasting one lead time with "
2505.24429v2,2505.24429v2:78013-80185,Deep Learning Weather Models for Subregional Ocean,0.724,2172,"Squared Error (MSE) to optimize the neural network parameters during training. Since the area of a spherical grid cell decreases toward the geographic poles, MS"
2505.24429v2,2505.24429v2:80186-82416,Deep Learning Weather Models for Subregional Ocean,0.762,2230,"of memory, was used for hyperparameter tuning. The second machine, a remote server with 8 Quadro RTX 4000 GPUs and 8 GB of memory, was utilized for training the"
2505.24429v2,2505.24429v2:82417-84166,Deep Learning Weather Models for Subregional Ocean,0.571,1749,"8 (the number of GPUs), they could not be parallelized and were instead processed sequentially on the CPU. Let x : R3 →R be a spatiotemporal variable containing"
2505.24429v2,2505.24429v2:84167-86090,Deep Learning Weather Models for Subregional Ocean,0.646,1923,"sin(λi), cos(λi)] and the mesh edges, em s,r ∈Em, from the sender node s to the receiver node r, contains the following features: em s,r = [distance(s, r), ps −"
2505.24429v2,2505.24429v2:86091-87516,Deep Learning Weather Models for Subregional Ocean,0.458,1425,"xt−1 i = [xt Each node in the mesh, vm i ∈Vm, is defined as vm B.1 Encoder i , vm i , em ˜vg ˜eg2m ˜em2g d˜eg2m and the mesh nodes are updated by aggregating th"
2505.24429v2,2505.24429v2:87517-89558,Deep Learning Weather Models for Subregional Ocean,0.714,2041,multiplied by the average standard deviation of the temporal change dˆx = ˆxt+1 −ˆxt computed from the train set. All MLPs have one hidden layer with a latent d
2505.24429v2,2505.24429v2:89559-91547,Deep Learning Weather Models for Subregional Ocean,0.661,1988,"s,r. (11) s,r , sm, rg]). (12)  m2g s,r ] ˜ de X . (13) s∈Vg;r=˜vg i i + d˜vg i , (14) i ). (15) , (16) q (ao −ao)2 i denotes the predicted anomaly (predictio"
2505.24429v2,2505.24429v2:91548-92922,Deep Learning Weather Models for Subregional Ocean,0.635,1374,"The Bias quantifies the systematic difference between the predicted and observed values, indicating whether the model tends to overestimate or underestimate the"
2506.08285v1,2506.08285v1:0-2309,Imposing the Fundamental Dynamical Constraint of H,0.775,2309,Imposing the Fundamental Dynamical Constraint of Hydrostatic Balance to Improve Global ML Weather Prediction arXiv:2506.08285v1 [physics.ao-ph] 9 Jun 2025 Aksha
2506.08285v1,2506.08285v1:2310-4652,Imposing the Fundamental Dynamical Constraint of H,0.73,2342,"autoregressive simulations have included some basic physical constraints. As reviewed in [11], physics informed ML models may include physical constraints in th"
2506.08285v1,2506.08285v1:4653-6713,Imposing the Fundamental Dynamical Constraint of H,0.663,2060,"mean sea level where the atmospheric pressure is p, and integrating between a lower level denoted by “1” and an upper level “2”, (2) becomes Z p2 Tv d(ln p) = −"
2506.08285v1,2506.08285v1:6714-8986,Imposing the Fundamental Dynamical Constraint of H,0.776,2272,"that it cannot be readily included in discrete models of atmospheric motion, so approximate equations are developed that avoid it’s explicit computation. For la"
2506.08285v1,2506.08285v1:8987-10909,Imposing the Fundamental Dynamical Constraint of H,0.603,1922,1 + e1−(rk/αk)2 (6) to the deviation from hydrostatic balance between levels k and k −1 computed as the residual rk = Tv(pk) + Tv(pk−1) 2 − g R ln(pk−1/pk) (Zk 
2506.08285v1,2506.08285v1:10910-12932,Imposing the Fundamental Dynamical Constraint of H,0.682,2022,"is chosen resulting in a global batch size of 512. Following [10], we use the Adam optimizer [12] and a cosine annealing learning rate schedule with the initial"
2506.08285v1,2506.08285v1:12933-14906,Imposing the Fundamental Dynamical Constraint of H,0.681,1973,than an MSE loss. All errors larger 3 Model and Training 3.1 Baseline model 3.2 Hydrostatic finetuning d drk = d drk f(rk) rk=Qk(p) 4  rk 2 . (8) αk rk=Qk(p) 
2506.08285v1,2506.08285v1:14907-16807,Imposing the Fundamental Dynamical Constraint of H,0.601,1900,"we will refer to the models finetuned with these three p values as ""q95"", ""q75"" and ""q50"" respectively. Figure 4 shows the validation losses for Z500, Z250 and "
2506.08285v1,2506.08285v1:16808-18564,Imposing the Fundamental Dynamical Constraint of H,0.572,1756,"used for the three finetuning experiments with p 0.5, 0.75 and 0.95. The last column also shows the Lagrange multiplier used for the hydrostatic loss for each v"
2506.08285v1,2506.08285v1:18565-20454,Imposing the Fundamental Dynamical Constraint of H,0.651,1889,10 4 10 5 4 6 4.5 5.0 5.5 6.0 6.5 7.0 1e7 1e7 0.0 2.5 5.0 7.5 10.0 12.5 15.0 17.5 20.0 Forecast Days 0.0 2.5 5.0 7.5 10.0 12.5 15.0 17.5 20.0 Forecast Days Figu
2506.08285v1,2506.08285v1:20455-22333,Imposing the Fundamental Dynamical Constraint of H,0.613,1878,"the RMSE in Z250 (Fig. 4), and the validation loss for the hydrostatic constraint in the layers above and below 250 hPa does not decrease significantly during t"
2506.08285v1,2506.08285v1:22334-24260,Imposing the Fundamental Dynamical Constraint of H,0.623,1926,17.5 20.0 Forecast Days 4 Error Statistics 7 Baseline 26ch Hydrostatic q50 Hydrostatic q75 Hydrostatic q95 175 150 125 z250 RMSE [m] 100 75 Baseline 26ch Hydros
2506.08285v1,2506.08285v1:24261-26144,Imposing the Fundamental Dynamical Constraint of H,0.631,1883,mesh). Also of note is the center of strong winds outside and northwest of the eye in the baseline forecast (Fig. 7a). The strength and placement of these winds
2506.08285v1,2506.08285v1:26145-28212,Imposing the Fundamental Dynamical Constraint of H,0.694,2067,1.2 1.0 Baseline 26ch Hydrostatic q50 Hydrostatic q75 Hydrostatic q95 0.8 0 10 20 30 40 50 60 Lead Time (D) 700-850 hPa Baseline 26ch Hydrostatic q50 Hydrostati
2506.08285v1,2506.08285v1:28213-29140,Imposing the Fundamental Dynamical Constraint of H,0.81,927,improvements. Further investigation of the complex relation between validation loss during training and RMSE and imbalance errors during autoregressive forecast
2506.09891v2,2506.09891v2:0-2202,Causal Climate Emulation with Bayesian Filtering,0.761,2202,"Causal Climate Emulation with Bayesian Filtering Sebastian Hickman1,4,∗ Ilija Trajkovic2 Julia Kaltenborn3,4 Francis Pelletier4 Alex Archibald1 Yaniv Gurwicz5 P"
2506.09891v2,2506.09891v2:2203-4405,Causal Climate Emulation with Bayesian Filtering,0.71,2202,"2021], are commonly used to speed up the process, but at the expense of oversimplifying necessary complex processes. In contrast, data-driven models are flexibl"
2506.09891v2,2506.09891v2:4406-6726,Causal Climate Emulation with Bayesian Filtering,0.757,2320,"This work is a step towards trustworthy, physically-consistent emulation of climate model dynamics. Main contributions: • We develop a novel machine learning al"
2506.09891v2,2506.09891v2:6727-8934,Causal Climate Emulation with Bayesian Filtering,0.746,2207,"observed data [Hyvarinen and Morioka, 2017, Hyvarinen et al., 2019, Khemakhem et al., 2020]. Recent work demonstrated that a latent representation and a causal "
2506.09891v2,2506.09891v2:8935-11059,Causal Climate Emulation with Bayesian Filtering,0.711,2124,"al., 2024, Pathak et al., 2022], but a growing body of work has considered long-term climate projections (a much longer time horizon than weather), where physic"
2506.09891v2,2506.09891v2:11060-13237,Causal Climate Emulation with Bayesian Filtering,0.785,2177,"determine the causal drivers of these phenomena [Sippel et al., 2024]. Here, we use causal representation learning to model internal climate dynamics, predict n"
2506.09891v2,2506.09891v2:13238-15214,Causal Climate Emulation with Bayesian Filtering,0.763,1976,"assumption, the learned causal graph over these latents, the loss used during training, the Bayesian filter allowing for stable autoregressive rollouts, and the"
2506.09891v2,2506.09891v2:15215-17053,Causal Climate Emulation with Bayesian Filtering,0.556,1838,3 4 1 2 3 4 1 2 3 4 1 2 3 4 x Latent embeddings Causal connections T T-3 T-2 T-1 T-3 Adjacency Matrices 1 T-2 T-1 T 1 2 1 3 2 1 3 2 3 4 2 3 4 4 4 1 2 3 4 Model 
2506.09891v2,2506.09891v2:17054-19161,Causal Climate Emulation with Bayesian Filtering,0.73,2107,"observation satisfying the desired statistics of the data. By keeping the sample with the highest likelihood value, we prevent error accumulation or convergence"
2506.09891v2,2506.09891v2:19162-20965,Causal Climate Emulation with Bayesian Filtering,0.589,1803,"2024, Guan et al., 2024]. This approach could be applied to many statistics known to be constant or invariant through time, including conserved quantities [Whit"
2506.09891v2,2506.09891v2:20966-23051,Causal Climate Emulation with Bayesian Filtering,0.675,2085,"real-world climate systems, it provides a controlled setting with a known ground truth causal structure. Thus, SAVAR allows us to rigorously assess the ability "
2506.09891v2,2506.09891v2:23052-24976,Causal Climate Emulation with Bayesian Filtering,0.707,1924,training procedure and hyperparameter search are given in Section C.2. N latents 4 25 100 Difficulty Easy Med Med Hard Easy Med Med Hard Easy Med Med Hard easy 
2506.09891v2,2506.09891v2:24977-27088,Causal Climate Emulation with Bayesian Filtering,0.708,2111,"et al., 2020] surface temperature data at a resolution of 250 km, re-gridded to an icosahedral grid. In this section, we focus on pre-industrial data, using 800"
2506.09891v2,2506.09891v2:27089-29034,Causal Climate Emulation with Bayesian Filtering,0.747,1945,"data. To capture these properties, we evaluate the mean, standard deviation, range, and log-spectral distance (LSD) of key climate variables, with the goal bein"
2506.09891v2,2506.09891v2:29035-30697,Causal Climate Emulation with Bayesian Filtering,0.655,1662,     Unfiltered Diverges - - - Diverges - - - No sparsity Diverges - - - Diverges - - - No ortho 0.0624 0.527 3.28 0.583 0.0867 0.987 5.94 0.267 No spectra
2506.09891v2,2506.09891v2:30698-32687,Causal Climate Emulation with Bayesian Filtering,0.79,1989,"data. On the left, the power spectra for the Niño3.4 index, for PICABU, the ViT, V-PCMCI, and ground truth data (NorESM2) are shown. The same is shown for GMST "
2506.09891v2,2506.09891v2:32688-34361,Causal Climate Emulation with Bayesian Filtering,0.661,1673,"examining their next-timestep predictions of surface temperature when provided with 256 random initial conditions from three different emissions scenarios, samp"
2506.09891v2,2506.09891v2:34362-36685,Causal Climate Emulation with Bayesian Filtering,0.794,2323,"the relative difference is taken with respect to 1, reflecting how much further the metric is from the ideal R2 = 1. For the pre-industrial control data, the mo"
2506.09891v2,2506.09891v2:36686-39211,Causal Climate Emulation with Bayesian Filtering,0.838,2525,"Pacific temperatures, and the direct correspondence between latent-space values and observation-space temperatures (Figure 26). Unlike traditional models, gener"
2506.09891v2,2506.09891v2:39212-39690,Causal Climate Emulation with Bayesian Filtering,0.773,478,"Chairs program, and Canada First Research Excellence Fund. We acknowledge computational support from Mila – Quebec AI Institute, including in-kind support from "
2506.10868v1,2506.10868v1:0-2110,A multi-scale loss formulation for learning a prob,0.766,2110,"A multi-scale loss formulation for learning a probabilistic model with proper score arXiv:2506.10868v1 [physics.ao-ph] 12 Jun 2025 optimisation Simon Lang, Mart"
2506.10868v1,2506.10868v1:2111-4302,A multi-scale loss formulation for learning a prob,0.692,2191,"(2008), respectively. These studies have shed additional light on the skill of ensemble forecasts as function of spatial scale. In contrast, the standard applic"
2506.10868v1,2506.10868v1:4303-6235,A multi-scale loss formulation for learning a prob,0.583,1932,as the scoring rule depends only on the marginal distributions sampled by the ensemble of predictions at each location q ∈M. In order to distinguish this loss f
2506.10868v1,2506.10868v1:6236-8176,A multi-scale loss formulation for learning a prob,0.649,1940,consider predictions with an ensemble size of M = 8. The scale-unaware loss and the 3-scale loss are computed for each wavenumber. This is repeated for 4000 rea
2506.10868v1,2506.10868v1:8177-9778,A multi-scale loss formulation for learning a prob,0.492,1601,"1 −ϵ 2M(M −1) M . Here, the xj and y denote ensemble forecasts and the analysis, respectively. 0.65 0.8 0.60 0.7 0.55 scale unaware 3-scale fCRPS fCRPS 0.6 0.50"
2506.10868v1,2506.10868v1:9779-11972,A multi-scale loss formulation for learning a prob,0.747,2193,"(2024b). However, here we do not fine tune on operational analyses data of the physics-based Integrated Forecasting System (IFS). Instead we only train on the C"
2506.10868v1,2506.10868v1:11973-13912,A multi-scale loss formulation for learning a prob,0.542,1939,"The same is true across other variables and regions (not shown). However, examining individual forecast fields reveals that the scale-unaware loss experiment co"
2506.10868v1,2506.10868v1:13913-15777,A multi-scale loss formulation for learning a prob,0.495,1864,492 552 564 576 588 (c) 492 552 60°N 504 540 516 552 564 576 588 9 576 564 552 50°N 588 40°N 30°N 20°N 10°N 0°N 10°S 552 5 540 564 50°N 588 576 40°N 588 30°N 20
2506.10868v1,2506.10868v1:15778-17928,A multi-scale loss formulation for learning a prob,0.781,2150,"forecast different scales due to varying level of noise added to the target state (e.g., Dieleman (2024)). How much emphasis is put on each scale can then be ad"
2507.19513v1,2507.19513v1:0-2084,Enhancing Spatiotemporal Networks with xLSTM: A Sc,0.805,2084,"Enhancing Spatiotemporal Networks with xLSTM: A Scalar LSTM Approach for Cellular Traffic Forecasting Khalid Ali, Zineddine Bettouche, Andreas Kassler, Andreas "
2507.19513v1,2507.19513v1:2085-4404,Enhancing Spatiotemporal Networks with xLSTM: A Sc,0.832,2319,"e.g., base-station deployment and antenna configuration, which rely on a solid understanding of persistent traffic patterns across urban regions [3], [4]. Tradi"
2507.19513v1,2507.19513v1:4405-6653,Enhancing Spatiotemporal Networks with xLSTM: A Sc,0.825,2248,"modeling [18]. In this paper, we propose a new STN-based model that integrates sLSTM modules and augments its fusion mechanism. Our key contributions are: • We "
2507.19513v1,2507.19513v1:6654-8865,Enhancing Spatiotemporal Networks with xLSTM: A Sc,0.735,2211,"Figure 1. Architecture of the original STN, integrating ConvLSTM and Conv3D branches with a fusion and prediction module. III. METHODOLOGY In this section, we f"
2507.19513v1,2507.19513v1:8866-10701,Enhancing Spatiotemporal Networks with xLSTM: A Sc,0.635,1835,"at time t, represented as a two-dimensional grid of size I ×J: • Gradient Instability: ConvLSTM exhibits inefficient gradient flow over long sequences, which in"
2507.19513v1,2507.19513v1:10702-12081,Enhancing Spatiotemporal Networks with xLSTM: A Sc,0.368,1379,"interval at any given cell x(i,j) t+1 is influenced by traffic in its local neighborhood, while distant regions have minimal impact (see Fig. 2) [29]. Thus, the"
2507.19513v1,2507.19513v1:12082-14047,Enhancing Spatiotemporal Networks with xLSTM: A Sc,0.69,1965,". . . , R(i,j) Fθ | i = 1, . . . , I; j = 1, . . . , J t (8) where θ represents the learnable parameters in the model. B. Spatiotemporal Network Architecture (S"
2507.19513v1,2507.19513v1:14048-15797,Enhancing Spatiotemporal Networks with xLSTM: A Sc,0.548,1749,"replace the linear fusion in the original STN, we use a transformer-based layer to integrate spatial and temporal outputs and capture long-range dependencies [3"
2507.19513v1,2507.19513v1:15798-18018,Enhancing Spatiotemporal Networks with xLSTM: A Sc,0.783,2220,"indicating strong performance. Structural Similarity Index (SSIM) evaluates perceptual and structural similarity, which is critical for maintaining spatial cohe"
2507.19513v1,2507.19513v1:18019-20060,Enhancing Spatiotemporal Networks with xLSTM: A Sc,0.746,2041,"variants: • STN (baseline) [15] – ConvLSTM (time) + Conv3D (space), fused via a linear layer. • STN-TF – ConvLSTM + Conv3D, fused via Transformer Fusion. • STN-"
2507.19513v1,2507.19513v1:20061-21517,Enhancing Spatiotemporal Networks with xLSTM: A Sc,0.554,1456,the STN-sLSTM-TF variant is performed with Optuna—this single optimization suffices since other variants (STN-sLSTM and STN-TF) share the same component hyperpa
2507.19513v1,2507.19513v1:21518-23484,Enhancing Spatiotemporal Networks with xLSTM: A Sc,0.763,1966,"uses the optimal settings from [15]. Models train for 40 epochs with Adam (β1 = 0.9, β2 = 0.999, ϵ = 10−8) and initial LR 5×10−4, using batch normalization to s"
2507.19513v1,2507.19513v1:23485-25692,Enhancing Spatiotemporal Networks with xLSTM: A Sc,0.831,2207,"over time, we selected the best cell (16, 24) and worst cell (20, 8) by RMSE (Fig. 4b) and plotted December 2013’s actual vs. predicted traffic (Fig. 8). Fig. 8"
2507.19513v1,2507.19513v1:25693-27558,Enhancing Spatiotemporal Networks with xLSTM: A Sc,0.763,1865,"including spatially adaptive modeling strategies, scale-aware loss functions, and the incorporation of auxiliary contextual features to enhance generalization a"
2507.19513v1,2507.19513v1:27559-28957,Enhancing Spatiotemporal Networks with xLSTM: A Sc,0.577,1398,"limited capacity for capturing long-term dependencies. In contrast, STN-sLSTM maintains stable predictions and spatial coherence over longer time horizons. Alth"
2507.19513v1,2507.19513v1:28958-30602,Enhancing Spatiotemporal Networks with xLSTM: A Sc,0.719,1644,14.0592 0.9432 in high-traffic areas. These results underscore the benefits of attention-based fusion mechanisms in improving long-range forecasting accuracy an
2507.19513v1,2507.19513v1:30603-31975,Enhancing Spatiotemporal Networks with xLSTM: A Sc,0.541,1372,STN-sLSTM 0.8662 2.6973 0.9925 STN-sLSTM-TF 1.4498 3.3183 0.9726 2 STN 1.5540 6.8674 0.9763 STN-sLSTM 1.0356 3.3212 0.9889 STN-sLSTM-TF 1.5867 3.7074 0.9687 3 S
2507.19513v1,2507.19513v1:31976-34005,Enhancing Spatiotemporal Networks with xLSTM: A Sc,0.76,2029,STN-sLSTM-TF 6.22 26.95 1.02 × 107 8.08 326.01 emphasizing key spatial features. These results suggest that future spatiotemporal models should prioritize recur
2507.19513v1,2507.19513v1:34006-36343,Enhancing Spatiotemporal Networks with xLSTM: A Sc,0.882,2337,"STN-sLSTM without fusion balances these priorities for moderate-complexity deployments. Although STN-sLSTM-TF incurs significant grid-level latency, it provides"
2507.19513v1,2507.19513v1:36344-36410,Enhancing Spatiotemporal Networks with xLSTM: A Sc,0.909,66,the Ministry of Science and Art through the HighTech Agenda (HTA).
2508.01426v2,2508.01426v2:0-2275,UniExtreme: A Universal Foundation Model for Extre,0.825,2275,"UniExtreme: A Universal Foundation Model for Extreme Weather Forecasting Weijia Zhang The Hong Kong University of Science and Technology (Guangzhou) Guangzhou, "
2508.01426v2,2508.01426v2:2276-4460,UniExtreme: A Universal Foundation Model for Extre,0.76,2184,or distributed for profit or commercial advantage and that copies bear this notice and the full citation on the first page. Copyrights for components of this wo
2508.01426v2,2508.01426v2:4461-6558,UniExtreme: A Universal Foundation Model for Extre,0.721,2097,"phenomena. More recent works seek to learn generalized extreme-weather features. For example, ExtremeCast [49] mitigates the over-smoothing issue in extreme pre"
2508.01426v2,2508.01426v2:6559-8854,UniExtreme: A Universal Foundation Model for Extre,0.781,2295,distributions is much larger than that between normal-random ones. This indicates that extreme weather regions tend to concentrate more on high frequencies comp
2508.01426v2,2508.01426v2:8855-11070,UniExtreme: A Universal Foundation Model for Extre,0.779,2215,"of Records PanguWhether % % % Single-Type Records ExtremeCast % % "" Percentile Events OneForecast % % "" Single-Type Records UniExtreme "" "" "" 18 Types of Records"
2508.01426v2,2508.01426v2:11071-12652,UniExtreme: A Universal Foundation Model for Extre,0.724,1581,"weather state at time 𝑡, where 𝐶represents the number of atmospheric variables. The goal is to learn a forecasting model 𝑓𝜃: R𝐻×𝑊×𝐶→R𝐻×𝑊×𝐶that predicts the next"
2508.01426v2,2508.01426v2:12653-13569,UniExtreme: A Universal Foundation Model for Extre,0.507,916,"predicts the complete output X𝑡+1, but focuses only on extreme regions X𝑡+1|𝑒𝑡,𝑒𝑡∈E𝑡. 2.2 Fourier Transform and Inversion 3.1 Region Partitioning and Merging Gi"
2508.01426v2,2508.01426v2:13570-15013,UniExtreme: A Universal Foundation Model for Extre,0.679,1443,"≤𝑟𝑤= 𝑟%𝑊′ ≤𝑊′ −1, where 𝐻′ = 𝐻/𝑎ℎ, and 𝑊′ = 𝑊/𝑎𝑤. After being processed via posterior region-wise modules, AFM and EPA, we merge the regions to recover the orig"
2508.01426v2,2508.01426v2:15014-16673,UniExtreme: A Universal Foundation Model for Extre,0.672,1659,"in a customized manner, so as to capture the normal-extreme differences. To facilitate subsequent frequency-domain analysis, we further formulate the following "
2508.01426v2,2508.01426v2:16674-17950,UniExtreme: A Universal Foundation Model for Extre,0.571,1276,results of different local filters to consolidate the global spectral information. Definition 4. Sorted Radial Frequency. The sorted radial frequencies {𝜆(𝑠) 𝑗 
2508.01426v2,2508.01426v2:17951-18727,UniExtreme: A Universal Foundation Model for Extre,0.483,776,"= ¤𝑥𝛼𝑟;𝑛−1(1 −¤𝑥)𝛽𝑟;𝑛−1 𝑟;𝑛 (1 −˜𝜆𝑟;𝑛)𝛽𝑟;𝑛−1 ,𝑥∈[𝜆min, 𝜆max], (5) ˜𝜆𝛼𝑟;𝑛−1 where 𝑛= 0, ..., 𝑁−1, and ¤𝑥= ( ¤𝑥−𝜆min)/(𝜆max −𝜆min) ∈[0, 1] denotes the normalized "
2508.01426v2,2508.01426v2:18728-19961,UniExtreme: A Universal Foundation Model for Extre,0.581,1233,"confirmed, we can infer 𝛼, 𝛽, thereby determining all parameters of the filter B𝑟;𝑛in Equation (5). Thus, our goal is to confirm ˜𝜆and 𝜅for the filters. First, "
2508.01426v2,2508.01426v2:19962-20795,UniExtreme: A Universal Foundation Model for Extre,0.43,833,"2 + MAX𝜅𝜎([R𝑡 𝑟: I𝑡 𝑟]W𝜅+ b𝜅), (8) where W𝜅∈R2𝐶×𝑁, b𝜅∈R𝑁, 𝜎(𝑥) = 1/(1 + 𝑒−𝑥) is the sigmoid function, [:] denotes the concatenation function. Thus, the paramete"
2508.01426v2,2508.01426v2:20796-21952,UniExtreme: A Universal Foundation Model for Extre,0.6,1156,"(11) To determine the weight, we utilize a Convolution Neural Network (CNN) followed by mean pooling to exploit spatial information. In addition, to identify ti"
2508.01426v2,2508.01426v2:21953-23794,UniExtreme: A Universal Foundation Model for Extre,0.722,1841,"normalization [46], which are formulated as: ¥X𝑡 𝑟= ¤X𝑡 𝑟+ FFN(LayerNorm( ¤X𝑡 𝑟)), (15) where ¥X𝑡𝑟∈R𝑎ℎ×𝑎𝑤×𝐶. The modulated states { ¥X𝑡𝑟}𝐻′𝑊′−1 𝑟=0 are merged t"
2508.01426v2,2508.01426v2:23795-25453,UniExtreme: A Universal Foundation Model for Extre,0.7,1658,"𝑟=0 in a specialized way, which aims to capture the hierarchical intraand inter-type discrepancies, along with the coupling impacts of intertwined extremes. Mem"
2508.01426v2,2508.01426v2:25454-26294,UniExtreme: A Universal Foundation Model for Extre,0.496,840,"memory P𝑡𝑟. First, each X𝑡𝑟independently queries memories within each type, through concatenated representations M𝑚= Concat( ¤ M𝑚) ∈ R𝑈×𝑎ℎ×𝑎𝑤×𝐶. To handle the s"
2508.01426v2,2508.01426v2:26295-27567,UniExtreme: A Universal Foundation Model for Extre,0.484,1272,"connection: ˜X𝑡 𝑟= (X𝑡 𝑟+ P𝑡 𝑟)W𝑚+ b𝑚, (22) where W𝑚∈R𝐶×𝐶, b ∈R𝐶. 3.4 Transformer Backbone We instantiate our Transformer backbone with FuXi [6], adapted for si"
2508.01426v2,2508.01426v2:27568-28857,UniExtreme: A Universal Foundation Model for Extre,0.558,1289,9.9643 5.5328 9.6241 9.8824 0.2583 FuXi 9.3014 6.1365 3.1649 14.3104 9.2007 5.1097 9.6914 9.9040 0.2126 OneForecast 9.2762 6.2198 3.0564 14.3574 9.4508 4.9066 9
2508.01426v2,2508.01426v2:28858-30520,UniExtreme: A Universal Foundation Model for Extre,0.672,1662,"into ˆ𝑋𝑡+1 ∈R𝐻×𝑊×𝐶 guWeather [2], FengWu [5], FuXi [6], OneForecast [10]. Metric. Following existing works [10, 20], we adopt three evaluation metrics: Mean Abs"
2508.01426v2,2508.01426v2:30521-32030,UniExtreme: A Universal Foundation Model for Extre,0.478,1509,"dataset contains weather states from 2019-2020 across 69 variables, along with extreme event annotations for 2020. To enable more comprehensive evaluation, we c"
2508.01426v2,2508.01426v2:32031-33879,UniExtreme: A Universal Foundation Model for Extre,0.71,1848,0.2061 3.5650 3.0467 0.5183 0.4004 0.2820 0.1184 UniExtreme 29.4688 27.6502 1.8187 0.6540 0.4888 0.1652 3.1841 2.7648 0.4193 0.3709 0.2517 0.1192 Figure 4: Abla
2508.01426v2,2508.01426v2:33880-35966,UniExtreme: A Universal Foundation Model for Extre,0.765,2086,underscoring the importance of frequency-domain manipulation for improving extreme event predictions. Complete results (see Appendix G) corroborate these conclu
2508.01426v2,2508.01426v2:35967-38216,UniExtreme: A Universal Foundation Model for Extre,0.735,2249,variations improves hierarchical representation compared to flat type-level memory fusion (w/o MF). These findings underscore the essential role of each propose
2508.01426v2,2508.01426v2:38217-40339,UniExtreme: A Universal Foundation Model for Extre,0.75,2122,"Figure 6: Empirical analysis of extreme weather. Extreme Case Analysis. To further demonstrate the superiority of our method in extreme weather scenarios, we co"
2508.01426v2,2508.01426v2:40340-42688,UniExtreme: A Universal Foundation Model for Extre,0.836,2348,"accurate prediction of extreme weather remains an open challenge, with existing methods primarily optimized for general weather conditions. Extreme Weather Fore"
2508.01426v2,2508.01426v2:42689-43175,UniExtreme: A Universal Foundation Model for Extre,0.866,486,"extreme event memories through a hierarchical memory fusion block, to handle diverse and coexisting hazards. Extensive evaluations confirm UniExtreme’s effectiv"
2508.18486v2,2508.18486v2:0-2199,Huracan: A skillful end-to-end data-driven system ,0.783,2199,Huracan: A Skillful End-To-End Data-Driven System for Ensemble Data Assimilation and Weather Prediction arXiv:2508.18486v2 [physics.ao-ph] 24 Jun 2026 Zekun Ni1
2508.18486v2,2508.18486v2:2200-4508,Huracan: A skillful end-to-end data-driven system ,0.826,2308,"NWP systems consist of two components: data assimilation (DA) and the forecasting model. At each issue time, observation data newly produced after the last cycl"
2508.18486v2,2508.18486v2:4509-6801,Huracan: A skillful end-to-end data-driven system ,0.782,2292,"and covariance estimation, linear tangent physics and bias correction [11, 12]; it’s reasonable to believe ML-based data-driven methods may be able to tackle th"
2508.18486v2,2508.18486v2:6802-8822,Huracan: A skillful end-to-end data-driven system ,0.728,2020,"Table 1 summarizes the observations we are using in Huracan. Our training set spans over years 2010 through 2022, while years 2023 and 2024 are reserved for val"
2508.18486v2,2508.18486v2:8823-10757,Huracan: A skillful end-to-end data-driven system ,0.713,1934,"20, 21 CrIS 2012-2024 Level 1b [24–27] Aqua AIRS 2010-2024 Level 1b [28] Hyperspectral IR Sounders Radio Occultation GNSS-RO 2010-2024 Level 2 [29] GOES 16–19 A"
2508.18486v2,2508.18486v2:10758-12749,Huracan: A skillful end-to-end data-driven system ,0.617,1991,"2: Model variables and observation channels per time step used in Huracan. Type #Channels Description Model Variables 65 Atmospheric variables: z, t, u, v, q on"
2508.18486v2,2508.18486v2:12750-15098,Huracan: A skillful end-to-end data-driven system ,0.781,2348,"(T0 + 6h, T0 + 12h), while internally the time dimension is removed by flattening the input. Such configuration stabilizes autoregressive inference and reduces "
2508.18486v2,2508.18486v2:15099-17304,Huracan: A skillful end-to-end data-driven system ,0.8,2205,is trained by fine-tuning the initial forecasting model over ECMWF analysis. This model is then inferenced with ensemble initial conditions from ECMWF ENS to pr
2508.18486v2,2508.18486v2:17305-19057,Huracan: A skillful end-to-end data-driven system ,0.516,1752,"still generally outperforms or matches Huracan-Hybrid on temperature, humidity and wind. To paint a more complete picture of the three ensembles, Figure 5 shows"
2508.18486v2,2508.18486v2:19058-21376,Huracan: A skillful end-to-end data-driven system ,0.814,2318,temperature (2t). at the beginning but lower spread around 3–5 lead days. The initial higher spread should be explained by differences in methodology. in ECMWF 
2508.18486v2,2508.18486v2:21377-23475,Huracan: A skillful end-to-end data-driven system ,0.822,2098,"it includes future observations that Huracan does not. The most remarkable difference though, is that our assimilation only takes one single model step, orders "
2509.09052v1,2509.09052v1:0-2244,MoWE : A Mixture of Weather Experts,0.771,2244,"MOWE : A MIXTURE OF WEATHER EXPERTS Dibyajyoti Chakraborty, Romit Maulik The Pennsylvania State University State College, PA 16801, United States d.chakraborty@"
2509.09052v1,2509.09052v1:2245-4621,MoWE : A Mixture of Weather Experts,0.761,2376,"years since, a large number of datadriven (and hybrid physics-ML) models have been developed, building on early successes and further advancing the state-of-the"
2509.09052v1,2509.09052v1:4622-6967,MoWE : A Mixture of Weather Experts,0.782,2345,"diverse ensembles incorporating multiple source models [27, 28], but these have only been explored at very coarse resolution or with simpler ensembles that just"
2509.09052v1,2509.09052v1:6968-9161,MoWE : A Mixture of Weather Experts,0.684,2193,"each producing a forecast Ei, we can construct a more accurate, synthesized forecast ˆY through a spatitemporally varying weighted combination. The governing eq"
2509.09052v1,2509.09052v1:9162-11416,MoWE : A Mixture of Weather Experts,0.756,2254,"weather map directly. Instead, it outputs a set of pixel-by-pixel ""weight maps""—one for each expert—and a final bias map. A softmax layer is employed at the end"
2509.09052v1,2509.09052v1:11417-13699,MoWE : A Mixture of Weather Experts,0.766,2282,probabilistic forecast skill in the experts. We use the NVIDIA earth2studio1 implementations for each of the models. The MoWE training data consists of independ
2509.09052v1,2509.09052v1:13700-15910,MoWE : A Mixture of Weather Experts,0.754,2210,"MoWE outperforming the mean mixture at all variables and lead times evaluated. To investigate the impact of MoWE model capacity, we perform a minimal ablation s"
2509.09052v1,2509.09052v1:15911-18051,MoWE : A Mixture of Weather Experts,0.775,2140,against the forecast lead time (in hours) for nine different atmospheric variables. Our trained Mixture of Experts (MoWE) model is compared against three indivi
2509.09052v1,2509.09052v1:18052-19728,MoWE : A Mixture of Weather Experts,0.602,1676,"hours, the MoWE uses a balanced contribution from multiple models in the longer-term forecasts. 7 MoWE : A Mixture of Weather Experts Figure 5: This image displ"
2509.09052v1,2509.09052v1:19729-22027,MoWE : A Mixture of Weather Experts,0.797,2298,"(e.g., averaging) shows that the advantages of different experts between models can be isolated to specific locations and lead times. Thus our approach could al"
2509.11047v1,2509.11047v1:0-2418,Data-Efficient Ensemble Weather Forecasting with D,0.812,2418,"Data-Efficient Ensemble Weather Forecasting with Diffusion Models Kevin Valencia Ziyang Liu Justin Cui University of California, Los Angeles {kevinval04, jackie"
2509.11047v1,2509.11047v1:2419-4834,Data-Efficient Ensemble Weather Forecasting with D,0.812,2415,"time sampling, which ensures uniform representation across months, achieves performance close to full-data training across most metrics such as Continuous Ranke"
2509.11047v1,2509.11047v1:4835-7183,Data-Efficient Ensemble Weather Forecasting with D,0.788,2348,"calibration and perceptual quality compared to deterministic baselines [14]. In addition, there has been work to further improve these models architecturally su"
2509.11047v1,2509.11047v1:7184-9463,Data-Efficient Ensemble Weather Forecasting with D,0.751,2279,"the simplicity of these strategies, we find they can approach or even exceed full-data performance on some forecasting metrics, motivating future work on model-"
2509.11047v1,2509.11047v1:9464-11841,Data-Efficient Ensemble Weather Forecasting with D,0.802,2377,entire training period from 1979–2015 and serves as the upper bound in our comparisons. Random. This baseline samples 20% of the training data uniformly at rand
2509.11047v1,2509.11047v1:11842-14329,Data-Efficient Ensemble Weather Forecasting with D,0.809,2487,"not explicitly optimize for diversity or representativeness in feature space, it is guided by a strong domain prior: weather is highly seasonal, and adequate tr"
2509.11047v1,2509.11047v1:14330-15951,Data-Efficient Ensemble Weather Forecasting with D,0.548,1621,sensitive to large errors. CRPS. A probabilistic scoring rule that generalizes RMSE to full distributions. It compares the predicted ensemble distribution to th
2509.11047v1,2509.11047v1:15952-18205,Data-Efficient Ensemble Weather Forecasting with D,0.798,2253,0.90 0.94 Stratified Time 1.33 1.72 2.64 3.37 0.93 0.98 Table 2. Forecast performance for t850 at 5-day/10-day lead times. Figure 1. SSR across sampling methods
2509.11047v1,2509.11047v1:18206-20196,Data-Efficient Ensemble Weather Forecasting with D,0.705,1990,"findings highlight important limitations and opportunities. All sampling baselines we evaluate are manually designed, static, and not data-driven. Additionally,"
2509.11047v1,2509.11047v1:20197-21807,Data-Efficient Ensemble Weather Forecasting with D,0.553,1610,days 5 days 10 days 5 days 10 days AR-24h (full data) 1.62 1.90 3.32 3.85 0.92 0.97 Greedy Diverse 1.78 2.07 3.48 4.01 0.93 0.97 Herding 1.86 2.11 3.61 4.08 0.8
2509.11047v1,2509.11047v1:21808-22831,Data-Efficient Ensemble Weather Forecasting with D,0.76,1023,3.60 4.13 0.94 0.98 Stratified Time 1.79 2.11 3.51 4.10 0.95 0.99 Table 5. Forecast performance for v10 at 5-day and 10-day lead times. Each of these variants w
2509.12490v2,2509.12490v2:0-1925,SamudrACE: Fast and Accurate Coupled Climate Model,0.729,1925,manuscript submitted to Geophysical Research Letters SamudrACE: Fast and Accurate Coupled Climate Modeling with 3D Ocean and Atmosphere Emulators James P. C. Du
2509.12490v2,2509.12490v2:1926-4091,SamudrACE: Fast and Accurate Coupled Climate Model,0.76,2165,"climate model emulator which produces centuries-long simulations at 1degree horizontal, 6-hourly atmospheric, and 5-daily oceanic resolution, with 145 2D fields"
2509.12490v2,2509.12490v2:4092-6167,SamudrACE: Fast and Accurate Coupled Climate Model,0.716,2075,"toward the natural next step in this progression, a global climate model (GCM) emulator, which consists of modular coupled atmosphere, sea ice, land, and ocean "
2509.12490v2,2509.12490v2:6168-8136,SamudrACE: Fast and Accurate Coupled Climate Model,0.712,1968,"El Aouni et al., 2024; Xiong et al., 2023; X. Wang et al., 2024) and for longer-running simulations forced by specified time-evolving atmospheric conditions (Dh"
2509.12490v2,2509.12490v2:8137-10266,SamudrACE: Fast and Accurate Coupled Climate Model,0.757,2129,"handles communication between the two. Specifically, SamudrACE couples the ACE2 (Watt-Meyer et al., 2024) atmosphere and land surface emulator to the Samudra (D"
2509.12490v2,2509.12490v2:10267-12550,SamudrACE: Fast and Accurate Coupled Climate Model,0.781,2283,forward stepping. The 6-hour and 5-day timesteps chosen for the atmosphere and ocean emulators reflect their respective timescales of change on the O(100 km) gr
2509.12490v2,2509.12490v2:12551-14663,SamudrACE: Fast and Accurate Coupled Climate Model,0.725,2112,"RMSE in Figure S1b. 2.4 Pretraining SamudraI Our implementation of Samudra (Dheeshjith et al., 2025) modifies the original protocol as follows: –4– manuscript s"
2509.12490v2,2509.12490v2:14664-16838,SamudrACE: Fast and Accurate Coupled Climate Model,0.804,2174,"we must also predict sea ice. Inspired by the FMS coupler, we treat sea ice as the interface between the ocean’s slow time step and the atmosphere’s fast time s"
2509.12490v2,2509.12490v2:16839-19069,SamudrACE: Fast and Accurate Coupled Climate Model,0.756,2230,"a reduction in global time mean RMSE from 2.265 to 0.355 K. Much of this improvement is realized after only a single epoch of fine-tuning. In the second stage, "
2509.12490v2,2509.12490v2:19070-21331,SamudrACE: Fast and Accurate Coupled Climate Model,0.804,2261,were output as six-hour time-averages between these snapshots. This enables the surface fluxes to be accumulated over 20 atmospheric steps into 5-day averages s
2509.12490v2,2509.12490v2:21332-23502,SamudrACE: Fast and Accurate Coupled Climate Model,0.785,2170,compared to the CM4 simulation at 16 SYPD (0.068 days per second) using 6399 CPU cores on AMD EPYC 7H12 processors. Beyond the brief summary provided in Section
2509.12490v2,2509.12490v2:23503-25649,SamudrACE: Fast and Accurate Coupled Climate Model,0.81,2146,"is another important measure of time mean state on climate timescales. As a critical pathway for carrying warm water into the North Atlantic, the AMOC plays a v"
2509.12490v2,2509.12490v2:25650-27635,SamudrACE: Fast and Accurate Coupled Climate Model,0.734,1985,"shows the time-mean sea ice fraction for the Arctic and Antarctica for the CM4 target, SamudrACE, and the bias. SamudrACE tends to have a larger bias in sea-ice"
2509.12490v2,2509.12490v2:27636-29799,SamudrACE: Fast and Accurate Coupled Climate Model,0.788,2163,anomalies remains realistic across ENSO phases (Figures S8 and S9). 3.4 Decadal coupled variability and the Interdecadal Pacific Oscillation The Interdecadal Pa
2509.12490v2,2509.12490v2:29800-32010,SamudrACE: Fast and Accurate Coupled Climate Model,0.748,2210,"coupling. Skipping the uncoupled pretraining stage may help to avoid this issue by directly optimizing randomly initialized component emulators in coupled mode,"
2509.12490v2,2509.12490v2:32011-34196,SamudrACE: Fast and Accurate Coupled Climate Model,0.797,2185,"temporal resolution used in forcing uncoupled ACE2, and for handling atmosphere-ocean flux and momentum exchange. In its current configuration and training on a"
2509.12490v2,2509.12490v2:34197-34517,SamudrACE: Fast and Accurate Coupled Climate Model,0.812,320,"manuscript draft for improved clarity and succinctness, using the following models: Google Gemini 2.5 Flash and 2.5 Pro, and Anthropic Claude Sonnet 4 and Opus "
2509.25263v3,2509.25263v3:0-2155,How Effective Are Time-Series Models for Precipita,0.81,2155,"IEEE TRANSACTIONS ON GEOSCIENCE AND REMOTE SENSING, VOL. 14, NO. 8, OCTOBER 2025 1 How Effective Are Time-Series Models for Precipitation Nowcasting? A Comprehe"
2509.25263v3,2509.25263v3:2156-4087,How Effective Are Time-Series Models for Precipita,0.808,1931,"4 Nov 2025 Index Terms—Time-Series Model, Precipitation Nowcasting, GNSS-PWV, Benchmark. Yifang Zhang is with the Sanya Science and Education Innovation Park, W"
2509.25263v3,2509.25263v3:4088-6400,How Effective Are Time-Series Models for Precipita,0.825,2312,"in real-world meteorology scenarios, and do not adequately assess model performance on rainfall prediction—one of the most critical atmospheric variables. This "
2509.25263v3,2509.25263v3:6401-8684,How Effective Are Time-Series Models for Precipita,0.813,2283,"while the evaluation layer encompasses multi-scale prediction, multi-resolution forecasting, and extreme rainfall assessment. 1. MLP-based 3. Transformer-based "
2509.25263v3,2509.25263v3:8685-10916,How Effective Are Time-Series Models for Precipita,0.778,2231,"scale 3. Extreme Rainfall Events 3. ERA5 ERA5:T2M, SP, wind speed, rainfall events. Through a comprehensive evaluation, we identify that existing models often o"
2509.25263v3,2509.25263v3:10917-13108,How Effective Are Time-Series Models for Precipita,0.801,2191,"network, which was validated using data collected between 2021 and 2023 from the GNSS meteorology station located on the roof of the LaMMA Consortium in Sesto F"
2509.25263v3,2509.25263v3:13109-15521,How Effective Are Time-Series Models for Precipita,0.801,2412,"but also limits the systematic evaluation of model generalization under diverse meteorological conditions, which is critical for real-world deployment and opera"
2509.25263v3,2509.25263v3:15522-17617,How Effective Are Time-Series Models for Precipita,0.736,2095,"III-C, and III-D describe the components of the data layer, Section III-F details the model layer, and Section F covers the evaluation layer. A. Problem Definit"
2509.25263v3,2509.25263v3:17618-19935,How Effective Are Time-Series Models for Precipita,0.833,2317,"of raw GNSS data, providing products for a vast global network that encompasses over 19,000 stations. This unparalleled global coverage enable RainfallBnech to "
2509.25263v3,2509.25263v3:19936-22260,How Effective Are Time-Series Models for Precipita,0.784,2324,"temperature and wind speed data are required. For this purpose, RainfallBench incorporates data from ERA5-Land, a global atmospheric reanalysis product generate"
2509.25263v3,2509.25263v3:22261-24451,How Effective Are Time-Series Models for Precipita,0.616,2190,"discontinuous and highly variational field. Using an interpolation method like the bilinear technique would artificially smooth the data, averaging out high-int"
2509.25263v3,2509.25263v3:24452-26027,How Effective Are Time-Series Models for Precipita,0.531,1575,"observation. 1) Data Overview: Specifically, for the HKST station, we utilize a real-world meteorological dataset spanning from January 1, 2018, 00:00 to Januar"
2509.25263v3,2509.25263v3:26028-27766,How Effective Are Time-Series Models for Precipita,0.57,1738,-0.01 0.04 1.00 0.05 0.11 -0.00 -0.02 0.05 1.00 0.08 0.15 0.70 -0.76 0.42 0.06 1.00 0.27 0.51 -0.57 0.29 0.05 1.00 0.31 0.72 -0.77 0.42 0.08 1.00 0.41 0.04 -0.1
2509.25263v3,2509.25263v3:27767-29901,How Effective Are Time-Series Models for Precipita,0.746,2134,"3) Analysis of Data Properties: RainfallBench introduces three key properties that distinguish it from standard time series benchmarks: (i) zero inflation, (ii)"
2509.25263v3,2509.25263v3:29902-31858,How Effective Are Time-Series Models for Precipita,0.701,1956,"γxt−1 + δi∆xt−i + εt (2) i=1 where ∆xt = xt −xt−1 is the first-order difference, γ measures the strength of the unit root, and εt is white noise. ADF tests the "
2509.25263v3,2509.25263v3:31859-33798,How Effective Are Time-Series Models for Precipita,0.705,1939,"Multi-Forecast Resolution Evaluation. In this evaluation, we keep the input data at a fixed temporal resolution of 1 hour, while assessing model performance und"
2509.25263v3,2509.25263v3:33799-35283,How Effective Are Time-Series Models for Precipita,0.609,1484,"in precipitation forecasting, we propose the BFPF, a plug-and-play module for transformerbased models. It consists of two key components: Non-Zero Focus and Tem"
2509.25263v3,2509.25263v3:35284-37442,How Effective Are Time-Series Models for Precipita,0.691,2158,detect sudden rainfall spikes within extended dry periods. It consists of two components: a Non-Zero Context Encoding module that adjusts attention based on val
2509.25263v3,2509.25263v3:37443-38766,How Effective Are Time-Series Models for Precipita,0.471,1323,"is defined as:  0  , . . . , LK −1 , 1 p = α · (12) LK LK LK where α is a learnable scaling factor. This bias is broadcasted to match the shape of S and added"
2509.25263v3,2509.25263v3:38767-39715,How Effective Are Time-Series Models for Precipita,0.094,948,4.3240 0.5598 0.8413 0.2634 0.0000 0.0000 1.5220 0.3105 xLSTM NIPS 2024 1.3002 0.4240 1.9704 0.3838 0.3625 0.1144 1.5989 0.4228 3.7109 0.5639 0.7573 0.2500 0.00
2509.25263v3,2509.25263v3:39716-40674,How Effective Are Time-Series Models for Precipita,0.109,958,0.0000 1.4814 0.2499 TimeKAN ICLR 2025 1.4101 0.3217 2.0198 0.3495 0.3780 0.0933 1.7112 0.3179 4.0501 0.4641 0.8361 0.2141 0.0000 0.0000 1.4865 0.2515 Informer 
2509.25263v3,2509.25263v3:40675-42244,How Effective Are Time-Series Models for Precipita,0.593,1569,1.4226 0.3656 2.0473 0.3926 0.3730 0.1010 1.6722 0.3464 4.0025 0.5199 0.8152 0.2336 0.0000 0.0003 \ \ Fig. 7. Model ranking based on average performance. The le
2509.25263v3,2509.25263v3:42245-43991,How Effective Are Time-Series Models for Precipita,0.713,1746,0.2650 0.2668 0.2673 0.2674 0.2700 0.2730 0.2499 0.2513 0.2515 0.2525 Ours Koopa xPatch DLinear xLSTM SegRNN FilterTS MSGNet TimeXer TimesNet TimeKAN Informer P
2509.25263v3,2509.25263v3:43992-45990,How Effective Are Time-Series Models for Precipita,0.759,1998,summer (November–March) and a dry winter season. The region experiences high average annual temperatures. This station has a completeness rate of 99.64%. ARTA (
2509.25263v3,2509.25263v3:45991-48211,How Effective Are Time-Series Models for Precipita,0.869,2220,Dataset Perspective) RQ3: Do our proposed Bi-Focus Precipitation Forecaster improve the performance of Transformer-based models? (Effect Analysis of Bi-Focus Pr
2509.25263v3,2509.25263v3:48212-50005,How Effective Are Time-Series Models for Precipita,0.713,1793,"followed by PatchTST, demonstrating their strong capability in reducing absolute prediction errors. D. RQ2: Analysis from the Dataset Perspective From a dataset"
2509.25263v3,2509.25263v3:50006-51253,How Effective Are Time-Series Models for Precipita,0.464,1247,Dlinear Dlinear Dlinear Informer Informer Informer TimeFilter TimeFilter TimeFilter TimeKAN TimeKAN TimeKAN AT THE BFTA STATION. “24(2)” DENOTES AN INPUT SEQUEN
2509.25263v3,2509.25263v3:51254-52346,How Effective Are Time-Series Models for Precipita,0.333,1092,1.4067 2.0600 0.3900 0.3857 0.3815 0.3780 ZIMM 2.0258 0.3805 2.0124 2.0217 2.0269 2.0198 2.0400 0.3850 J340 2.01252.0155 P095 1.3633 0.3804 0.37940.3800 1.36 1.
2509.25263v3,2509.25263v3:52347-54290,How Effective Are Time-Series Models for Precipita,0.725,1943,0.8255 0.8318 0.8354 0.8361 0.84 1.7 MTLA ARTA BFTA 0.8211 4 1.6673 0.82 3.8501 12(6) 1.65 0.795 0.7972 1.6303 3.9 （ （ （ 3.8286 3.8603 1.6209 0.7979 0.8 24(6) 3
2509.25263v3,2509.25263v3:54291-55810,How Effective Are Time-Series Models for Precipita,0.516,1519,"performance. Incorporating either module individually yields noticeable gains over the baseline, and combining both achieves the best results across multiple fo"
2509.25263v3,2509.25263v3:55811-57055,How Effective Are Time-Series Models for Precipita,0.382,1244,"forecasting and conducted experiments on six stations excluding FLM5, as the MSE values at FLM5 are all zero and thus not informative for analysis. 1.9831 1.987"
2509.25263v3,2509.25263v3:57056-58345,How Effective Are Time-Series Models for Precipita,0.401,1289,"are shown for different output time resolutions (1h, 2h, 3h) using six representative models from different architectures. IEEE TRANSACTIONS ON GEOSCIENCE AND R"
2509.25263v3,2509.25263v3:58346-59569,How Effective Are Time-Series Models for Precipita,0.356,1223,0.33 0.0950 0.3456 0.3463 0.3415 0.3495 0.3504 0.3467 0.0938 0.0924 0.3217 0.3215 0.325 0.31 0.0940 0.0930 0.0900 0.33 1h 2h 3h 1h 2h 3h 1h 2h 3h ） ） ） 0.2800 0
2509.25263v3,2509.25263v3:59570-61887,How Effective Are Time-Series Models for Precipita,0.78,2317,0.3000 0.4200 1h 2h 3h 1h 2h 3h 1h 2h 3h Fig. 11. Comparison of MAE results under the setting where the input resolution is fixed at 1h with a sequence length o
2509.25263v3,2509.25263v3:61888-63916,How Effective Are Time-Series Models for Precipita,0.758,2028,"higher predictive accuracy. H. RQ6: Extreme Rainfall Evaluation For the J340 station, where rainfall exhibits high temporal variability, the models demonstrate "
2509.25263v3,2509.25263v3:63917-65407,How Effective Are Time-Series Models for Precipita,0.585,1490,"enhanced robustness by tolerating shortterm fluctuations while maintaining reasonable accuracy. At ZIMM, the 2-hour setting further stabilizes the predictions b"
2509.25263v3,2509.25263v3:65408-66420,How Effective Are Time-Series Models for Precipita,0.108,1012,3.1600 39.9339 4.0988 34.8533 3.6268 34.3196 4.2915 59.0556 4.7225 24.8719 3.7037 34.0477 3.9655 P-sLSTM AAAI 2025 19.9303 3.2200 40.5985 4.1889 35.6345 3.7077 
2509.25263v3,2509.25263v3:66421-67626,How Effective Are Time-Series Models for Precipita,0.344,1205,35.3396 3.6302 33.8138 4.3066 58.0322 4.5754 25.5998 3.8338 35.4618 3.8719 PatchTST ICLR 2023 24.3824 3.8322 40.5208 4.3523 36.5113 3.8016 38.7469 4.7452 66.902
2509.25263v3,2509.25263v3:67627-69871,How Effective Are Time-Series Models for Precipita,0.865,2244,capture long-range dependencies and rare but impactful rainfall events. 2) Transformer-based architectures exhibit competitive yet inconsistent performance: The
2510.03305v1,2510.03305v1:0-2253,Machine Learning Workflows in Climate Modeling: De,0.789,2253,"Machine Learning Workflows in Climate Modeling: Design Patterns and Insights from Case Studies∗ Tian Zheng1,2,†, Subashree Venkatasubramanian2, Shuolin Li2,3, A"
2510.03305v1,2510.03305v1:2254-4705,Machine Learning Workflows in Climate Modeling: De,0.823,2451,"the Earth with Artificial Intelligence and Physics (LEAP) Science and Technology Center (STC)(Award No.2019625). 1 emulation [Rasp et al., 2018, Chen et al., 20"
2510.03305v1,2510.03305v1:4706-7028,Machine Learning Workflows in Climate Modeling: De,0.773,2322,"have advocated for this need for transparency in ML-enabled data science. A 2014 editorial in Science [McNutt, 2014] highlighted the broader scientific importan"
2510.03305v1,2510.03305v1:7029-9401,Machine Learning Workflows in Climate Modeling: De,0.822,2372,"4 with a discussion of open challenges and opportunities for further research on reproducibility and online evaluation, scalability, and integration with scient"
2510.03305v1,2510.03305v1:9402-11895,Machine Learning Workflows in Climate Modeling: De,0.836,2493,"need for more reliable climate projections increases, climate modeling faces a growing set of bottlenecks: increasing model complexity, rising computational cos"
2510.03305v1,2510.03305v1:11896-14237,Machine Learning Workflows in Climate Modeling: De,0.771,2341,"Each edge represents a relationship: models are guided by physics, constrained and validated by data, and increasingly augmented by machine learning for flexibi"
2510.03305v1,2510.03305v1:14238-16649,Machine Learning Workflows in Climate Modeling: De,0.806,2411,thereby bridging Python machine learning workflows with Fortran-based simulations (Case Study 1b: ClimSim). These approaches aim to reduce computational cost wh
2510.03305v1,2510.03305v1:16650-19141,Machine Learning Workflows in Climate Modeling: De,0.783,2491,global ocean (Case Study 3b: Transfer Learning for pCO2 Upscaling). The model is first trained on simulated data and then finetuned with real observations using
2510.03305v1,2510.03305v1:19142-21737,Machine Learning Workflows in Climate Modeling: De,0.855,2595,formulate the problem in a way that is scientifically meaningful and 6 Figure 2: Machine learning workflow for climate modeling. Applying machine learning to Ea
2510.03305v1,2510.03305v1:21738-24085,Machine Learning Workflows in Climate Modeling: De,0.78,2347,"into account not only representativeness, resolution, uncertainty, and coverage, but also the specific training and deployment needs implied by the chosen model"
2510.03305v1,2510.03305v1:24086-26549,Machine Learning Workflows in Climate Modeling: De,0.845,2463,"processes. for Remote Sensing), machine learning enabled simulations were used to create synthetic datasets for retrieval problems, allowing a rigorous quantifi"
2510.03305v1,2510.03305v1:26550-29159,Machine Learning Workflows in Climate Modeling: De,0.849,2609,"setting, training was framed as learning an operator rather than a pointwise predictor, with the objective extending beyond mean-squared error to include physic"
2510.03305v1,2510.03305v1:29160-31812,Machine Learning Workflows in Climate Modeling: De,0.876,2652,"Benchmarking for Subseasonal Forecasting) compared architectures for subseasonal-to-seasonal forecasting, where model choice depends on both data availability a"
2510.03305v1,2510.03305v1:31813-34422,Machine Learning Workflows in Climate Modeling: De,0.873,2609,"The deployment and evaluation stage is especially critical in climate modeling, where machine learning components are integrated into larger Earth system models"
2510.03305v1,2510.03305v1:34423-36954,Machine Learning Workflows in Climate Modeling: De,0.864,2531,"of training data, objective function, or model choice. Case Study 3a (ChaosBench Benchmarking for Subseasonal Forecasting) illustrates this principle: benchmark"
2510.03305v1,2510.03305v1:36955-39545,Machine Learning Workflows in Climate Modeling: De,0.839,2590,"more transparent and shareable workflows. Interpretability also remains an open question. While some workflows benefit from inherently explainable models, many "
2510.03305v1,2510.03305v1:39546-41511,Machine Learning Workflows in Climate Modeling: De,0.635,1965,"climate model (Figure S1, left). These simulations provide paired inputs and outputs. In the offline training phase (Figure S1, center), a machine learning mode"
2510.03305v1,2510.03305v1:41512-43669,Machine Learning Workflows in Climate Modeling: De,0.744,2157,et al. [2021] • Spherical FNO (SFNO): T = FSHT (Spherical Harmonic Transform); this architecture is designed for global weather and climate fields on the sphere
2510.03305v1,2510.03305v1:43670-45863,Machine Learning Workflows in Climate Modeling: De,0.758,2193,"−uT L2 | {z } data loss In practice, FNO Li et al. [2021] and SFNO Bonev et al. [2023] both minimize this L2 term. However there are alternative approaches, suc"
2510.03305v1,2510.03305v1:45864-48105,Machine Learning Workflows in Climate Modeling: De,0.74,2241,"to support the development of machine learning parameterizations for processes L(θ) = 2 Gθ(u0) −uT L(θ) = L2 | {z } data loss 16 2 2 R{Gθ(u0)} + , L2 | {z } PDE"
2510.03305v1,2510.03305v1:48106-50578,Machine Learning Workflows in Climate Modeling: De,0.795,2472,"of high-dimensional regression machine learning models: f : X →Y , which accurately map resolved high-dimensional atmospheric inputs X to subgrid high-dimension"
2510.03305v1,2510.03305v1:50579-52872,Machine Learning Workflows in Climate Modeling: De,0.77,2293,climate models are built to approximate the behavior of Earth’s systems by numerically solving the physical equations that govern their dynamics. These equation
2510.03305v1,2510.03305v1:52873-55204,Machine Learning Workflows in Climate Modeling: De,0.832,2331,"u, ∇u, . . . for the subgrid stress τ as an explicit function of resolved velocity fields u. The training data were based on high-resolution simulations from th"
2510.03305v1,2510.03305v1:55205-57438,Machine Learning Workflows in Climate Modeling: De,0.801,2233,"Porta Mana and Zanna [2014], which yields a compact, interpretable formula and matches offline statistics closely but requires similar attenuation/tuning to rem"
2510.03305v1,2510.03305v1:57439-59591,Machine Learning Workflows in Climate Modeling: De,0.693,2152,"coarser grid if not accounted for correctly. The subgrid forcing plays the same role as a parameterization, as it approximates the influence of finer-scale proc"
2510.03305v1,2510.03305v1:59592-61584,Machine Learning Workflows in Climate Modeling: De,0.643,1992,"the mean-squared error (MSE). Model development. During model development, circular padding was used to respect the periodic boundaries of the simulation domain"
2510.03305v1,2510.03305v1:61585-63743,Machine Learning Workflows in Climate Modeling: De,0.698,2158,"−fsim2(k) k∈K dz, (3) Fsim1(f; z) −Fsim2(f; z) i q(t) sim1(q0), q(t)    ≤δ t : Corr sim2(q0 + ϵ) , (4a) Using these diagnostic distances in Equations. (2)–(4b)"
2510.03305v1,2510.03305v1:63744-65798,Machine Learning Workflows in Climate Modeling: De,0.693,2054,"Figure S2 is a conceptual diagram of a remote sensing observing system. At a given location s = (lat, lon) and time t, the true state of Earth system is represe"
2510.03305v1,2510.03305v1:65799-67873,Machine Learning Workflows in Climate Modeling: De,0.658,2074,"true state vector X(s) at a pixel s is a vector of length dX = 287, comprised of a 285-dimensional surface reflectance spectrum, and two additional quantities t"
2510.03305v1,2510.03305v1:67874-70229,Machine Learning Workflows in Climate Modeling: De,0.781,2355,"Station in July 2022 with a primary mission of collecting data that quantifies abundance of ten surface minerals between 50◦S and 50◦N latitude over Africa, Asi"
2510.03305v1,2510.03305v1:70230-72453,Machine Learning Workflows in Climate Modeling: De,0.701,2223,"this structure is a non-stationary Gaussian Process over the entire spatial field. This model enables the simulation of new realizations by sampling X∗ m, m = 1"
2510.03305v1,2510.03305v1:72454-74576,Machine Learning Workflows in Climate Modeling: De,0.661,2122,joint distribution Proposal for Proposal for Forward Function F X Simulatior Uncertainty Quantification it. m = ˆF(X∗ Y† m = Y∗ m /< D∗ M Y†  This module ensur
2510.03305v1,2510.03305v1:74577-76763,Machine Learning Workflows in Climate Modeling: De,0.711,2186,"to capture. In the example of one single snapshot for EMIT, we treat the first two principal components, which are associated with large-scale trends, as fixed,"
2510.03305v1,2510.03305v1:76764-78446,Machine Learning Workflows in Climate Modeling: De,0.514,1682,"with observations is computationally expensive and error-prone Hannart et al. [2016], Carrassi et al. [2017], Metref et al. [2019]. Data assimilation that impro"
2510.03305v1,2510.03305v1:78447-81033,Machine Learning Workflows in Climate Modeling: De,0.788,2586,"Instead of learning to reproduce specific time series trajectories, the machine learning model is trained to emulate the distributional behavior of the system. "
2510.03305v1,2510.03305v1:81034-83061,Machine Learning Workflows in Climate Modeling: De,0.66,2027,"transformation. For the objective function, the cNF parameters are trained by minimizing the negative log-likelihood of observed state distributions: where NN(x"
2510.03305v1,2510.03305v1:83062-85266,Machine Learning Workflows in Climate Modeling: De,0.737,2204,"∗ = arg min X (Xk) , (7) F providing a confidence set for the inferred parameter. Their framework has been validated on three test cases with known F values. Th"
2510.03305v1,2510.03305v1:85267-87217,Machine Learning Workflows in Climate Modeling: De,0.699,1950,ChaosBench project to evaluate the predictive skills of machine learning emulators in the sub-seasonal to seasonal range. Let Xt ∈RH×W×C denote the full state o
2510.03305v1,2510.03305v1:87218-89308,Machine Learning Workflows in Climate Modeling: De,0.773,2090,"Pangu-Weather Kaifeng Bi et al. [2022], FourCastNetV2 Pathak et al. [2022], and GraphCast Remi Lam et al. [2022] are pre-trained numerical weather prediction su"
2510.03305v1,2510.03305v1:89309-91263,Machine Learning Workflows in Climate Modeling: De,0.685,1954,"to make forecasts on the test data. In addition to MSE, the forecasts were evaluated using vision-based metrics to assess accuracy and similarity with ground tr"
2510.03305v1,2510.03305v1:91264-93313,Machine Learning Workflows in Climate Modeling: De,0.759,2049,and distance to coast (D2C). Latitude and longitude are also included as features. The resulting tabular dataset treats each ocean pixel and time point as an in
2510.03305v1,2510.03305v1:93314-93875,Machine Learning Workflows in Climate Modeling: De,0.848,561,"only 2–5% of parameters are unfrozen, and early stopping is applied. This allows the model to integrate sparse observations while preserving physically informed"
2512.01062v1,2512.01062v1:0-2177,PIANO: Physics-informed Dual Neural Operator for P,0.802,2177,PIANO: Physics-informed Dual Neural Operator for Precipitation Nowcasting Seokhyun Chin California Institute of Technology Junghwan Park Woojin Cho TelePIX Seou
2512.01062v1,2512.01062v1:2178-4398,PIANO: Physics-informed Dual Neural Operator for P,0.754,2220,"et al., 2023], and GraphCast [Lam et al., 2023] have shown comparable performance to traditional NWP methods in data-driven approaches. However, these weather f"
2512.01062v1,2512.01062v1:4399-6275,PIANO: Physics-informed Dual Neural Operator for P,0.701,1876,"networks (PINN) loss [Raissi et al., 2019, Dabrowski et al., 2023, Cho et al., 2024] and data driven loss. The Time-stepping Neural Operator (T-NO) is a datadri"
2512.01062v1,2512.01062v1:6276-7993,PIANO: Physics-informed Dual Neural Operator for P,0.653,1717,"study, T-NO takes eight time steps as input and output predictions of the next eight time steps, and V-NO takes eight time steps and outputs eight velocity fiel"
2512.01062v1,2512.01062v1:7994-9726,PIANO: Physics-informed Dual Neural Operator for P,0.641,1732,standard supervised reconstruction loss comparing the predicted frames to the ground-truth future frames. Let ˆut denote the T-NO prediction for time t and ut t
2512.01062v1,2512.01062v1:9727-11356,PIANO: Physics-informed Dual Neural Operator for P,0.528,1629,Andrychowicz et al. [2023]) models due to it not performing our specific task. Models are trained on a singular RTX 5090 with a batch size of three. 3 Table 1: 
2512.01062v1,2512.01062v1:11357-13256,PIANO: Physics-informed Dual Neural Operator for P,0.627,1899,"the middle regions of images) in velocity, which is in line with the previously known trend of the atmosphere over South Korea [Baek et al., 2015]. Figure 2: Vi"
2512.01062v1,2512.01062v1:13257-14510,PIANO: Physics-informed Dual Neural Operator for P,0.733,1253,0.376 0.431 0.482 0.532 0.580 PIANO (α = 0.0) 0.202 0.260 0.320 0.375 0.430 0.480 0.529 0.576 It is clear that the value of α must be selected carefully; both o
2512.05323v1,2512.05323v1:0-2148,Robustness Test for AI Forecasting of Hurricane Fl,0.785,2148,Generated using the official AMS LATEX template v6.1 Robustness Test for AI Forecasting of Hurricane Florence Using FourCastNetv2 and Random Perturbations of th
2512.05323v1,2512.05323v1:2149-4566,Robustness Test for AI Forecasting of Hurricane Fl,0.774,2417,of an AI weather forecasting model must be quantified for forecasters to have confidence using the tool. This paper provides a robustness test of NVIDIA’s AI we
2512.05323v1,2512.05323v1:4567-6660,Robustness Test for AI Forecasting of Hurricane Fl,0.712,2093,"but continues to follow the general direction of the storm. 3 Fig. 1. The wind velocity field of Hurricane Florence at 18:00 UTC, September 13, 2018: Wind speed"
2512.05323v1,2512.05323v1:6661-8931,Robustness Test for AI Forecasting of Hurricane Fl,0.756,2270,and application procedure are described in Section 2c. Each of the shown predictions are the median outcome of 30 runs of each noise level in terms of cumulativ
2512.05323v1,2512.05323v1:8932-10920,Robustness Test for AI Forecasting of Hurricane Fl,0.665,1988,"perturbed with varying amounts of Gaussian noise. We also test how FCNv2 handles unexpected inputs by generating forecasts from fully randomized initial states,"
2512.05323v1,2512.05323v1:10921-12984,Robustness Test for AI Forecasting of Hurricane Fl,0.701,2063,Mean sea level pressure Pa 𝑇𝐶𝑊𝑉 Total column water vapor kg/m2 𝑧𝑝 Geopotential height at pressure level 𝑝hPa m 𝑇𝑝 Temperature at pressure level 𝑝hPa K 𝑢𝑝 Zonal 
2512.05323v1,2512.05323v1:12985-14568,Robustness Test for AI Forecasting of Hurricane Fl,0.685,1583,"UTC, 2018. These forecasts are evaluated in two ways: (i) Tracking the eye of Hurricane Florence using the local minimum MSL pressure to analyze trajectory pred"
2512.05323v1,2512.05323v1:14569-16934,Robustness Test for AI Forecasting of Hurricane Fl,0.811,2365,"trajectory error (MTE; explained in Section 2d), are visualized and studied more closely. Fig. 3 displays examples of the initial condition with varying levels "
2512.05323v1,2512.05323v1:16935-19012,Robustness Test for AI Forecasting of Hurricane Fl,0.773,2077,"longitude), we also calculate pixelwise 10 mean biased error 𝜀𝑥(𝐿) between the forecast 𝑓𝑥(𝐿) and true 𝑡𝑥(𝐿) data as 𝜀𝑥(𝐿) = 𝑓𝑥(𝐿) −𝑡𝑥(𝐿), (4) meaning that posi"
2512.05323v1,2512.05323v1:19013-21328,Robustness Test for AI Forecasting of Hurricane Fl,0.793,2315,"supplemental animations offer a dynamic visualization of forecasted MSL pressure (depicted by the background heatmaps) and wind vectors (depicted by the arrows,"
2512.05323v1,2512.05323v1:21329-23382,Robustness Test for AI Forecasting of Hurricane Fl,0.808,2053,"(a) and (b) are for 0% noise added (original data), (c) and (d) for 5% noise added, (e) and (f) for 20% noise added, and (g) and (h) for 50% noise added. Panels"
2512.05323v1,2512.05323v1:23383-25581,Robustness Test for AI Forecasting of Hurricane Fl,0.813,2198,"(mean, standard deviation, skewness, kurtosis) of MSL pressure errors at different noise levels: (a) 0% noise added, (b) 5% noise added, (c) 20% noise added, an"
2512.05323v1,2512.05323v1:25582-27980,Robustness Test for AI Forecasting of Hurricane Fl,0.81,2398,"However, this behavior is not consistent across all forecasted variables. Our analysis has focused on MSL pressure since it is used for tracking Hurricane Flore"
2512.05323v1,2512.05323v1:27981-30294,Robustness Test for AI Forecasting of Hurricane Fl,0.843,2313,"the hurricane structure and track, as the initial structure is mostly intact (Fig. 5). Larger perturbations (≥20% noise added) significantly increase MTE and re"
2512.05323v1,2512.05323v1:30295-32656,Robustness Test for AI Forecasting of Hurricane Fl,0.826,2361,"together, these experiments show that FCNv2 is robust in several aspects. It maintains accurate hurricane tracks under moderate perturbations, actively reduces "
2512.05323v1,2512.05323v1:32657-34926,Robustness Test for AI Forecasting of Hurricane Fl,0.797,2269,"tends to dampen variability and converge toward stable states. Although this tendency contributes to robustness to imperfect initial conditions, it may also sup"
2512.05323v1,2512.05323v1:34927-36441,Robustness Test for AI Forecasting of Hurricane Fl,0.815,1514,the MSL pressure mean biased error at the final timestep. There are patterns parallel to the regional analysis of the error distributions widening with low init
2512.07429v1,2512.07429v1:0-2279,Bridging CORDEX and CMIP6: Machine Learning Downsc,0.802,2279,Bridging CORDEX and CMIP6: Machine Learning Downscaling for Wind and Solar Energy Droughts in Central Europe Reto Knutti Institute for Atmospheric and Climate S
2512.07429v1,2512.07429v1:2280-4459,Bridging CORDEX and CMIP6: Machine Learning Downsc,0.756,2179,impact studies such as those related to renewable energy. The transition to renewable energy sources is widely recognized as a central element of future energy 
2512.07429v1,2512.07429v1:4460-6608,Bridging CORDEX and CMIP6: Machine Learning Downsc,0.742,2148,"into applied impact studies remains limited, with practical uptake lagging behind methodological progress [Fowler et al., 2025]. A major challenge lies in estab"
2512.07429v1,2512.07429v1:6609-8443,Bridging CORDEX and CMIP6: Machine Learning Downsc,0.684,1834,"et al., 2016], and CORDEX [Jacob et al., 2014]. Table 1 summarizes the CMIP5 and CORDEX global and regional climate models used in this study. The variables sel"
2512.07429v1,2512.07429v1:8444-10355,Bridging CORDEX and CMIP6: Machine Learning Downsc,0.694,1911,"time horizons analyzed, ERA5-land serves as a reference point to contextualize the magnitude of observed drought events. 2 Table 1: RCM–GCM combinations in the "
2512.07429v1,2512.07429v1:10356-12454,Bridging CORDEX and CMIP6: Machine Learning Downsc,0.751,2098,"We use a smaller batch size of 64, and train until convergence: first, the U-Net for 4 million training samples and, afterwards, the diffusion model for 24 mill"
2512.07429v1,2512.07429v1:12455-14654,Bridging CORDEX and CMIP6: Machine Learning Downsc,0.802,2199,"step. We also investigate the spatial patterns of drought events, where we compute p and the relative amount of drought days at each grid point. We define the t"
2512.07429v1,2512.07429v1:14655-16821,Bridging CORDEX and CMIP6: Machine Learning Downsc,0.766,2166,We also analyze the original CORDEX data to provide a baseline understanding of the evolution of drought days. To quantify differences in the spatial patterns o
2512.07429v1,2512.07429v1:16822-18481,Bridging CORDEX and CMIP6: Machine Learning Downsc,0.646,1659,in seasons with drought days. Agreement describes the percentage of models or samples that agree on the sign of ∆mean. Dataset Season ∆mean [%] ∆mean [days] ∆st
2512.07429v1,2512.07429v1:18482-20245,Bridging CORDEX and CMIP6: Machine Learning Downsc,0.709,1763,"cautiously. Emulated CMIP5 RCM CMIP5 GCM CMIP5 Figure 1: Number of co-occurring low wind and solar radiation days in the original RCMs from CORDEX, emulated RCM"
2512.07429v1,2512.07429v1:20246-22329,Bridging CORDEX and CMIP6: Machine Learning Downsc,0.825,2083,"emulated RCM show very similar patterns, with only small changes in magnitude. Comparable results are observed for the average solar radiation (second column) a"
2512.07429v1,2512.07429v1:22330-24190,Bridging CORDEX and CMIP6: Machine Learning Downsc,0.594,1860,both CMIP5 and CMIP6 indicate that changes in compound drought days are more pronounced at higher spatial resolutions. 3.1.1 Spatial consistency 300 Drought day
2512.07429v1,2512.07429v1:24191-26328,Bridging CORDEX and CMIP6: Machine Learning Downsc,0.779,2137,"expected, considering more samples increases the likelihood of more extreme values, i.e. more drought days: the maximum number of drought days rises from 20 (10"
2512.07429v1,2512.07429v1:26329-28573,Bridging CORDEX and CMIP6: Machine Learning Downsc,0.765,2244,"demonstrating its ability to capture regional patterns. When applied to CMIP6, the overall change in drought days is slightly smaller than in CORDEX, reflecting"
2512.07429v1,2512.07429v1:28574-30838,Bridging CORDEX and CMIP6: Machine Learning Downsc,0.818,2264,"decrease toward the end of the century, highlighting how training data, model setup, and the definition of a drought event can influence projections of future e"
2512.07429v1,2512.07429v1:30839-33156,Bridging CORDEX and CMIP6: Machine Learning Downsc,0.801,2317,because it avoids the need for bias correction and does not require transforming wind speed or solar radiation into capacity factors. We identify droughts based
2512.07429v1,2512.07429v1:33157-35392,Bridging CORDEX and CMIP6: Machine Learning Downsc,0.743,2235,"applications but also for broader uncertainty and variability assessments in other domains. The generative framework of ML models, such as CorrDiff and EnScale,"
2512.07429v1,2512.07429v1:35393-37379,Bridging CORDEX and CMIP6: Machine Learning Downsc,0.678,1986,GCM CMIP5 ERA5 land (2014-2023) 2030-39 2090-99 60 50 Drought days 40 30 20 10 0 Spring Summer Autumn Winter Spring Summer Autumn Winter Figure A.1: Comparison 
2512.07429v1,2512.07429v1:37380-39275,Bridging CORDEX and CMIP6: Machine Learning Downsc,0.728,1895,"Emulated CMIP5 GCM CMIP5 Autumn Winter Figure B.1: Number of co-occurring low wind and solar days in the original RCMs, emulated RCMs, and GCMs for the periods "
2512.07429v1,2512.07429v1:39276-39433,Bridging CORDEX and CMIP6: Machine Learning Downsc,0.037,157,Drought days 200 100 0 16 80 4 60 3 W/m2 m/s 40 2 20 1 0 0 80 4 60 3 W/m2 m/s 40 2 20 1 0 0 80 4 60 3 W/m2 m/s 40 2 20 1 0 0 80 4 60 3 W/m2 m/s 40 2 20 1 0 0
2512.15222v1,2512.15222v1:0-2051,Huayu: Advanced Real-Time Precipitation Estimation,0.771,2051,"Huayu: Advanced Real-Time Precipitation Estimation from Geostationary Satellite Zijiang Song1,2, Ting Liu1,2, Lina Yuan1,2*, Yuying Li1,2, Ao Xu1,2, Xigang Sun3"
2512.15222v1,2512.15222v1:2052-4225,Huayu: Advanced Real-Time Precipitation Estimation,0.767,2173,infrared observations from the FengYun-4B geostationary satellite to provide a more accurate precipitation estimate at a finer spatiotemporal resolution (15 min
2512.15222v1,2512.15222v1:4226-6385,Huayu: Advanced Real-Time Precipitation Estimation,0.779,2159,"innovative methods for regional precipitation monitoring (Cheng and Han, 2016; G´omez-Chova et al., 2015; Navalgund et al., 2007; Goetz et al., 1983). Polar-orb"
2512.15222v1,2512.15222v1:6386-8460,Huayu: Advanced Real-Time Precipitation Estimation,0.747,2074,"gridded precipitation product (Shen et al., 2014), 3 IPEC-V2 attained a maximum Correlation Coefficient (CC) of 0.34. Jiang et al. (2023) developed a precipitat"
2512.15222v1,2512.15222v1:8461-10683,Huayu: Advanced Real-Time Precipitation Estimation,0.769,2222,and discussion We evaluated the performance of Huayu alongside multiple mainstream precipitation products against rain gauge observations using a suite of key m
2512.15222v1,2512.15222v1:10684-12026,Huayu: Advanced Real-Time Precipitation Estimation,0.426,1342,"Accuracy (ACC), Critical Success Index (CSI), CC (Pearson Correlation Coefficient), and Root Mean Square Error (RMSE), with arrows indicating the direction of i"
2512.15222v1,2512.15222v1:12027-13924,Huayu: Advanced Real-Time Precipitation Estimation,0.77,1897,"0.749 0.750 0.692 0.693 0.445 0.452 2.636 2.622 from 1 July to 31 December 2022. Due to the absence of hourly records, the analysis relied on three-hourly preci"
2512.15222v1,2512.15222v1:13925-15710,Huayu: Advanced Real-Time Precipitation Estimation,0.63,1785,precipitation intensity intervals. Nine evaluation metrics are computed on the validation samples (n = 728) stratified by the 95th percentile maximum value of p
2512.15222v1,2512.15222v1:15711-17829,Huayu: Advanced Real-Time Precipitation Estimation,0.732,2118,"optimal coverage over Asia and Australia from its position at 133°E, a vantage point not fully leveraged by other global datasets (Joyce et al., 2004; Tan et al"
2512.15222v1,2512.15222v1:17830-19824,Huayu: Advanced Real-Time Precipitation Estimation,0.742,1994,"FY-4B/AGRI 9th band channel (left), the precipitation estimated by our Huayu 8 model (middle), and the target IMERG data for evaluation (right). The timestamps "
2512.15222v1,2512.15222v1:19825-21833,Huayu: Advanced Real-Time Precipitation Estimation,0.702,2008,"GeoAB C×50×50 IMERG FR Precipitation Clear-sky region Precipitation region Fig. 5 Dual-target loss for training, applied to randomly sampled FY-4B AGRI patches "
2512.15222v1,2512.15222v1:21834-23571,Huayu: Advanced Real-Time Precipitation Estimation,0.539,1737,"total precipitation in 15 minutes. To optimize the grid effects, the operation AP(·) was adopted to produce the final real-time precipitation. 3.2 Huayu real-ti"
2512.15222v1,2512.15222v1:23572-25610,Huayu: Advanced Real-Time Precipitation Estimation,0.756,2038,"over an 800 × 800 grid, with zero-based indices i, j ∈{0, 1, . . . , 799}. A 3 × 3 average pooling is applied to interior pixels: which smooths high-frequency d"
2512.15222v1,2512.15222v1:25611-27561,Huayu: Advanced Real-Time Precipitation Estimation,0.746,1950,"Methodology. Ting Liu: Formal analysis, Visualization. Lina Yuan: Writing - review & editing, Supervision. Yuying Li: Validation. Ao Xu: Visualization. Xigang S"
2512.15222v1,2512.15222v1:27562-29354,Huayu: Advanced Real-Time Precipitation Estimation,0.635,1792,"Measurement (GPM) mission (Huffman et al., 2015; Kidd et al., 2020; Tan et al., 2019; Huffman et al., 2023), a joint project of NASA and JAXA. It combines data "
2512.15222v1,2512.15222v1:29355-31265,Huayu: Advanced Real-Time Precipitation Estimation,0.689,1910,"which can be cropped to generate a 2,400×2,400 pixel image encompassing a 120° range in both longitude (45° E to 165° E) and latitude (60° S to 60° N) with a sp"
2512.15222v1,2512.15222v1:31266-33081,Huayu: Advanced Real-Time Precipitation Estimation,0.669,1815,"FY-4B QPE (FengYun-4B Quantitative Precipitation Estimate, 15-minute intermediate version) is a level 2 precipitation product from AGRI onboard the FY-4B. The o"
2512.15222v1,2512.15222v1:33082-34784,Huayu: Advanced Real-Time Precipitation Estimation,0.551,1702,"aboard multiple satellites (Joyce et al., 2004). The resolution of it is 8km/30min with a latency of 3-4 months. 19 A.6 GSMaP NOW Global Rainfall Map Realtime v"
2512.15222v1,2512.15222v1:34785-36785,Huayu: Advanced Real-Time Precipitation Estimation,0.731,2000,"≈H(ω,N)(FY ) →I(FY ) = O H(FY ) →O. (B3) Thus, our proposed Huayu could only learn the existing relationship between FY-4B and real precipitation, ignoring the "
2512.15222v1,2512.15222v1:36786-37653,Huayu: Advanced Real-Time Precipitation Estimation,0.0,867,0.88/0.98 0.42/0.44 0.67/0.66 0.54/0.56 SW62701500 121.606/31.522 0.90/0.99 0.39/0.37 0.66/0.70 0.57/0.63 SW62724635 121.407/31.613 0.88/0.98 0.43/0.44 0.64/0.6
2512.15222v1,2512.15222v1:37654-38521,Huayu: Advanced Real-Time Precipitation Estimation,0.0,867,0.33/0.32 0.64/0.68 0.59/0.64 SW63404100 121.179/31.094 0.84/0.92 0.32/0.32 0.65/0.68 0.60/0.64 SW63404540 121.883/31.007 0.93/0.98 0.45/0.46 0.61/0.60 0.53/0.5
2512.15222v1,2512.15222v1:38522-40383,Huayu: Advanced Real-Time Precipitation Estimation,0.755,1861,0.69/0.66 0.62/0.61 SW63439055 121.673/31.156 0.90/0.96 0.35/0.34 0.66/0.69 0.61/0.64 Overall –/– 0.87/0.95 0.38/0.39 0.65/0.65 0.57/0.60 C.3 Performance during
2512.15222v1,2512.15222v1:40384-41110,Huayu: Advanced Real-Time Precipitation Estimation,0.724,726,"To reduce redundancy from consecutive, similar images, a 6-hour sampling interval was applied. For data augmentation, each original 2,400×2,400 FY-4B image was "
2601.01605v1,2601.01605v1:0-2188,REE-TTT: Highly Adaptive Radar Echo Extrapolation ,0.842,2188,"IEEE TRANSACTIONS ON GEOSCIENCE AND REMOTE SENSING, VOL. XX, NO. X, AUGUST 2025 1 REE-TTT: Highly Adaptive Radar Echo Extrapolation Based on Test-Time Training "
2601.01605v1,2601.01605v1:2189-4416,REE-TTT: Highly Adaptive Radar Echo Extrapolation ,0.804,2227,"storm of 2023 that induced catastrophic flooding in Libya, a region historically characterized by arid conditions. This underscores the urgent need to establish"
2601.01605v1,2601.01605v1:4417-6823,REE-TTT: Highly Adaptive Radar Echo Extrapolation ,0.867,2406,"Classical REE techniques include centroid tracking [5]–[7], cross-correlation [8]–[10], and optical flow methods [11]–[13]. The centroid tracking method calcula"
2601.01605v1,2601.01605v1:6824-9361,REE-TTT: Highly Adaptive Radar Echo Extrapolation ,0.883,2537,"rain events (marked in the figure). models’ ability to adapt to divergent meteorological conditions. As shown in Fig. 1, the cluster analysis reveals significan"
2601.01605v1,2601.01605v1:9362-11742,REE-TTT: Highly Adaptive Radar Echo Extrapolation ,0.873,2380,dependency capturing. • Benchmark evaluations on Beijing composite reflectivity datasets and zero-shot generalization experiments on Hangzhou heavy precipitatio
2601.01605v1,2601.01605v1:11743-14217,REE-TTT: Highly Adaptive Radar Echo Extrapolation ,0.863,2474,"employ stacked IEEE TRANSACTIONS ON GEOSCIENCE AND REMOTE SENSING, VOL. XX, NO. X, AUGUST 2025 3 Transformer blocks [32]–[34] and 3D wavelet transforms [35], ac"
2601.01605v1,2601.01605v1:14218-16321,REE-TTT: Highly Adaptive Radar Echo Extrapolation ,0.721,2103,objectives are autonomously acquired during model training. This eliminates manual task engineering constraints and enables more universal task representations.
2601.01605v1,2601.01605v1:16322-18864,REE-TTT: Highly Adaptive Radar Echo Extrapolation ,0.859,2542,translation in the translator component offers an ideal architectural basis for integrating our novel TTT mechanism. The spatial encoder extracts frame-wise spa
2601.01605v1,2601.01605v1:18865-21074,REE-TTT: Highly Adaptive Radar Echo Extrapolation ,0.798,2209,"module, and residual connections. As shown in the lower half of Fig. 2, this design enables efficient spatio-temporal feature extraction. Crucially, the incorpo"
2601.01605v1,2601.01605v1:21075-23169,REE-TTT: Highly Adaptive Radar Echo Extrapolation ,0.729,2094,dynamic parameter adaptation during inference by learning a self-supervised model fin under a reconstruction loss lin. This core mechanism allows the model to t
2601.01605v1,2601.01605v1:23170-25723,REE-TTT: Highly Adaptive Radar Echo Extrapolation ,0.87,2553,"inner-loop optimizations required during test-time inference, thereby meeting real-time forecasting constraints. Moreover, their universal design enables the mo"
2601.01605v1,2601.01605v1:25724-27627,REE-TTT: Highly Adaptive Radar Echo Extrapolation ,0.656,1903,"cross-regional distribution shifts. D. Loss Functions Spatio-temporal prediction tasks typically employ pixelwise error metrics for loss L. However, radar echo "
2601.01605v1,2601.01605v1:27628-29726,REE-TTT: Highly Adaptive Radar Echo Extrapolation ,0.696,2098,and F(Y). A binary mask is constructed by thresholding the magnitude spectrum |F(Y)| to retain high-frequency components. While highfrequency masking selectivel
2601.01605v1,2601.01605v1:29727-31886,REE-TTT: Highly Adaptive Radar Echo Extrapolation ,0.761,2159,"encoding-decoding architectures to our model; and WaST [35], the latest non-recurrent neural network architecture in the field of spatio-temporal prediction, we"
2601.01605v1,2601.01605v1:31887-33422,REE-TTT: Highly Adaptive Radar Echo Extrapolation ,0.485,1535,"All other meteorological metrics use τ = 25 dBZ. Throughout all experiments, models achieving the best validation performance on the ETS metric were selected fo"
2601.01605v1,2601.01605v1:33423-35723,REE-TTT: Highly Adaptive Radar Echo Extrapolation ,0.793,2300,"Station (Z9010) from March to September during 2010–2021, with a radar volume scan interval of 6 We conduct comparative experiments using composite reflectivity"
2601.01605v1,2601.01605v1:35724-38067,REE-TTT: Highly Adaptive Radar Echo Extrapolation ,0.822,2343,"and specificity. Consequently, REE-TTT achieves optimal scores in composite metrics: CSI and ETS. In contrast, both PredRNN and SwinLSTM achieve lower MSE throu"
2601.01605v1,2601.01605v1:38068-39634,REE-TTT: Highly Adaptive Radar Echo Extrapolation ,0.496,1566,"frames with a stride of 2 frames over precipitation events, IEEE TRANSACTIONS ON GEOSCIENCE AND REMOTE SENSING, VOL. XX, NO. X, AUGUST 2025 9 TABLE II GENERALIZ"
2601.01605v1,2601.01605v1:39635-41651,REE-TTT: Highly Adaptive Radar Echo Extrapolation ,0.745,2016,"here, RNN-based models (PredRNN, MIM, SwinLSTM) maintain low MSE and FAR at the cost of substantially reduced POD – indicating overly conservative predictions t"
2601.01605v1,2601.01605v1:41652-44059,REE-TTT: Highly Adaptive Radar Echo Extrapolation ,0.862,2407,"0.447 0.178 0.425 0.516 0.365 0.202 0.311 REE-TTT 0.657 0.451 0.176 0.427 0.516 0.368 0.200 0.315 icantly disrupts the training convergence direction, leading t"
2601.01605v1,2601.01605v1:44060-46294,REE-TTT: Highly Adaptive Radar Echo Extrapolation ,0.853,2234,"on high-quality datasets to serve more precipitation scenarios, providing high-resolution forecasts for regions lacking historical precipitation data. Furthermo"
2601.09467v1,2601.09467v1:0-1926,Searth Transformer: A Transformer Architecture Inc,0.671,1926,"Searth Transformer: A Transformer Architecture Incorporating Earth's Geospheric Physical Priors for Global Mid-Range Weather Forecasting Tianye Li1, 3, Qi Liu2,"
2601.09467v1,2601.09467v1:1927-4363,Searth Transformer: A Transformer Architecture Inc,0.859,2436,"Beijing 100089, China 15School of Science, Beijing University of Posts and Telecommunications, Beijing 100876, China Corresponding authors: Jiangjiang Xia, xiaj"
2601.09467v1,2601.09467v1:4364-6696,Searth Transformer: A Transformer Architecture Inc,0.831,2332,"circulation systems, offering new pathways for Earth system science. Keywords：Weather forecasting, Searth Transfomer, Relay Autoregressive, YanTian, Earth syste"
2601.09467v1,2601.09467v1:6697-9117,Searth Transformer: A Transformer Architecture Inc,0.813,2420,"(NWP) systems, such as the European Centre for Medium-Range Weather Forecasts (ECMWF)’s high-resolution forecast (HRES) [12]. However, the limitations of direct"
2601.09467v1,2601.09467v1:9118-11508,Searth Transformer: A Transformer Architecture Inc,0.85,2390,"rollout, as intermediate model states across successive forecast lead times must be explicitly stored for backpropagation through time [18]. As a result, extend"
2601.09467v1,2601.09467v1:11509-13841,Searth Transformer: A Transformer Architecture Inc,0.816,2332,"1° horizontal resolution, the Yantian model outperforms the ECMWF HRES [20] and achieves accuracy comparable to state-ofthe-art AI models. Our key contributions"
2601.09467v1,2601.09467v1:13842-16242,Searth Transformer: A Transformer Architecture Inc,0.818,2400,"global atmosphere as a two-dimensional bounded plane. Chen et al [9]. developed FuXi, a cascaded model with 4.5 billion parameters, which demonstrates strong fo"
2601.09467v1,2601.09467v1:16243-18642,Searth Transformer: A Transformer Architecture Inc,0.808,2399,"a hierarchical temporal aggregation strategy by training four separate models [5], each responsible for a different forecast lead time, with the longest interva"
2601.09467v1,2601.09467v1:18643-21002,Searth Transformer: A Transformer Architecture Inc,0.78,2359,"an embedding layer implemented as a 3D convolutional neural network is employed to jointly encode temporal and spatial information [26], [23], compressing the i"
2601.09467v1,2601.09467v1:21003-23377,Searth Transformer: A Transformer Architecture Inc,0.829,2374,"as a baseline state and forwards it to the end of the network, where it is added to the predicted state differences between successive time steps produced by th"
2601.09467v1,2601.09467v1:23378-25535,Searth Transformer: A Transformer Architecture Inc,0.752,2157,"of global zonal circulation, while masking at the north-south boundaries is retained to respect the lack of physical adjacency across the poles. This asymmetric"
2601.09467v1,2601.09467v1:25536-27760,Searth Transformer: A Transformer Architecture Inc,0.744,2224,"steps— forcing it to learn error-correction capabilities—while maintaining a constant peak memory footprint proportional only to 𝑘. Consequently, our YanTian mo"
2601.09467v1,2601.09467v1:27761-29607,Searth Transformer: A Transformer Architecture Inc,0.644,1846,"13 pressure levels ranging from 50 hPa to 1000 hPa, specifically at 50, 100, 150, 200, 250, 300, 400, 500, 600, 700, 850, 925, and 1000 hPa. The surface variabl"
2601.09467v1,2601.09467v1:29608-31464,Searth Transformer: A Transformer Architecture Inc,0.646,1856,"the number of autoregressive forecasting steps, the number of variables (channels), and the numbers of grid points in the latitudinal and longitudinal direction"
2601.09467v1,2601.09467v1:31465-33108,Searth Transformer: A Transformer Architecture Inc,0.6,1643,"a long continuous weather process is decomposed into a sequence of temporally contiguous sub-stages. In this study, the model is trained to learn continuous wea"
2601.09467v1,2601.09467v1:33109-34986,Searth Transformer: A Transformer Architecture Inc,0.744,1877,from the ERA5 reanalysis data over the period from 1993 to 2019. We also use the normalized RMSE difference between model A and baseline B calculated as (𝑅𝑀𝑆𝐸@ 
2601.09467v1,2601.09467v1:34987-37182,Searth Transformer: A Transformer Architecture Inc,0.817,2195,"averaged, latitude-weighted RMSE and ACC for ECMWF HRES, FuXi, GraphCast, PanGu, and YanTian, evaluated on four surface variables (U10, V10, T2M, and MSL) and f"
2601.09467v1,2601.09467v1:37183-39661,Searth Transformer: A Transformer Architecture Inc,0.853,2478,"superior performance of the proposed Searth Transformer architecture and the RAR fine-tuning strategy introduced in this work. E. Ablation Study In this study, "
2601.09467v1,2601.09467v1:39662-42042,Searth Transformer: A Transformer Architecture Inc,0.836,2380,"classical autoregressive fine-tuning strategy, which is used in GraphCast, is adopted in this group. As showed in Fig. 4, across both the pre-training and fine-"
2601.09467v1,2601.09467v1:42043-44280,Searth Transformer: A Transformer Architecture Inc,0.782,2237,"Specifically, within a 5-day lead time, both methods yield nearly identical RMSE and ACC values. Beyond 5 days, RAR5d is slightly inferior to AR5d in RMSE, whil"
2601.09467v1,2601.09467v1:44281-46546,Searth Transformer: A Transformer Architecture Inc,0.748,2265,"used to learn continuous weather processes increases, the growth rate of RMSE with forecast lead time becomes slower, and the degradation of ACC is correspondin"
2601.09467v1,2601.09467v1:46547-48948,Searth Transformer: A Transformer Architecture Inc,0.835,2401,"conventional Swin Transformer architectures [7]. Second, the Relay Autoregressive fine-tuning strategy decouples GPU memory consumption from forecast length by "
2601.09467v1,2601.09467v1:48949-50514,Searth Transformer: A Transformer Architecture Inc,0.803,1565,"the globally averaged latitude-weighted RMSE (first and second rows) and ACC (third and fourth rows) of the HRES, FuXi, GraphCast PanGu, and YanTian for 4 surfa"
2602.00622v2,2602.00622v2:0-2269,"""What is a realistic forecast?"" Assessing data-dri",0.766,2269,"“What is a realistic forecast?” Assessing data-driven weather forecasts, a journey from verification to falsification. Zied Ben-Bouallègue European Centre for M"
2602.00622v2,2602.00622v2:2270-4547,"""What is a realistic forecast?"" Assessing data-dri",0.737,2277,"resources, observation capabilities, and sustained modelisation efforts, weather forecasting has indeed been through the so called quiet revolution (Bauer et al"
2602.00622v2,2602.00622v2:4548-6894,"""What is a realistic forecast?"" Assessing data-dri",0.745,2346,"describes the relationship between the weather of today and the weather of tomorrow. This is illustrated in Fig. 1(B). Interestingly, induction is also widely u"
2602.00622v2,2602.00622v2:6895-9364,"""What is a realistic forecast?"" Assessing data-dri",0.749,2469,"verification with data-driven forecasts in mind, we try to answer the question “What is a realistic forecast?”. For this, we suggest distinguishing 3 types of f"
2602.00622v2,2602.00622v2:9365-11747,"""What is a realistic forecast?"" Assessing data-dri",0.682,2382,of the numerical model are derived from the laws of physics for theory-driven models or as an output of B) for data-driven models. 2 Types of forecast realism 2
2602.00622v2,2602.00622v2:11748-14115,"""What is a realistic forecast?"" Assessing data-dri",0.732,2367,"better than a reference, and to compare and rank competing models. When combined with additional information, such as known differences between competing models"
2602.00622v2,2602.00622v2:14116-16381,"""What is a realistic forecast?"" Assessing data-dri",0.733,2265,"process helps identify model weaknesses, e.g., regional biases, too low forecast activity, or not enough ensemble spread. A given model, rather than a specific "
2602.00622v2,2602.00622v2:16382-18735,"""What is a realistic forecast?"" Assessing data-dri",0.678,2353,"and the smoother the forecast. As a result of the optimisation process, a datadriven forecast is equivalent, to some extent, to a conditional mean up to a certa"
2602.00622v2,2602.00622v2:18736-21240,"""What is a realistic forecast?"" Assessing data-dri",0.749,2504,"Demonstrating a strong statistical relationship between snowfall and temperature is not, by itself, evidence of physical realism; rather, physical realism requi"
2602.00622v2,2602.00622v2:21241-23697,"""What is a realistic forecast?"" Assessing data-dri",0.762,2456,"2.5 Falsification studies Forecast falsification can take several forms, but first and foremost, it encompasses the inspection of direct model outputs. Visualis"
2602.00622v2,2602.00622v2:23698-26206,"""What is a realistic forecast?"" Assessing data-dri",0.743,2508,"by model developers and can be approached as stress tests that are essential for building trust in their forecasting systems (Hahner et al., 2026). 8 3 Discussi"
2602.00622v2,2602.00622v2:26207-28513,"""What is a realistic forecast?"" Assessing data-dri",0.699,2306,"More generally, forecasts that violate physical laws can undermine confidence in the forecasting system. This aspect is key in applications with a “human in the"
2602.00622v2,2602.00622v2:28514-30979,"""What is a realistic forecast?"" Assessing data-dri",0.769,2465,"encompass discussions on robustness, reproducibility, and fairness (see, for example, Olivetti and Messori, 2025). 3.5 Realism and information content Type 1 of"
2602.00622v2,2602.00622v2:30980-33380,"""What is a realistic forecast?"" Assessing data-dri",0.741,2400,"(Sha et al., 2025). As illustrated in Moldovan et al. (2025), negative precipitation can be prevented by implementing appropriate architecture choices. This app"
2602.00622v2,2602.00622v2:33381-33675,"""What is a realistic forecast?"" Assessing data-dri",0.733,294,our understanding of the model deficiencies. – Falsification: a comparison of a forecast with our understanding of reality (scientific knowledge) to identify ar
2603.00418v1,2603.00418v1:0-2071,Station2Radar: query conditioned gaussian splattin,0.764,2071,"Published as a conference paper at ICLR 2026 STATION2RADAR: QUERY-CONDITIONED GAUSSIAN SPLATTING FOR PRECIPITATION FIELD Doyi Kim, Minseok Seo, Changick Kim∗ Ko"
2603.00418v1,2603.00418v1:2072-4272,Station2Radar: query conditioned gaussian splattin,0.777,2200,"al., 2025). Both operational NWP systems and current global data-driven models operate at coarse resolutions of tens of kilometers (e.g., ERA5), whereas the pre"
2603.00418v1,2603.00418v1:4273-6554,Station2Radar: query conditioned gaussian splattin,0.771,2281,"anchors to selectively place Gaussians, producing resolution-flexible and structurally consistent fields. (d) Ground-truth radar at 2 km resolution for referenc"
2603.00418v1,2603.00418v1:6555-8681,Station2Radar: query conditioned gaussian splattin,0.759,2126,"location x is PN i=1 Kσ(x −µi) yi PN fGW(x) = , (1) j=1 Kσ(x −µj) where yi is the observation at station µi and Kσ is a Gaussian kernel. Gaussian Splatting (GS)"
2603.00418v1,2603.00418v1:8682-10556,Station2Radar: query conditioned gaussian splattin,0.611,1874,"(Kerbl et al., 2023) accelerates NeRF (Mildenhall et al., 2021) by representing scenes with Gaussian primitives and avoiding redundant rendering, enabling real-"
2603.00418v1,2603.00418v1:10557-12442,Station2Radar: query conditioned gaussian splattin,0.641,1885,"NWP models. More recent methods span precipitation forecasting (Veillette et al., 2020; Gao et al., 2022b; Yoon et al., 2023; Gao et al., 2023; Gong et al., 202"
2603.00418v1,2603.00418v1:12443-14168,Station2Radar: query conditioned gaussian splattin,0.621,1725,"and compositing front-to-back with depth ordering: where Tk(u) is the accumulated transmittance and Gk(u) the screen-space Gaussian footprint. In contrast, 2D G"
2603.00418v1,2603.00418v1:14169-16062,Station2Radar: query conditioned gaussian splattin,0.619,1893,"0 Final Radar Predicted Parameter Proposed point Map Condition Tk(u) αk Gk(u) ck, ++, αi ∈R.  2(x −µi)⊤Σ−1 i (x −µi) . Published as a conference paper at ICLR "
2603.00418v1,2603.00418v1:16063-18127,Station2Radar: query conditioned gaussian splattin,0.671,2064,"| i ∈I}, I = {1, . . . , n}, where xt i denotes the rainfall measured at station i and n = |I| is the number of stations. Since Xt may include missing values an"
2603.00418v1,2603.00418v1:18128-19698,Station2Radar: query conditioned gaussian splattin,0.551,1570,"within ˆRt, and (3) rainfall intensity to prioritize heavy-rain regions. We denote image-domain coordinates as x ∈Ω, and write ˆRt(x) for its rainfall value. Le"
2603.00418v1,2603.00418v1:19699-21335,Station2Radar: query conditioned gaussian splattin,0.548,1636,"predict Gaussian parameters θ(n) = {σ(n) x , σ(n) y , ρ(n), α(n)}, y , ρ(n)) define the covariance Σ(n) ∈S2 ++ and α(n) controls the Gaussian amplitude. At AWS "
2603.00418v1,2603.00418v1:21336-23320,Station2Radar: query conditioned gaussian splattin,0.723,1984,"to render rainfall fields at arbitrary scales. Evaluation Metrics. We evaluate QCGS using RMSE for overall error and LPIPS (Zhang et al., 2018) for perceptual s"
2603.00418v1,2603.00418v1:23321-25024,Station2Radar: query conditioned gaussian splattin,0.603,1703,"field ˆR is produced by a ConvNeXt-based U-Net with four encoder/decoder stages and skip connections, using Group Normalization and GELU activations. AWS observ"
2603.00418v1,2603.00418v1:25025-26469,Station2Radar: query conditioned gaussian splattin,0.559,1444,2.43 0.40 0.50 0.69 0.45 1.03 Classical Interp. 3DMQ 2.0 km 2.47 0.41 0.49 0.68 0.44 1.00 Snapshot (1154) Ours QCGS 0.5 km 1.23 0.49 0.74 0.91 0.90 1.02 Ours QC
2603.00418v1,2603.00418v1:26470-28629,Station2Radar: query conditioned gaussian splattin,0.774,2159,"a sharp decline in both pixel-wise accuracy and spatial correlation. Second, QCGS leverages Gaussian Splatting (GS) to achieve resolution-free rendering. While "
2603.00418v1,2603.00418v1:28630-30553,Station2Radar: query conditioned gaussian splattin,0.831,1923,Radar(GT) Case 2023-08-11 (f) PSD plot Case 2023-12-15 Case 2023-12-15 Case 2023-08-11 Figure 4: Panels (a)–(e) show the comparison of daily accumulated rainfal
2603.00418v1,2603.00418v1:30554-32595,Station2Radar: query conditioned gaussian splattin,0.786,2041,"fields that are visually closer to radar, with reduced absolute differences and better preservation of localized convective cells. By contrast, GSMaP systematic"
2603.00418v1,2603.00418v1:32596-34920,Station2Radar: query conditioned gaussian splattin,0.875,2324,"where the score reaches 0.76. Using more points (K=9000) yields only a marginal gain (0.77) while increasing computation, so we adopt K=6000 as the default trad"
2603.00418v1,2603.00418v1:34921-36852,Station2Radar: query conditioned gaussian splattin,0.679,1931,at ICLR 2026 Architecture CSI↑ AWS (only) 0.53 U-Net (ConvNeXt) 0.62 + AWS fusion 0.73 + AWS fusion + GS (ours) 0.76 (a) Architecture. 5.4 ABLATION STUDY 6 CONC
2603.00418v1,2603.00418v1:36853-38823,Station2Radar: query conditioned gaussian splattin,0.763,1970,rain rate through the standard Z-R relationship. This creates a mismatch for forecasting models that were trained only with radar inputs. The smaller degradatio
2603.00418v1,2603.00418v1:38824-40825,Station2Radar: query conditioned gaussian splattin,0.757,2001,"by leveraging point-level AWS data. Figure 6 provides quantitative evidence: compared to radar, QCGS achieves lower bias and RMSE and higher correlation coeffic"
2603.00418v1,2603.00418v1:40826-42560,Station2Radar: query conditioned gaussian splattin,0.612,1734,10 km). Threshold QCGS (0.5 km) QCGS (2 km) QCGS (10 km) IMERG GSMaP 1 0.657 0.703 0.506 0.366 0.308 5 0.415 0.483 0.306 0.140 0.129 10 0.311 0.401 0.232 0.046 
2603.00418v1,2603.00418v1:42561-44562,Station2Radar: query conditioned gaussian splattin,0.741,2001,"characterization of model performance. QCGS consistently surpasses satellite products across all intensity levels and temporal scales, confirming its ability to"
2603.00418v1,2603.00418v1:44563-46745,Station2Radar: query conditioned gaussian splattin,0.808,2182,"Visual comparison of Radar, QCGS, AWS-only, and Satellite-only across different cases. AWS–satellite fusion. These visual results further confirm that QCGS deli"
2603.00418v1,2603.00418v1:46746-47971,Station2Radar: query conditioned gaussian splattin,0.746,1225,"All methods are evaluated under identical input, target, and output conditions to ensure a fair comparison. As shown in the figure, QCGS produces noticeably sha"
2603.04461v1,2603.04461v1:0-2265,MAD-SmaAt-GNet: A Multimodal Advection-Guided Neur,0.876,2265,"MAD-SmaAt-GNet: A Multimodal Advection-Guided Neural Network for Precipitation Nowcasting Samuel van Wonderen, Siamak Mehrkanoon∗ Department of Information and "
2603.04461v1,2603.04461v1:2266-4439,MAD-SmaAt-GNet: A Multimodal Advection-Guided Neur,0.717,2173,"substantial time and computational resources, which limits their suitability for very short-term forecasting, or nowcasting [6, 23, 38, 35, 26, 27]. For this re"
2603.04461v1,2603.04461v1:4440-6838,MAD-SmaAt-GNet: A Multimodal Advection-Guided Neur,0.822,2398,for incorporating physical knowledge into neural networks for precipitation nowcasting. Some models impose physical constraints such as the 2D continuity equati
2603.04461v1,2603.04461v1:6839-9036,MAD-SmaAt-GNet: A Multimodal Advection-Guided Neur,0.758,2197,"to predict a single target precipitation image and, in the latter, a 1D, 2D, and 3D CNN model are developed to predict future temperatures and wind speeds at gi"
2603.04461v1,2603.04461v1:9037-11307,MAD-SmaAt-GNet: A Multimodal Advection-Guided Neur,0.831,2270,"a vector that gives more weight to certain channels of the input. Additionally, a CBAM [34] subsequently applies spatial attention by multiplying the input imag"
2603.04461v1,2603.04461v1:11308-13415,MAD-SmaAt-GNet: A Multimodal Advection-Guided Neur,0.765,2107,"that are both accurate and visually realistic. The model is compared to several benchmark models, including SmaAt-UNet and its SmaAt-GNet without the discrimina"
2603.04461v1,2603.04461v1:13416-15778,MAD-SmaAt-GNet: A Multimodal Advection-Guided Neur,0.789,2362,dynamic conditioning with both the features of the other weather variables and the features from the evolution network or solely with those of the other weather
2603.04461v1,2603.04461v1:15779-18102,MAD-SmaAt-GNet: A Multimodal Advection-Guided Neur,0.841,2323,"vector γ, which scales each channel independently. The motion fields decoder outputs the vertical and horizontal motion fields corresponding to the target seque"
2603.04461v1,2603.04461v1:18103-20175,MAD-SmaAt-GNet: A Multimodal Advection-Guided Neur,0.787,2072,that leads back to the original spatial resolution. This restricted use was adopted because incorporating the evolution network’s features at all decoder levels
2603.04461v1,2603.04461v1:20176-22218,MAD-SmaAt-GNet: A Multimodal Advection-Guided Neur,0.713,2042,"2, 219, 500 0.54× Persistence − − overfitting. The number of channels in the convolutional layers of the SmaAt-UNet [30] model was kept the same as in [30]. 3.3"
2603.04461v1,2603.04461v1:22219-24269,MAD-SmaAt-GNet: A Multimodal Advection-Guided Neur,0.648,2050,"and N the number of target images. Moreover, the predicted rain images were turned into a binary classification by applying a threshold to the pixel values of e"
2603.04461v1,2603.04461v1:24270-26460,MAD-SmaAt-GNet: A Multimodal Advection-Guided Neur,0.706,2190,images for each variable where each pixel corresponds to the value of that variable for an area of approximately 2.5 square kilometres (0.023◦latitude and 0.037
2603.04461v1,2603.04461v1:26461-28809,MAD-SmaAt-GNet: A Multimodal Advection-Guided Neur,0.796,2348,pixels with a rainfall value of more than 0.1 mm/h. A sample consists of 4 consecutive input rain images and 4 consecutive target rain images and the correspond
2603.04461v1,2603.04461v1:28810-30486,MAD-SmaAt-GNet: A Multimodal Advection-Guided Neur,0.679,1676,"The best results are shown in bold, and the second-best results are underlined. Model MSE↓ Accuracy↑ Precision↑ Recall↑ F1↑ CSI↑ MCC↑ Persistence 1.0625 0.7989 "
2603.04461v1,2603.04461v1:30487-32610,MAD-SmaAt-GNet: A Multimodal Advection-Guided Neur,0.841,2123,"generally increases with longer lead times but dips slightly at hour four. This is likely because precipitation often dissipates by that time, reducing pixel in"
2603.04461v1,2603.04461v1:32611-34806,MAD-SmaAt-GNet: A Multimodal Advection-Guided Neur,0.825,2195,"hours ahead, closer to the ground truth than the Evo-Net model, though still not perfectly shaped. It also predicts a strip of heavier rainfall at 2, 3, and 4 h"
2603.06712v1,2603.06712v1:0-2334,Uncertainty-Aware Solar Flare Regression,0.831,2334,"Uncertainty-Aware Solar Flare Regression Chetraj Pandey Computer Science Texas Christian University Texas, USA c.pandey@tcu.edu Jinsu Hong Computer Science Geor"
2603.06712v1,2603.06712v1:2335-4820,Uncertainty-Aware Solar Flare Regression,0.826,2485,"additional subdivisions denoted by floating-point values, such as M2.4 (2.4×10−5 W/m2) [4]. Solar flares of M-class and above are of particular interest due to "
2603.06712v1,2603.06712v1:4821-7287,Uncertainty-Aware Solar Flare Regression,0.822,2466,models for solar flare prediction and identifying the most effective model. (iii) Proposing a new evaluation method for assessing the performance of confidence 
2603.06712v1,2603.06712v1:7288-9592,Uncertainty-Aware Solar Flare Regression,0.766,2304,"without adequately quantifying uncertainty. This oversight hampers the reliability and interpretability of predictions, hindering effective risk assessment and "
2603.06712v1,2603.06712v1:9593-11164,Uncertainty-Aware Solar Flare Regression,0.554,1571,"calibration set I2: Ri = |Yi −ˆµ(Xi)|, i ∈I2 (2) In this work, we utilize the absolute residual (Ri), although alternative nonconformity measures [21] can be ut"
2603.06712v1,2603.06712v1:11165-12988,Uncertainty-Aware Solar Flare Regression,0.697,1823,"predictions more heavily, enabling the estimation of asymmetric prediction intervals. In traditional quantile regression, two separate models (ˆµα/2, ˆµ1−α/2) a"
2603.06712v1,2603.06712v1:12989-14597,Uncertainty-Aware Solar Flare Regression,0.613,1608,"−Yi, Yi −ˆµ1−α/2} (9) Similar to conformal prediction, the (1 −α)-th quantile of the nonconformity scores in the calibration set (I2) is then determined using E"
2603.06712v1,2603.06712v1:14598-16629,Uncertainty-Aware Solar Flare Regression,0.69,2031,we resize the images to 512×512 pixels to reduce the feature dimensions and our images are not the original full-depth magnetic field rasters of range ±4500 Gau
2603.06712v1,2603.06712v1:16630-18851,Uncertainty-Aware Solar Flare Regression,0.746,2221,"period: Partition 1 (January–March), Partition 2 (April–June), Partition 3 (July–September), and Partition 4 (October–December) [12]. We use this partitioning s"
2603.06712v1,2603.06712v1:18852-21099,Uncertainty-Aware Solar Flare Regression,0.741,2247,"layers and three fully connected layers. InceptionV3 [28] is characterized by its inception module architecture, facilitating efficient use of computational res"
2603.06712v1,2603.06712v1:21100-23480,Uncertainty-Aware Solar Flare Regression,0.757,2380,"point predictions by outputting the median of predicted values, providing a central estimate based on the given input data. Additionally, this neuron contribute"
2603.06712v1,2603.06712v1:23481-25521,Uncertainty-Aware Solar Flare Regression,0.692,2040,"in the test set (Itest). Similarly, LAvg. (Eq. 12) defines the average length of prediction intervals (C(Xtest)) in the test set. Ltest = Max(Ytest) −Min(Ytest)"
2603.06712v1,2603.06712v1:25522-27446,Uncertainty-Aware Solar Flare Regression,0.624,1924,"models, the models are evaluated via marginal coverage, average prediction interval, and the confidence coverage index (ICC). We first evaluate the performance "
2603.06712v1,2603.06712v1:27447-29546,Uncertainty-Aware Solar Flare Regression,0.699,2099,2.0 Ytest = 0 1 Ytest < 2 2 Ytest < 3 3 Ytest 1.9 100 Avg. Coverage (%) 80 60 Ytest = 0 1 Ytest < 2 2 Ytest < 3 3 Ytest 40 Fig. 3: This figure presents the eval
2603.06712v1,2603.06712v1:29547-31594,Uncertainty-Aware Solar Flare Regression,0.716,2047,"are presented. In this table, we report only the results for models with a significance level of 0.1. Avg. Length Avg. Coverage ICC CP AlexNet 2.39 87.3 0.530 M"
2603.06712v1,2603.06712v1:31595-33506,Uncertainty-Aware Solar Flare Regression,0.651,1911,"emerged as the top performer, achieving the highest confidence coverage index score among all models. However, our findings challenge conventional expectations,"
2603.06712v1,2603.06712v1:33507-34680,Uncertainty-Aware Solar Flare Regression,0.337,1173,"For future work, we plan to discretize the target values into several bins and compute nonconformity scores based on these bins. Additionally, we will explore v"
2603.06712v1,2603.06712v1:34681-35395,Uncertainty-Aware Solar Flare Regression,0.0,714,1.75 (79.8%) 2.99 (89.6%) 2.39 (71.5%) 1.86 (55.8%) 1.75 (56.3%) 1.76 (76.1%) 3.25 (82.1%) 2.49 (75.8%) 2.08 (50.0%) 1.76 (39.1%) 3.02 (88.6%) 2.33 (68.2%) 2.02
2603.10453v2,2603.10453v2:0-2398,Spatio-Temporal Forecasting of Retaining Wall Defo,0.857,2398,"Spatio-temporal forecasting of retaining wall deformation: mitigating error accumulation via multi-resolution ConvLSTM stacking ensemble Jihoon Kima, Heejung Yo"
2603.10453v2,2603.10453v2:2399-4489,Spatio-Temporal Forecasting of Retaining Wall Defo,0.773,2090,"Recurrent Neural Networks (RNN), Long-Short Term Memory (LSTM), and Convolutional Long-Short Term Memory (ConvLSTM)  Corresponding author, Professor, Ph.D., E-"
2603.10453v2,2603.10453v2:4490-6876,Spatio-Temporal Forecasting of Retaining Wall Defo,0.83,2386,"al. (2022) developed and optimized an LSTM-based deep neural network model using 550 tunnel monitoring datasets to accurately predict tunnel wall convergence, o"
2603.10453v2,2603.10453v2:6877-9301,Spatio-Temporal Forecasting of Retaining Wall Defo,0.827,2424,strategies are commonly employed: recursive (iterative) and direct method. The recursive method predicts one step ahead and recursively uses its Spatio-temporal
2603.10453v2,2603.10453v2:9302-11685,Spatio-Temporal Forecasting of Retaining Wall Defo,0.837,2383,"with other networks or significant architectural modifications. In contrast, models such as vanilla LSTM, temporal convolutional network (TCN), and Transformers"
2603.10453v2,2603.10453v2:11686-14242,Spatio-Temporal Forecasting of Retaining Wall Defo,0.809,2556,"long-term deformation dependencies. To support this, a sliding window method is applied to reformat the simulation database into sequences (e.g., using a resolu"
2603.10453v2,2603.10453v2:14243-16508,Spatio-Temporal Forecasting of Retaining Wall Defo,0.759,2265,"ConvLSTM models are trained with different resolutions. This will be discussed in the following section. J. Kim, H. Youn 2.1.3 Stacking ensemble The ConvLSTM-ba"
2603.10453v2,2603.10453v2:16509-18976,Spatio-Temporal Forecasting of Retaining Wall Defo,0.803,2467,"for t=3, (None, 480) for t=6, and (None, 800) for t=10. This representation is then processed through a fully connected dense layer with 100 units and a linear "
2603.10453v2,2603.10453v2:18977-21181,Spatio-Temporal Forecasting of Retaining Wall Defo,0.775,2204,"subjected to staged excavation. The finite element models were designed to replicate excavation-induced deformation under realistic geotechnical conditions, inc"
2603.10453v2,2603.10453v2:21182-23089,Spatio-Temporal Forecasting of Retaining Wall Defo,0.614,1907,"support system (strut). This methodology ensured that excavation-induced stress redistribution and wall J. Kim, H. Youn deformations were realistically captured"
2603.10453v2,2603.10453v2:23090-24497,Spatio-Temporal Forecasting of Retaining Wall Defo,0.548,1407,assuming a linear elastic-perfectly plastic response appropriate for stiff materials under relatively low normal stress conditions [32]. Spatio-temporal forecas
2603.10453v2,2603.10453v2:24498-26269,Spatio-Temporal Forecasting of Retaining Wall Defo,0.751,1771,"(kPa) 80.0 20.0 𝜙′ ( ˚) 35.0 3.0 𝐸𝑟𝑒𝑓 5 Mohr-Coulomb ′ (kPa) 1,000 200 einit 0.01 N/A This approach introduces natural variability into the numerical database, "
2603.10453v2,2603.10453v2:26270-28363,Spatio-Temporal Forecasting of Retaining Wall Defo,0.694,2093,"used in Korea [34]. The axial stiffness values ranged from 670 to 2,194 MN, reflecting the structural diversity in support system. Figure 5. Example of statisti"
2603.10453v2,2603.10453v2:28364-30583,Spatio-Temporal Forecasting of Retaining Wall Defo,0.758,2219,"handle walls of different lengths while maintaining a consistent input format, the extracted displacement profiles were normalized to a fixed spatial resolution"
2603.10453v2,2603.10453v2:30584-32874,Spatio-Temporal Forecasting of Retaining Wall Defo,0.795,2290,"displacements increase, with Case B exhibiting ordinarily greater overall displacement than Case A, reflecting the effect of increased excavation depth. J. Kim,"
2603.10453v2,2603.10453v2:32875-35180,Spatio-Temporal Forecasting of Retaining Wall Defo,0.799,2305,"performance of standalone ConvLSTM and stacking ensemble models for numerical simulation results: (a) MAE, (b) R2, and (c) IoA Fig. 8 presents an example of mul"
2603.10453v2,2603.10453v2:35181-37611,Spatio-Temporal Forecasting of Retaining Wall Defo,0.824,2430,"same forecasting process as Fig. 8 but employs a shifted input sequence (excavation depth of 4.5-9.0 m), enabling for a comparative assessment under different p"
2603.10453v2,2603.10453v2:37612-39900,Spatio-Temporal Forecasting of Retaining Wall Defo,0.763,2288,"output. Model A generally shows intermediate levels of influence, while Model B consistently displays the smallest SHAP value distribution, suggesting it plays "
2603.10453v2,2603.10453v2:39901-41962,Spatio-Temporal Forecasting of Retaining Wall Defo,0.669,2061,"ensure consistent spatial resolution. To satisfy the input requirements of the model, the measurements at discrete excavation depths were further interpolated a"
2603.10453v2,2603.10453v2:41963-43927,Spatio-Temporal Forecasting of Retaining Wall Defo,0.676,1964,excavation progress and site-specific geotechnical conditions. Figure 11. Field measurements for model validation at (a) Site A and (b) Site B 3.2.1 Overall pre
2603.10453v2,2603.10453v2:43928-46235,Spatio-Temporal Forecasting of Retaining Wall Defo,0.772,2307,"B 3.2.2 Site A Fig. 13 presents detailed prediction results, illustrating how each model performs. In the left set of subplots, wall displacements measured up t"
2603.10453v2,2603.10453v2:46237-48251,Spatio-Temporal Forecasting of Retaining Wall Defo,0.714,2014,"Fig. 14 presents additional detailed prediction results at Site B, further demonstrating the consistency of model performance across diverse field conditions. I"
2603.10453v2,2603.10453v2:48252-50618,Spatio-Temporal Forecasting of Retaining Wall Defo,0.803,2366,"applying learned patterns from idealized data to real field conditions. Taken together, the results from both the averaged performance and representative predic"
2603.10453v2,2603.10453v2:50619-53015,Spatio-Temporal Forecasting of Retaining Wall Defo,0.788,2396,the numerical test data. This shift can be interpreted in the context of differences between numerical simulation data and field measurements. In field conditio
2603.10453v2,2603.10453v2:53016-55385,Spatio-Temporal Forecasting of Retaining Wall Defo,0.829,2369,"This divergence can be interpreted in terms of two main factors. First, the numerical simulations used for training do not fully capture the irregular and nonli"
2603.10453v2,2603.10453v2:55386-57763,Spatio-Temporal Forecasting of Retaining Wall Defo,0.834,2377,"errors across MC samples, respectively. Comparing Figs. 17(a) and (c), the standalone models exhibit consistent and systematic bias patterns. Models A and B sho"
2603.10453v2,2603.10453v2:57764-60257,Spatio-Temporal Forecasting of Retaining Wall Defo,0.846,2493,"configured with a different temporal resolution, were integrated using a stacking ensemble approach. The resulting framework was evaluated on both synthetic sim"
2603.10453v2,2603.10453v2:60258-60803,Spatio-Temporal Forecasting of Retaining Wall Defo,0.829,545,field validation and enhancing the applicability and robustness of the framework through the integration of in situ monitoring data and appropriate model adapta
2603.13818v1,2603.13818v1:0-2134,PA-Net: Precipitation-Adaptive Mixture-of-Experts ,0.828,2134,"PA-Net: Precipitation-Adaptive Mixture-of-Experts for Long-Tail Rainfall Nowcasting Xinyu Xiao, Sen Lei, Eryun Liu, Shiming Xiang, Hao Li, Cheng Yuan, Yuan Qi, "
2603.13818v1,2603.13818v1:2135-4043,PA-Net: Precipitation-Adaptive Mixture-of-Experts ,0.75,1908,"equations of atmospheric fluid dynamics from observed initial conditions, NWP provides physically grounded projections of future atmospheric states. Nevertheles"
2603.13818v1,2603.13818v1:4044-6270,PA-Net: Precipitation-Adaptive Mixture-of-Experts ,0.794,2226,"a surge of deep learning approaches that recast nowcasting as a spatiotemporal sequence extrapolation problem [Shi et al.(2015)], [Shi et al.(2017)], [Gao et al"
2603.13818v1,2603.13818v1:6271-8666,PA-Net: Precipitation-Adaptive Mixture-of-Experts ,0.839,2395,"the applicability of existing Transformer-based nowcasting systems to long-range, high-resolution operational settings. To jointly address the scalability and d"
2603.13818v1,2603.13818v1:8667-10943,PA-Net: Precipitation-Adaptive Mixture-of-Experts ,0.818,2276,without sacrificing baseline performance on common rainfall regimes. Extensive experiments on the ERA5 benchmark demonstrate that PA-Net achieves substantial im
2603.13818v1,2603.13818v1:10944-13300,PA-Net: Precipitation-Adaptive Mixture-of-Experts ,0.855,2356,"to align tail-distributed features across multi-modal meteorological inputs; however, its effectiveness deteriorates at longer lead times as the consistency ass"
2603.13818v1,2603.13818v1:13301-15489,PA-Net: Precipitation-Adaptive Mixture-of-Experts ,0.757,2188,et al.(2022)] introduced a hierarchical shifted-window tokenization scheme that restricts attention to local neighborhoods while permitting cross-window informa
2603.13818v1,2603.13818v1:15490-17686,PA-Net: Precipitation-Adaptive Mixture-of-Experts ,0.754,2196,"strides in recent years. Transformer-based architectures, in particular, enable the joint assimilation of heterogeneous atmospheric variables within a unified e"
2603.13818v1,2603.13818v1:17687-19498,PA-Net: Precipitation-Adaptive Mixture-of-Experts ,0.622,1811,"100002i/dmodel  PE(pos,2i) = sin , (5)  pos 100002i/dmodel  . (6) PE(pos,2i+1) = cos Residual shortcuts combined with layer normalization wrap every sub-laye"
2603.13818v1,2603.13818v1:19499-21742,PA-Net: Precipitation-Adaptive Mixture-of-Experts ,0.757,2243,(ii) a progressive refinement training protocol that iteratively sharpens predictions for tail-end events; and (iii) a self-adaptive loss formulation that re-we
2603.13818v1,2603.13818v1:21743-23869,PA-Net: Precipitation-Adaptive Mixture-of-Experts ,0.791,2126,token. For notational convenience we write n = h p × w h p × w t ∈R p for the total number of spatial tokens per frame. 2) Solar-Geometric Positional Encoding: 
2603.13818v1,2603.13818v1:23870-25453,PA-Net: Precipitation-Adaptive Mixture-of-Experts ,0.624,1583,"interactions are modeled after projecting the feature map to a coarser resolution. Given the reshaped input ˜Xs ∈R(B·T )×H×W ×D, a strided 2-D convolution yield"
2603.13818v1,2603.13818v1:25454-27439,PA-Net: Precipitation-Adaptive Mixture-of-Experts ,0.748,1985,capacity on the rare yet high-impact tail of the precipitation distribution. 4) Precipitation-Adaptive MoE: Rainfall intensity distributions in real-world datas
2603.13818v1,2603.13818v1:27440-29363,PA-Net: Precipitation-Adaptive Mixture-of-Experts ,0.701,1923,"provisions a rich expert ensemble for torrential-rain tokens residing in the distribution tail, kmed supplies a moderate panel for transitional rainfall intensi"
2603.13818v1,2603.13818v1:29364-31330,PA-Net: Precipitation-Adaptive Mixture-of-Experts ,0.653,1966,"hidden states Ht+1, . . . , Ht+j into discrete rainfall intensity categories through a stack of convolutional layers followed by non-linear activations, produci"
2603.13818v1,2603.13818v1:31331-33426,PA-Net: Precipitation-Adaptive Mixture-of-Experts ,0.697,2095,"entropy of the per-token routing distribution: Ntok X N X Ldecisive = 1 Ntok   − πj,e log(πj,e + ϵ) , (24) e=1 j=1 where πj,e is the router probability assign"
2603.13818v1,2603.13818v1:33427-35360,PA-Net: Precipitation-Adaptive Mixture-of-Experts ,0.664,1933,"available meteorological archive is employed to benchmark PA-Net: ERA5. ERA5. Twelve hourly atmospheric fields serve as predictors: historical precipitation, re"
2603.13818v1,2603.13818v1:35361-36997,PA-Net: Precipitation-Adaptive Mixture-of-Experts ,0.572,1636,"results. PA-Net attains the best scores on both benchmarks. On ERA5, it surpasses the strongest competitor by at least 5.54 percentage points in IoU and 3.94 po"
2603.13818v1,2603.13818v1:36998-38937,PA-Net: Precipitation-Adaptive Mixture-of-Experts ,0.727,1939,87.23 51.71 25.13 19.36 13.88 TAU 88.41 52.30 26.33 19.31 12.58 PA-Net 88.89 57.78 32.45 24.37 23.41 representational resources on the rarest and most challengi
2603.13818v1,2603.13818v1:38938-39974,PA-Net: Precipitation-Adaptive Mixture-of-Experts ,0.129,1036,4∼5 5∼6 Pers. 31.10 28.64 26.98 25.78 24.89 24.22 Clim. 13.36 13.36 13.36 13.36 13.36 13.36 W-Clim. 16.68 16.68 16.68 16.68 16.68 16.68 ConvLSTM 40.52 40.10 38.
2603.13818v1,2603.13818v1:39975-41857,PA-Net: Precipitation-Adaptive Mixture-of-Experts ,0.737,1882,TAU 22.78 22.17 21.15 20.11 19.05 18.20 PA-Net 29.92 27.70 24.83 23.41 21.79 20.07 TS↑ TABLE V COMPONENT ABLATION ON THE ERA5 DATASET. PA-MOE: PRECIPITATION-ADA
2603.13818v1,2603.13818v1:41858-44010,PA-Net: Precipitation-Adaptive Mixture-of-Experts ,0.891,2152,"hours of multi-variate atmospheric input. Darker shading corresponds to higher rainfall accumulation. By routing additional experts to high-intensity tokens, PA"
2603.16976v1,2603.16976v1:0-2451,Implementation of tangent linear and adjoint model,0.843,2451,"Implementation of tangent linear and adjoint models for neural networks based on a compiler library tool Sa Xiao,a,b Hao Jing*, a,b Honglu Sun, a,b Haoyu Li,a,b"
2603.16976v1,2603.16976v1:2452-5171,Implementation of tangent linear and adjoint model,0.876,2719,"takes numerical weather prediction (NWP) as the core, and uses artificial intelligence techniques to improve the accuracy and computational efficiency of the wh"
2603.16976v1,2603.16976v1:5172-7788,Implementation of tangent linear and adjoint model,0.901,2616,Transformer models. Another commonly used coupling approach separates the Fortran-based host model and Python-based deep learning components into two groups of 
2603.16976v1,2603.16976v1:7789-10481,Implementation of tangent linear and adjoint model,0.857,2692,parallel granularities as well as efficient parallel execution represents a core requirement for achieving the deep integration of artificial intelligence and n
2603.16976v1,2603.16976v1:10482-13009,Implementation of tangent linear and adjoint model,0.826,2527,"input data transmitted from the Fortran numerical model, invoking the model to complete inference calculations, and returning the inference results to the Fortr"
2603.16976v1,2603.16976v1:13010-15542,Implementation of tangent linear and adjoint model,0.846,2532,"between the two languages. (3) Model Loading and Inference. In terms of model loading, this tool leverages the torch::jit::load function provided by LibTorch to"
2603.16976v1,2603.16976v1:15543-18068,Implementation of tangent linear and adjoint model,0.853,2525,by differences in memory layout while minimizing performance loss during data adjustment. The entire process of model loading and inference is encapsulated with
2603.16976v1,2603.16976v1:18069-20666,Implementation of tangent linear and adjoint model,0.828,2597,"weather prediction, a blocked data processing technique is used to split large-scale data into small chunks, which are loaded and inferred in batches to avoid r"
2603.16976v1,2603.16976v1:20667-23232,Implementation of tangent linear and adjoint model,0.861,2565,"addition, it is necessary to verify the consistency between the calculated derivatives of neural network parameters obtained by the automatic differentiation al"
2603.16976v1,2603.16976v1:23233-25814,Implementation of tangent linear and adjoint model,0.844,2581,"learn the nonlinear characteristics, spatiotemporal evolution laws, and complex influencing factors in the non-orographic gravity wave drag process, laying a da"
2603.16976v1,2603.16976v1:25815-28484,Implementation of tangent linear and adjoint model,0.863,2669,is performed separately for each input physical variable and each vertical model level. This eliminates magnitude differences across variables and vertical leve
2603.16976v1,2603.16976v1:28485-30961,Implementation of tangent linear and adjoint model,0.831,2476,"scalars separately. The neural network model for non-orographic gravity wave drag was trained and optimized offline. On the test set, the deviations between the"
2603.16976v1,2603.16976v1:30962-33349,Implementation of tangent linear and adjoint model,0.783,2387,"8000 cores, the inference speed of the deep learning model outperforms the original non-orographic gravity wave drag physical scheme, with a twofold improvement"
2603.16976v1,2603.16976v1:33350-35841,Implementation of tangent linear and adjoint model,0.762,2491,"y T T x x k y k M x z x x y x ( ) | ， 0 0 0 Combined with the computation graph in Figure 3, given the adjoint at point y is known as , the inference state y is"
2603.16976v1,2603.16976v1:35842-37818,Implementation of tangent linear and adjoint model,0.761,1976,as follows: (1) Compatibility: It resolves the cross-language compatibility issue between Fortran-based numerical models and Python-based deep learning framewor
2603.22320v3,2603.22320v3:0-2272,How Can Machine Learning Emulators Best Support Cl,0.828,2272,How Can Machine Learning Emulators Best Support Climate Science? Mikel N. Legasa Laboratoire des Sciences du Climat et de l’Environnement (LSCE) Abstract For de
2603.22320v3,2603.22320v3:2273-4549,How Can Machine Learning Emulators Best Support Cl,0.785,2276,"∗Equal contribution, other authors in alphabetical order Preprint. Nina Effenberger ∗ Institute for Atmospheric and Climate Science ETH Zurich nina.effenberger@"
2603.22320v3,2603.22320v3:4550-6932,How Can Machine Learning Emulators Best Support Cl,0.819,2382,"al., 2020] or CMIP6 [Eyring et al., 2016, Adams et al., 2018], while other approaches are often considered only once traditional models reach their limits. More"
2603.22320v3,2603.22320v3:6933-9292,How Can Machine Learning Emulators Best Support Cl,0.745,2359,"that shape how climate scientists and machine learning researchers approach emulation. In Section 4, we establish a systematic framework for developing scientif"
2603.22320v3,2603.22320v3:9293-11559,How Can Machine Learning Emulators Best Support Cl,0.748,2266,"also extend the modeling pipeline by directly integrating post-processing, such as bias correction or extreme event simulation (extension). 2.2 What can emulato"
2603.22320v3,2603.22320v3:11560-14012,How Can Machine Learning Emulators Best Support Cl,0.769,2452,"knowledge [Reichstein et al., 2019] and may also create opportunities for scientific discovery [Qian et al., 2022, Beucler et al., 2025]. 3The boundary between "
2603.22320v3,2603.22320v3:14013-16335,How Can Machine Learning Emulators Best Support Cl,0.763,2322,"usually not necessary. proceed largely independently and rarely intersect. To better understand this disconnect, we first describe the typical perspectives and "
2603.22320v3,2603.22320v3:16336-18862,How Can Machine Learning Emulators Best Support Cl,0.815,2526,"many researchers work at the intersection of both fields (including the authors of this paper), and their degree of engagement with either community varies depe"
2603.22320v3,2603.22320v3:18863-21196,How Can Machine Learning Emulators Best Support Cl,0.757,2333,and design choices are frequently guided by relative model rankings rather than a clear assessment of how well an emulator serves a specific application. In add
2603.22320v3,2603.22320v3:21197-23567,How Can Machine Learning Emulators Best Support Cl,0.735,2370,"of model architectures under the assumption that data are exchangeable. However, in climate science, data is tied to its physical context, and model performance"
2603.22320v3,2603.22320v3:23568-25889,How Can Machine Learning Emulators Best Support Cl,0.731,2321,"coherent weather phenomena through object-based metrics [Doury et al., 2023], and, for generative models, represent plausible uncertainty ranges for selected sc"
2603.22320v3,2603.22320v3:25890-28258,How Can Machine Learning Emulators Best Support Cl,0.73,2368,documented Generalizability Purpose-driven evaluation • Application-relevant metrics • Extremes & object-based metrics • Downstream impact tests 4.2 Trustworthi
2603.22320v3,2603.22320v3:28259-30593,How Can Machine Learning Emulators Best Support Cl,0.773,2334,"al., 2013]. Establishing the trust necessary to apply emulators beyond their original development context requires an explicit assessment of their ability to ge"
2603.22320v3,2603.22320v3:30594-33076,How Can Machine Learning Emulators Best Support Cl,0.768,2482,"2025, Addison et al., 2026, Legasa et al., 2026]. In theory, the application of emulators is relatively straightforward. Since emulators function essentially as"
2603.22320v3,2603.22320v3:33077-35565,How Can Machine Learning Emulators Best Support Cl,0.836,2488,"presenting a new method. However, if there is no evidence that a model is likely to fit the specific scope, the perceived risk of wasting the applied researcher"
2603.22320v3,2603.22320v3:35566-37983,How Can Machine Learning Emulators Best Support Cl,0.774,2417,"[Ullrich et al., 2025]. This differs from weather emulation, where short-term forecasts can often be made from the current atmosphere [e.g. Price et al., 2025]."
2603.22320v3,2603.22320v3:37984-39905,How Can Machine Learning Emulators Best Support Cl,0.678,1921,"L.S. was supported by the Deutsche Forschungsgemeinschaft (DFG, German Research Foundation) under Germany’s Excellence Strategy – EXC number 2064/1 – Project nu"
2603.22320v3,2603.22320v3:39906-42205,How Can Machine Learning Emulators Best Support Cl,0.742,2299,"However, we want to highlight that these papers can often serve as an in-between step before generating new knowledge. For instance, see the example of tropical"
2603.22320v3,2603.22320v3:42206-44190,How Can Machine Learning Emulators Best Support Cl,0.803,1984,the use of an emulator for this problem. – Explain why an emulator is needed in this context. – Clarify the expected added value relative to the input. – Explai
2605.14317v1,2605.14317v1:0-2271,Guided Diffusion Sampling for Precipitation Foreca,0.833,2271,"Guided Diffusion Sampling for Precipitation Forecast Interventions Ayumu Ueyama1, Kazuhiko Kawamoto1, Hiroshi Kera1,2∗ 1 Chiba University 2 National Institute o"
2605.14317v1,2605.14317v1:2272-4648,Guided Diffusion Sampling for Precipitation Foreca,0.791,2376,"Recent advances in data-driven weather forecasting models provide a promising framework for intervention. Unlike time-consuming NWP models, data-driven models c"
2605.14317v1,2605.14317v1:4649-6965,Guided Diffusion Sampling for Precipitation Foreca,0.801,2316,"• Our method generates perturbations by guiding the sampling trajectory of the diffusion model, rather than directly perturbing atmospheric states as in adversa"
2605.14317v1,2605.14317v1:6966-9093,Guided Diffusion Sampling for Precipitation Foreca,0.692,2127,"32]. These models reduce inference time and computational cost compared to NWP models, enabling real-time forecasting. GenCast [35] is a diffusion-based conditi"
2605.14317v1,2605.14317v1:9094-11110,Guided Diffusion Sampling for Precipitation Foreca,0.694,2016,"ˆXt+1). Moreover, while the intervention can be applied only briefly, its effect must persist to influence the forecast at t + T. In our formulation, the interv"
2605.14317v1,2605.14317v1:11111-12830,Guided Diffusion Sampling for Precipitation Foreca,0.573,1719,"δt+1 L PR 3.2 Physical Plausibility of Intervention h δt+1 i+1 ←δt+1 i −η · Clip 3 , (1) f( ˆXt+1 + δt+1)   , (2) ˆXt+T ii  h , (3) ∇δt+1 i L PR  h ˆXt+T i"
2605.14317v1,2605.14317v1:12831-14536,Guided Diffusion Sampling for Precipitation Foreca,0.572,1705,"refinement steps, the final residual Zt+1 := Zt+1 N is obtained, and the forecast is reconstructed by Eq. (4). 4.2 Diffusion Sampling with Gradient-Based Guidan"
2605.14317v1,2605.14317v1:14537-16630,Guided Diffusion Sampling for Precipitation Foreca,0.702,2093,i . The final guided forecast ˜Xt+1 is reconstructed from the modified residual. inference using the representative noise levels. By replacing f with ˆf in Eq. 
2605.14317v1,2605.14317v1:16631-18829,Guided Diffusion Sampling for Precipitation Foreca,0.732,2198,"We collected extreme precipitation events from WeatherBench2 [36]. We use WeatherBench2 data from 2022 at 1◦resolution, following the evaluation setup of AOWF ["
2605.14317v1,2605.14317v1:18830-21150,Guided Diffusion Sampling for Precipitation Foreca,0.821,2320,that limits the spatial standard deviation of each perturbed atmospheric variable. The optimization is performed for 50 iterative update steps. For both our met
2605.14317v1,2605.14317v1:21151-23393,Guided Diffusion Sampling for Precipitation Foreca,0.813,2242,"gradually, increasing it in nearby regions. The colorbar reports 12-hour total precipitation in mm. largest precipitation reduction ratio and the highest succes"
2605.14317v1,2605.14317v1:23394-25307,Guided Diffusion Sampling for Precipitation Foreca,0.686,1913,AOWF [24] 0.9491 1.000 15.95 435.0 Ours (λ = 1000) 0.3136 0.7818 0.9397 2.973 Ours (λ = 2500) 0.5414 0.9420 1.765 4.945 Ours (λ = 5000) 0.7198 0.9972 2.596 8.14
2605.14317v1,2605.14317v1:25308-27739,Guided Diffusion Sampling for Precipitation Foreca,0.844,2431,guidance scales λ. 8 Denoiser + Denoiser Denoiser Input conditions Evaluation target Reanalysis Standard Intervention Encoder Decoder Processor Figure 4: Illust
2605.14317v1,2605.14317v1:27740-30126,Guided Diffusion Sampling for Precipitation Foreca,0.884,2386,"(Xt, ˆXt+1), and the intervention forecast (Xt, ˜Xt+1). We quantify deviations of the standard and intervention latents from the reanalysis latents at each samp"
2605.14317v1,2605.14317v1:30127-32560,Guided Diffusion Sampling for Precipitation Foreca,0.843,2433,the dataset. The reanalysis latent of the selected evaluation sample is denoted the reanalysis target point (red star). Arrows indicate latent trajectories acro
2605.14317v1,2605.14317v1:32561-34631,Guided Diffusion Sampling for Precipitation Foreca,0.729,2070,"produces 12-hour forecasts in a single step, GraphCast outputs 6-hour forecasts per step. Accordingly, we add δt+1 to ˆXt+1 (i.e., ˜Xt+1 = ˆXt+1 + δt+1) and fee"
2605.14317v1,2605.14317v1:34632-36982,Guided Diffusion Sampling for Precipitation Foreca,0.827,2350,"in the India and Brazil cases but fails to achieve a sufficient reduction in the Japan case. In contrast, our method clearly reduces precipitation in India and "
2605.14317v1,2605.14317v1:36983-39407,Guided Diffusion Sampling for Precipitation Foreca,0.824,2424,"work focuses on the technical aspects of weather control. However, it is worth noting that the ethical implications and potential risks are also important areas"
2605.14317v1,2605.14317v1:39408-41864,Guided Diffusion Sampling for Precipitation Foreca,0.796,2456,"of GenCast and then explain the evaluation procedure. B.1 GenCast’s denoiser architecture In GenCast, the denoiser is implemented as a deep neural network consi"
2605.14317v1,2605.14317v1:41865-44073,Guided Diffusion Sampling for Precipitation Foreca,0.782,2208,"subset of cases. Here, we provide results for additional regions to offer a more comprehensive view of the latent-space behavior. Specifically, we include resul"
2605.14317v1,2605.14317v1:44074-45977,Guided Diffusion Sampling for Precipitation Foreca,0.718,1903,shows decreases in both the reduction ratio and the success rate when transferred to GraphCast. This indicates that adversarial perturbations exhibit limited cr
2605.14317v1,2605.14317v1:45978-47446,Guided Diffusion Sampling for Precipitation Foreca,0.653,1468,binary occurrence is determined by the extreme-precipitation threshold τ defined in Section A. Higher is better. FSS@1◦↑ FSS@3◦↑ FSS@5◦↑ AOWF 0.4652 0.5493 0.57
2605.17603v1,2605.17603v1:0-2290,Longwang: Zero-Shot Global Spatiotemporal Precipit,0.801,2290,Longwang: Zero-Shot Global Spatiotemporal Precipitation Downscaling with a Latent Generative Prior arXiv:2605.17603v1 [physics.ao-ph] 17 May 2026 Yue Wang1* and
2605.17603v1,2605.17603v1:2291-4859,Longwang: Zero-Shot Global Spatiotemporal Precipit,0.869,2568,and heavy-tailed intensity distribution. Capturing this regional and temporal heterogeneity within a unified global downscaling framework at high spatiotemporal
2605.17603v1,2605.17603v1:4860-7325,Longwang: Zero-Shot Global Spatiotemporal Precipit,0.835,2465,"in relatively homogeneous regions, where an unconditional generative prior can adequately represent the local distribution [15, 16]. Extending this formulation "
2605.17603v1,2605.17603v1:7326-9671,Longwang: Zero-Shot Global Spatiotemporal Precipit,0.804,2345,"on a single H100 80GB GPU. • At inference, Longwang generates each ensemble member in approximately 30 seconds on the same hardware, making ensemble-based uncer"
2605.17603v1,2605.17603v1:9672-11892,Longwang: Zero-Shot Global Spatiotemporal Precipit,0.841,2220,"structures [22]. In the full Longwang pipeline, sampling from the diffusion prior in latent space partially restores this fine-scale variability. 2.2 Regional a"
2605.17603v1,2605.17603v1:11893-14093,Longwang: Zero-Shot Global Spatiotemporal Precipit,0.814,2200,"Figs. 4 and 5). Together, these results show that Longwang uses spatiotemporal context to represent region- and season-specific precipitation climatology and va"
2605.17603v1,2605.17603v1:14094-15452,Longwang: Zero-Shot Global Spatiotemporal Precipit,0.472,1358,"three methods. See Supplementary Section 5 for metric definitions. Performance Scores Model R2 ↑ Wasserstein (mm) ↓ CRPS (mm) ↓ MCE (%) ↓ Bi+UT 0.89 (0.80, 0.95"
2605.17603v1,2605.17603v1:15453-17584,Longwang: Zero-Shot Global Spatiotemporal Precipit,0.739,2131,"(Bi+UT): a simple non-parametric reference that upsamples the 2◦monthly total to 0.25◦resolution and distributes the result uniformly across the 32-day window, "
2605.17603v1,2605.17603v1:17585-19815,Longwang: Zero-Shot Global Spatiotemporal Precipit,0.841,2230,"input (LR, 2◦× 2◦); a2, high-resolution ground truth (HR, 0.25◦× 0.25◦); a3, Longwang; and a4, unconditional generative prior. iv, Daily precipitation snapshots"
2605.17603v1,2605.17603v1:19816-21926,Longwang: Zero-Shot Global Spatiotemporal Precipit,0.778,2110,"samples, the isotropic power spectra show that Longwang better preserves high-frequency signals than the unconditional prior (Fig. 3ii,c). The fractions skill s"
2605.17603v1,2605.17603v1:21927-24130,Longwang: Zero-Shot Global Spatiotemporal Precipit,0.812,2203,"climate model inputs at approximately 1◦for July 2007. (b1–b6) Per-model ensemble means of the 50 Longwang downscaling samples. (c1–c6, d1–d6, e1–e6) Three indi"
2605.17603v1,2605.17603v1:24131-26290,Longwang: Zero-Shot Global Spatiotemporal Precipit,0.768,2159,"0.5, σy = 15). The downscaled ensemble mean for each model therefore preserves its own large-scale precipitation pattern (Fig. 4 a1–a6 versus b1–b6). Longwang’s"
2605.17603v1,2605.17603v1:26291-28472,Longwang: Zero-Shot Global Spatiotemporal Precipit,0.82,2181,the Longwang ensemble spread includes both model-to-model differences and within-model stochastic variability from the generated samples. For MPI-ESM and NorESM
2605.17603v1,2605.17603v1:28473-30261,Longwang: Zero-Shot Global Spatiotemporal Precipit,0.741,1788,"and σy = 40. To isolate the fine-scale structure added by Longwang, we compare the downscaled fields with the linearly upsampled input fields (Fig. 5 g–i). The "
2605.17603v1,2605.17603v1:30262-32764,Longwang: Zero-Shot Global Spatiotemporal Precipit,0.836,2502,(orange). Light lines show the 20 individual ensemble members per scenario; solid bold lines show the ensemble mean. 3 Discussion We introduced Longwang as a fl
2605.17603v1,2605.17603v1:32765-35274,Longwang: Zero-Shot Global Spatiotemporal Precipit,0.849,2509,missed by coarse numerical simulations. This framework can be further applied to different future climate projection scenarios under substantial distribution sh
2605.17603v1,2605.17603v1:35275-37549,Longwang: Zero-Shot Global Spatiotemporal Precipit,0.784,2274,"on daily precipitation. Extending the framework to hourly downscaling from daily inputs, should require only appropriate training data and observation operators"
2605.17603v1,2605.17603v1:37550-39800,Longwang: Zero-Shot Global Spatiotemporal Precipit,0.813,2250,downscaling performance on the held-out ERA5 test split. The coarse input is constructed from the high-resolution target using the accumulation operator describ
2605.17603v1,2605.17603v1:39801-42118,Longwang: Zero-Shot Global Spatiotemporal Precipit,0.783,2317,"ensembles. In the paired ERA5 test setting, where high-resolution ERA5 fields provide corresponding ground truth, we use the coefficient of determination (R2) o"
2605.17603v1,2605.17603v1:42119-44235,Longwang: Zero-Shot Global Spatiotemporal Precipit,0.735,2116,"reparameterisation trick [21]. The VAE is trained with the loss LVAE = λrec L1 + λsg L∇xy + λtg L∇t + λKL DKL(q(z|x) ∥p(z)) , (2) where L1 is the pointwise L1 r"
2605.17603v1,2605.17603v1:44236-46259,Longwang: Zero-Shot Global Spatiotemporal Precipit,0.689,2023,"and diffusion coefficients, w(τ) is a standard Wiener process, and τ ∈[0, 1] indexes the noise level. Because the SDE is linear, the perturbation kernel has a c"
2605.17603v1,2605.17603v1:46260-47829,Longwang: Zero-Shot Global Spatiotemporal Precipit,0.484,1569,"the coarse cell, and the outer temporal integral accumulates these daily precipitation pτ(z(τ) | z0) = N h εθ LDSM = Ep(z) U(τ) N (ε)      ∇z(τ) log pτ z(τ) | "
2605.17603v1,2605.17603v1:47830-49622,Longwang: Zero-Shot Global Spatiotemporal Precipit,0.588,1792,"y, c), which decomposes as ∇z(τ) log p(z(τ) | y, c) = ∇z(τ) log pτ(z(τ) | c) + ∇z(τ) log p(y | z(τ)). (11) The prior score is provided by the trained network εθ"
2605.17603v1,2605.17603v1:49623-51301,Longwang: Zero-Shot Global Spatiotemporal Precipit,0.753,1678,"provides a simple scalar approximation to this covariance, becoming large at high noise levels and vanishing as τ →0. The resulting posterior-guided noise predi"
2605.30122v2,2605.30122v2:0-2260,Beyond MSE: Improving Precipitation Nowcasting wit,0.778,2260,"Beyond MSE: Improving Precipitation Nowcasting with Multi-Quantile Regression Gijs van Nieuwkoop, Siamak Mehrkanoon∗ Department of Information and Computing Sci"
2605.30122v2,2605.30122v2:2261-4641,Beyond MSE: Improving Precipitation Nowcasting wit,0.805,2380,"as a central deterministic forecast, while higher quantiles provide upper-tail estimates that are naturally suited to risk-sensitive prediction of heavy precipi"
2605.30122v2,2605.30122v2:4642-6795,Beyond MSE: Improving Precipitation Nowcasting wit,0.815,2153,"and intense rainfall occupies only a small fraction of the domain. Weighted and balanced losses can partly address this by emphasizing heavier precipitation [7,"
2605.30122v2,2605.30122v2:6796-8994,Beyond MSE: Improving Precipitation Nowcasting wit,0.805,2198,"hybrid weighting, highintensity-oriented losses and focal losses for difficult future frames [22, 23, 24]. Other objectives incorporate perceptual or structural"
2605.30122v2,2605.30122v2:8995-10716,Beyond MSE: Improving Precipitation Nowcasting wit,0.763,1721,"denote the corresponding sequence of 𝐿future maps. A model with parameters 𝜃learns a mapping 𝑓𝜃∶𝐗𝑡↦̂ 𝐘𝑡. In the deterministic setting,̂ 𝐘𝑡∈ℝ𝐿×𝐻×𝑊, with one pred"
2605.30122v2,2605.30122v2:10717-12315,Beyond MSE: Improving Precipitation Nowcasting wit,0.714,1598,"median, while higher quantiles represent uppertail precipitation estimates. Throughout this work, we use = {0.5, 0.9, 0.95}. The median output is used as the c"
2605.30122v2,2605.30122v2:12316-13872,Beyond MSE: Improving Precipitation Nowcasting wit,0.686,1556,upward relative to the central estimate and represent upper-tail precipitation behavior. Only one future precipitation sequence is observed for each input seque
2605.30122v2,2605.30122v2:13873-15381,Beyond MSE: Improving Precipitation Nowcasting wit,0.697,1508,shown in Figure 3. The selected configuration retains the largest weight on the central estimate while still incorporating training feedback from the higher qua
2605.30122v2,2605.30122v2:15382-17677,Beyond MSE: Improving Precipitation Nowcasting wit,0.777,2295,"MSE and MAE are symmetric with respect to the sign of the error, as shown in Figure 2. MSE penalizes large errors quadratically, whereas MAE applies a linear pe"
2605.30122v2,2605.30122v2:17678-19861,Beyond MSE: Improving Precipitation Nowcasting wit,0.737,2183,and output dimensionality varied. 4.1. Dataset and preprocessing We use the same KNMI radar precipitation dataset as the original SmaAt-UNet study [8]. The data
2605.30122v2,2605.30122v2:19862-21388,Beyond MSE: Improving Precipitation Nowcasting wit,0.573,1526,"ordering, each configuration was trained five times, after which the checkpoint with the lowest validation loss across runs was evaluated on the test set. All r"
2605.30122v2,2605.30122v2:21389-23622,Beyond MSE: Improving Precipitation Nowcasting wit,0.836,2233,0.096 0.376 0.890 0.202 ≥20 mm/h A likely explanation is that the upper-quantile objectives provide auxiliary training signals for the shared SmaAtUNet backbone
2605.30122v2,2605.30122v2:23623-25414,Beyond MSE: Improving Precipitation Nowcasting wit,0.873,1791,whereas the MAE-trained model and the quantile median preserve more localized structure. The 𝑞= 0.90 and 𝑞= 0.95 outputs produce broader and more intense precip
2606.19302v1,2606.19302v1:0-2250,Optimal scenario design for climate emulation,0.795,2250,"Optimal scenario design for climate emulation Christopher B. Womacka,b, Shahine Bouabidc, Andrei Sokolovb, Popat Salunkeb, Glenn Flierlc, Sebastian D. Easthamd,"
2606.19302v1,2606.19302v1:2251-4461,Optimal scenario design for climate emulation,0.712,2210,"a more skillful emulator than training on ScenarioMIP outputs. Our results suggest that, in the compute-constrained environment of running full-scale climate mo"
2606.19302v1,2606.19302v1:4462-6441,Optimal scenario design for climate emulation,0.692,1979,"(2025). In climate science, ML emulators address the demand for spatially explicit projections beyond the standard suite of realistic emissions scenarios simula"
2606.19302v1,2606.19302v1:6442-8622,Optimal scenario design for climate emulation,0.724,2180,"evaluation. As a result, emulators are largely trained on aggregate emission pathways, such as ScenarioMIP Beusch et al. (2020); Tebaldi et al. (2022); Bouabid "
2606.19302v1,2606.19302v1:8624-10976,Optimal scenario design for climate emulation,0.737,2352,Forward pass: train and test emulator Emulator training Test data Emulator testing 2 1 historical H-ext M ML L VLHO VLLO-ext Simple climate 60 Emissions [GtCO2/
2606.19302v1,2606.19302v1:10977-13294,Optimal scenario design for climate emulation,0.726,2317,"structure and feature design), both configurations use a multi-layer perceptron, the simplest possible neural network emulator. The emulator predicts temperatur"
2606.19302v1,2606.19302v1:13295-15504,Optimal scenario design for climate emulation,0.751,2209,"Priority 1 and 2 protocol Van Vuuren et al. (2026), and the 2025 MIT Global Change Outlook Paltsev et al. (2025)), along with idealized experiments from the CMI"
2606.19302v1,2606.19302v1:15505-17791,Optimal scenario design for climate emulation,0.828,2286,"an emulator on a naive, constant emissions time series (50 GtCO2/yr) yields poor initial predictions (green dot-dash line, Fig. 3c), iterative updates to the tr"
2606.19302v1,2606.19302v1:17792-19852,Optimal scenario design for climate emulation,0.665,2060,"where baseline emulator error is already minimal (O(10−2) vs. O(10−1) for other agents), the error in the optimized emulator decreases monotonically, suggesting"
2606.19302v1,2606.19302v1:19853-22031,Optimal scenario design for climate emulation,0.777,2178,"scenario (ScenarioMIP-CMIP7: Hext). (a) Ground-truth emissions trajectory. (b) Evolution of optimized training emissions over 1000 iterations, beginning from a "
2606.19302v1,2606.19302v1:22032-24293,Optimal scenario design for climate emulation,0.812,2261,"scenarios). While an idealized step-forcing yields a skillful emulator for many data-driven approaches Womack et al. (2026), it acts as a statistical outlier du"
2606.19302v1,2606.19302v1:24294-26701,Optimal scenario design for climate emulation,0.843,2407,the baseline emulator’s theoretical error lower bound (Fig. 5). The optimization process begins with a performance plateau attributable to small gradient magnit
2606.19302v1,2606.19302v1:26702-28576,Optimal scenario design for climate emulation,0.669,1874,"of emulating multiple agents and disaggregating their responses. Overfitting is most prevalent for the idealized DECK and realistic CS3 datasets, where 80 (a) C"
2606.19302v1,2606.19302v1:28577-30917,Optimal scenario design for climate emulation,0.818,2340,6). The emulator optimized over the combined dataset achieves high accuracy when evaluated on the out-of-distribution isolated forcing and climate intervention 
2606.19302v1,2606.19302v1:30918-33216,Optimal scenario design for climate emulation,0.765,2298,30 80 70 10−1 60 BC [Mt] 50 101 102 103 104 Update iteration no. 8 525 20 500 10 475 450 0 15 10 Sulfur [Mt] 5 1850 1900 1950 2000 2050 2100 2150 Year Figure 6:
2606.19302v1,2606.19302v1:33217-34979,Optimal scenario design for climate emulation,0.642,1762,"a 15.6% improvement on the idealized DECK. In contrast, optimizing from a constant initial condition produces a high-emissions trajectory (Fig. 7a) that lacks a"
2606.19302v1,2606.19302v1:34980-36818,Optimal scenario design for climate emulation,0.617,1838,−1 0 1 2 3 4 5 SCM-projected temperature anomaly [◦C] (a) Optimized emissions and resulting ∆T(t) (const. IC) (b) Optimized emissions and resulting ∆T(t) (sine 
2606.19302v1,2606.19302v1:36819-38885,Optimal scenario design for climate emulation,0.711,2066,10 10.0 7.5 ∆T(t) [◦C] 5.0 2.5 0.0 10.0 7.5 ∆T(t) [◦C] 5.0 2.5 0.0 19.7 58.4 53.1 28.8 Priority 1 Prioriity 2 DECK CS3 22.6 54.0 51.9 34.8 26.5 72.9 21.5 34.0 3
2606.19302v1,2606.19302v1:38886-41359,Optimal scenario design for climate emulation,0.804,2473,informative dataset based on a specific target rather than identify salient features from an existing dataset. Our application to an intermediate complexity cli
2606.19302v1,2606.19302v1:41360-43935,Optimal scenario design for climate emulation,0.822,2575,"SI Appendix 6, the generated trajectories illustrate that there is no single optimal scenario for training, but rather a family of optimal scenarios for a given"
2606.19302v1,2606.19302v1:43936-46370,Optimal scenario design for climate emulation,0.776,2434,"the next data point that minimizes the emulator’s loss. Second, we utilize the differentiability of our simple model to calibrate it to reproduce the median tem"
2606.19302v1,2606.19302v1:46371-48839,Optimal scenario design for climate emulation,0.829,2468,"missing from prior datasets Friedman (2002). Physically, a two-step training procedure could separate system identification from optimization: (1) estimate intr"
2606.19302v1,2606.19302v1:48840-51193,Optimal scenario design for climate emulation,0.761,2353,"large, impact-relevant ensembles in a fraction of the time, ultimately freeing computational resources to focus full-scale models on frontier Earth system scien"
2606.19302v1,2606.19302v1:51194-53439,Optimal scenario design for climate emulation,0.757,2245,"Implemented in JAX, this model leverages automatic differentiation for efficient gradient-based calibration while retaining the core structural components of Fa"
2606.19302v1,2606.19302v1:53440-54935,Optimal scenario design for climate emulation,0.83,1495,delegated to GAI tools under full human supervision: • Code generation • Code optimization • Proofreading and editing The GAI tool used was: Gemini 3.1 Pro. Res
2606.24563v1,2606.24563v1:0-2117,An observationally constrained probabilistic trigg,0.727,2117,"manuscript submitted to QJRMS An observationally constrained probabilistic trigger for organized deep convection in an NWP ensemble M. R. Muetzelfeldt1, R. S. P"
2606.24563v1,2606.24563v1:2118-4109,An observationally constrained probabilistic trigg,0.701,1991,"organized convection, producing high fractions of total rainfall over large swathes of the tropics and extratropics (Nesbitt et al., 2006; Feng et al., 2021). T"
2606.24563v1,2606.24563v1:4110-6366,An observationally constrained probabilistic trigg,0.748,2256,"organization of convection will occur. In previous studies, this has come solely from the convection parametrization scheme and the dynamical wind conditions, r"
2606.24563v1,2606.24563v1:6367-8559,An observationally constrained probabilistic trigg,0.752,2192,"MCSs, and second providing some justification for the length and time scales associated with the generated pattern. We initialize forecasts on the first of each"
2606.24563v1,2606.24563v1:8560-10606,An observationally constrained probabilistic trigg,0.713,2046,"(2025), and Stoch-PRIME-MCSP is the stochastic version of MCSP described below. For each configuration, 12 simulations initiated on the 1st of each month of 202"
2606.24563v1,2606.24563v1:10607-12849,An observationally constrained probabilistic trigg,0.74,2242,convection given that deep convection is active scales close to linearly with TCWV (our Figure 8a). The knowledge of whether deep convection is active in the nu
2606.24563v1,2606.24563v1:12850-15035,An observationally constrained probabilistic trigg,0.749,2185,due to its use of stochastic patterns. Halving or doubling the decorrelation length scale did not have a substantial impact on the spatial scale of simulated pr
2606.24563v1,2606.24563v1:15036-17098,An observationally constrained probabilistic trigg,0.734,2062,(30◦S–30◦N) using various length scales to obtain a series of spread-error relationships as a function of the width of the smoothing kernel. The aspect ratio is
2606.24563v1,2606.24563v1:17099-19135,An observationally constrained probabilistic trigg,0.815,2036,"domain) on 4 February 2020. We assess the degree of spatiotemporal organization using ASoP analysis (Section 2.4). The results are from a single, non-determinis"
2606.24563v1,2606.24563v1:19136-21214,An observationally constrained probabilistic trigg,0.766,2078,"over most areas except the subtropical highs and the Sahara. Both contribute too little from the low and extreme bins. The heavy bin also contributes too much, "
2606.24563v1,2606.24563v1:21215-22528,An observationally constrained probabilistic trigg,0.398,1313,"for the temporal correlation, although the temporal correlation of PRIME-MCSP is marginally too strong at longer lag times of nine hours (Lag 3) and longer. IME"
2606.24563v1,2606.24563v1:22529-24689,An observationally constrained probabilistic trigg,0.777,2160,"the overall distributions of precipitation (Figure 2) compared to Control. The top-heavy heating profile will stabilize the troposphere, which might lead to too"
2606.24563v1,2606.24563v1:24690-26532,An observationally constrained probabilistic trigg,0.647,1842,the double counting problem. The MSCP simulations are plausibly smoothing the precipitation field because of their use of spatiotemporal correlated patterns or 
2606.24563v1,2606.24563v1:26533-28746,An observationally constrained probabilistic trigg,0.781,2213,the end. This indicates that there is substantial noise in the unsmoothed precipitation which potentially saturates the spread and error earlier for them than f
2606.24563v1,2606.24563v1:28747-30968,An observationally constrained probabilistic trigg,0.792,2221,"tendencies produced by parametrization schemes but changing their vertical structure. However, similarly to SPPT, it does require the existing convection scheme"
2606.24563v1,2606.24563v1:30969-33143,An observationally constrained probabilistic trigg,0.782,2174,"and the momentum was shown to affect the precipitation structure. In future work, MCS momentum transports should also be considered, with care taken to calculat"
2606.24563v1,2606.24563v1:33144-34064,An observationally constrained probabilistic trigg,0.81,920,"Uncertainty Quantification for Earth System prediction’ (SUQCES). Data Availability The Unified Model output is stored on JASMIN, and will be made available upo"
2607.11457v1,2607.11457v1:0-2115,HourGlass: A probabilistic data-driven temporal do,0.775,2115,HOURGLASS: A PROBABILISTIC DATA-DRIVEN TEMPORAL DOWNSCALER FOR HOURLY GLOBAL AND REGIONAL WEATHER FORECASTING Magnus Sikora Ingstad a* Mariana C. A. Clare b* Ol
2607.11457v1,2607.11457v1:2116-4392,HourGlass: A probabilistic data-driven temporal do,0.759,2276,"consistent temporal evolution during rapidly evolving weather events, including extratropical cyclones and organised convection. Hourly precipitation remains a "
2607.11457v1,2607.11457v1:4393-6614,HourGlass: A probabilistic data-driven temporal do,0.786,2221,"mean squared error objective, and show signs of both spatial smoothing and jumpiness in the forecasts themselves. In this work, we present HourGlass, a probabil"
2607.11457v1,2607.11457v1:6615-8863,HourGlass: A probabilistic data-driven temporal do,0.761,2248,"the dataset we use. Although ERA5 reanalysis data exists at hourly resolution, the 4D-Var method used to create the reanalysis dataset means that it is not temp"
2607.11457v1,2607.11457v1:8864-11096,HourGlass: A probabilistic data-driven temporal do,0.728,2232,"same base model architecture as existing 6-hourly forecasting models [15, 20, 21, 17, 19]. The model is implemented within the Anemoi framework [5] and is based"
2607.11457v1,2607.11457v1:11097-13155,HourGlass: A probabilistic data-driven temporal do,0.701,2058,"a tendency rather than a full field. As a result, the residual target for the final timestep of the temporal downscaling window is zero, such that the model lea"
2607.11457v1,2607.11457v1:13156-15301,HourGlass: A probabilistic data-driven temporal do,0.742,2145,"issue, here we train on forecast data which is temporally more consistent within a given forecast integration. For our global forecast dataset, we use ECMWF’s o"
2607.11457v1,2607.11457v1:15302-17543,HourGlass: A probabilistic data-driven temporal do,0.744,2241,"7 is less abrupt. For Bris-HourGlass, we include an additional spatial consistency term, computing the two-dimensional fast Fourier transform (FFT) of {x} and y"
2607.11457v1,2607.11457v1:17544-19853,HourGlass: A probabilistic data-driven temporal do,0.737,2309,data-driven temporal downscaler for global and regional weather forecasting Figure 3: Construction of forecast datasets for training. A training sample must sta
2607.11457v1,2607.11457v1:19854-21892,HourGlass: A probabilistic data-driven temporal do,0.729,2038,that the resulting scores of methods (i) and (ii) are very similar in temporal consistency and we therefore adopt the simpler setup and train the temporal downs
2607.11457v1,2607.11457v1:21893-24165,HourGlass: A probabilistic data-driven temporal do,0.701,2272,temperature Solar insolation Temperature 2 m temperature Sine of Julian day Specific humidity 2 m dew point temperature Sine of latitude Wind speed u component 
2607.11457v1,2607.11457v1:24166-26381,HourGlass: A probabilistic data-driven temporal do,0.804,2215,"this is the most expensive part of training, we note that training for 1/3 the number of iterations on the final stage yields almost equal performance. 3 Verifi"
2607.11457v1,2607.11457v1:26382-28587,HourGlass: A probabilistic data-driven temporal do,0.798,2205,"(c) 2m temperature (southern hemisphere extratropics). Figure 6: RMSE of hourly forecasts produced by AIFSHourGlass applied to AIFS Single, compared to IFS hour"
2607.11457v1,2607.11457v1:28588-30783,HourGlass: A probabilistic data-driven temporal do,0.765,2195,"distribution (Figure 8). Including the aggregate terms min, max, and mean defined by (2) produces a distribution closer to the observed precipitation. Based on "
2607.11457v1,2607.11457v1:30784-33104,HourGlass: A probabilistic data-driven temporal do,0.82,2320,"The previous results considered the AIFS-HourGlass forecasts as individual snapshots, which does not directly assess the temporal structure of the reconstructed"
2607.11457v1,2607.11457v1:33105-35421,HourGlass: A probabilistic data-driven temporal do,0.812,2316,both evolve more rapidly in time and contain finer-scale spatial features. Bris-HourGlass performs particularly well for 2m temperature. It is shown in [20] tha
2607.11457v1,2607.11457v1:35422-37637,HourGlass: A probabilistic data-driven temporal do,0.82,2215,A probabilistic data-driven temporal downscaler for global and regional weather forecasting Figure 11: Fair CRPS of hourly forecasts produced by Bris-HourGlass 
2607.11457v1,2607.11457v1:37638-39810,HourGlass: A probabilistic data-driven temporal do,0.82,2172,"the MEPS control member, Bris-Hourglass run with the Bris forecaster, and Bris-Hourglass run with the IFS and MEPS analyses at 00, 06, 12 and 18 UTC as temporal"
2607.11457v1,2607.11457v1:39811-42027,HourGlass: A probabilistic data-driven temporal do,0.837,2216,SYNOP station observations. Shaded envelopes indicate the 10-90% quantile ranges. Initialisation time is 2025-10-03 06:00 UTC. We first look at Bris-HourGlass a
2607.11457v1,2607.11457v1:42028-44426,HourGlass: A probabilistic data-driven temporal do,0.848,2398,"and IFS. Both models produce similar overall precipitation patterns, with rainbands closely aligned with the storm’s frontal structures. In contrast to Bris-Hou"
2607.11457v1,2607.11457v1:44427-46639,HourGlass: A probabilistic data-driven temporal do,0.804,2212,"heavy rainfall and flash flooding. The pronounced spatial gradients, localised precipitation maxima, and rapid temporal evolution characteristic of such MCSs pr"
2607.11457v1,2607.11457v1:46640-48683,HourGlass: A probabilistic data-driven temporal do,0.722,2043,in a physically consistent manner. The time series of the area-averaged precipitation rate during the convective episode is shown in Figure 19b. Apart HourGlass
2607.11457v1,2607.11457v1:48684-50916,HourGlass: A probabilistic data-driven temporal do,0.836,2232,"of slight weakening, the observed precipitation generally increases from late 28 April to the end of 30 April. This overall evolution is captured by both AIFS-H"
2607.11457v1,2607.11457v1:50917-53102,HourGlass: A probabilistic data-driven temporal do,0.847,2185,"with observations. At this time, a southwest-northeast-oriented, back-bent line of cells is observed, generating strong localised precipitation while propagatin"
2607.11457v1,2607.11457v1:53103-55578,HourGlass: A probabilistic data-driven temporal do,0.87,2475,"but also due to the smooth fields used in input for AIFS-HourGlass Single. 5 Conclusion In this work, we introduce HourGlass, a probabilistic methodology for re"
2607.11457v1,2607.11457v1:55579-57648,HourGlass: A probabilistic data-driven temporal do,0.833,2069,"the HourGlass loss function will be investigated, such as introducing a multi-scale loss and adding terms to discourage insufficient spread near the boundaries."
2608.06082v1,2608.06082v1:0-2225,Dense-Cast: A lightweight ensemble of deep learnin,0.831,2225,"Dense-Cast: A lightweight ensemble of deep learning architectures for precipitation nowcasting Gourav Jyoti Kalita1, Hidam Kumarjit Singh1 1Department of Electr"
2608.06082v1,2608.06082v1:2226-4676,Dense-Cast: A lightweight ensemble of deep learnin,0.818,2450,"forecasting is crucial for disaster management and preparedness. In the field of meteorology, nowcasting pertains to the prediction of a weather variable with a"
2608.06082v1,2608.06082v1:4677-7026,Dense-Cast: A lightweight ensemble of deep learnin,0.749,2349,"has its limitations. Challenges in effective communication of the results can arise, and it tends to be more computationally intensive as compared to determinis"
2608.06082v1,2608.06082v1:7027-9110,Dense-Cast: A lightweight ensemble of deep learnin,0.8,2083,The method was reported to be able to generate forecasts for the next 120 minutes based on precipitation data from the previous 120 minutes. This method is para
2608.06082v1,2608.06082v1:9111-11339,Dense-Cast: A lightweight ensemble of deep learnin,0.779,2228,in the reserved forests and sanctuaries and cause grave suffering to them as well [15]. Effective short-term precipitation forecasting is crucial for mitigating
2608.06082v1,2608.06082v1:11340-13698,Dense-Cast: A lightweight ensemble of deep learnin,0.812,2358,"filling missing data Search for missing timestamps, and if any missing timestamps are found, recollect the missing data to fill the gaps Reducing redundancy If "
2608.06082v1,2608.06082v1:13699-15497,Dense-Cast: A lightweight ensemble of deep learnin,0.762,1798,which helps to alleviate the vanishing gradient problem occurring in large convolutional feedforward architectures. The mappings obtained by the residual blocks
2608.06082v1,2608.06082v1:15498-17512,Dense-Cast: A lightweight ensemble of deep learnin,0.787,2014,"are utilising a depth of, 𝑗= 3. (iv) Transition block: The transition block used here is composed of a pointwise convolution layer followed by a 2x2 max pooling"
2608.06082v1,2608.06082v1:17513-19301,Dense-Cast: A lightweight ensemble of deep learnin,0.744,1788,network with the layer normalization and the dropout applied additionally. (vi) Decoder: It comprises transpose convolutions and residual blocks that reconstruc
2608.06082v1,2608.06082v1:19302-21575,Dense-Cast: A lightweight ensemble of deep learnin,0.733,2273,"Here, the model takes five consecutive frames of half-hourly precipitation, i.e., t to t-4, and produces the precipitation maps for t+1 and t+2. Figure 5: Struc"
2608.06082v1,2608.06082v1:21576-23017,Dense-Cast: A lightweight ensemble of deep learnin,0.68,1441,"the MAE, the better the model predictions. RMSE MAE 𝑀𝐴𝐸= 1 𝑛 ∑|𝑌𝑎𝑐𝑡𝑢𝑎𝑙− 𝑌𝑝𝑟𝑒𝑑𝑖𝑐𝑡𝑒𝑑| The square root of the mean of the squared difference between the actual val"
2608.06082v1,2608.06082v1:23018-25097,Dense-Cast: A lightweight ensemble of deep learnin,0.756,2079,"higher than those of the U-Net model, the higher KGE score signifies that the model is able to capture the variability and correlation effectively. The proposed"
2608.08436v1,2608.08436v1:0-2292,FreCast: Refining Radar Echo Intensity via Phase-P,0.861,2292,"FreCast: Refining Radar Echo Intensity via Phase-Preserving Amplitude Residual Diffusion for Precipitation Nowcasting Heping Fang, Zihuai Yin, Kaicheng Mao, Pei"
2608.08436v1,2608.08436v1:2293-4696,FreCast: Refining Radar Echo Intensity via Phase-P,0.808,2403,"was supported in part by the National Natural Science Foundation of China under Grant 62272210, and Grant 62331014.(Corresponding author: Peng Yang). Heping Fan"
2608.08436v1,2608.08436v1:4697-7092,FreCast: Refining Radar Echo Intensity via Phase-P,0.834,2395,be broadly divided into deterministic and generative paradigms. Deterministic forecasting models [14]– [17] map an observed radar sequence to a single future se
2608.08436v1,2608.08436v1:7093-9570,FreCast: Refining Radar Echo Intensity via Phase-P,0.832,2477,"respectively, indicating that the prediction errors are not primarily caused by large-scale spatial displacement. (c), Contributions of the hit, missed, and fal"
2608.08436v1,2608.08436v1:9571-12068,FreCast: Refining Radar Echo Intensity via Phase-P,0.86,2497,anchor and models only the remaining amplitude-spectrum residual. The supervision target is defined as the difference between the normalized ground-truth amplit
2608.08436v1,2608.08436v1:12069-14478,FreCast: Refining Radar Echo Intensity via Phase-P,0.855,2409,"is a representative recurrent method. PredRNN, MIM, PredRNN++, and MAU further improve memory propagation, nonstationary dynamics modeling, and motion represent"
2608.08436v1,2608.08436v1:14479-16982,FreCast: Refining Radar Echo Intensity via Phase-P,0.84,2503,they differ in their refinement targets and modeling domains. C. Frequency-Domain Modeling for Precipitation Nowcasting Frequency information has been incorpora
2608.08436v1,2608.08436v1:16983-18916,FreCast: Refining Radar Echo Intensity via Phase-P,0.618,1933,"t=−Tin+1, with X ∈RTin×C×H×W , a model learns a mapping function Fθ to predict the future radar echo sequence Y = {Yt}Tout t=1 , with Y ∈RTout×C×H×W . This form"
2608.08436v1,2608.08436v1:18917-20971,FreCast: Refining Radar Echo Intensity via Phase-P,0.707,2054,term u · ∇I describes the advective transport of existing echo structures. The term S represents local source–sink effects that cannot be explained by advection
2608.08436v1,2608.08436v1:20972-22992,FreCast: Refining Radar Echo Intensity via Phase-P,0.731,2020,a substantial error can also arise when the echo location is approximately correct but its intensity is underestimated or overestimated. The pixel-domain error 
2608.08436v1,2608.08436v1:22993-25205,FreCast: Refining Radar Echo Intensity via Phase-P,0.775,2212,"predict the amplitude and phase, respectively, while ImagePriorNet performs image-prior-guided spectral correction. MixerNet and SpatialRefiner subsequently per"
2608.08436v1,2608.08436v1:25206-26792,FreCast: Refining Radar Echo Intensity via Phase-P,0.647,1586,"N −1 A (NA(At) + fA(HA)) , ¯Φt+ℓ= Φt + fΦ(HΦ). (9) Here, fA(·) and fΦ(·) denote AmpliNet and PhaseNet, respectively. 2) Image-Prior Spectrum Correction: Frequen"
2608.08436v1,2608.08436v1:26793-28596,FreCast: Refining Radar Echo Intensity via Phase-P,0.716,1803,"(11) Φ,t+ℓ, ˆA0 A ( ˆA0,n t+ℓ= N −1 t+ℓ). Here, GA,t+ℓand GΦ,t+ℓare amplitude and phase gates, and Γp Φ,t+ℓdenotes the phase-confidence map estimated from the i"
2608.08436v1,2608.08436v1:28597-30436,FreCast: Refining Radar Echo Intensity via Phase-P,0.692,1839,"SpatialRefiner and λs controls the residual scale. The output ˆY0 is used as the deterministic forecast, and ¯An t+ℓand ¯Φt+ℓserve as the spectral baseline for "
2608.08436v1,2608.08436v1:30437-31921,FreCast: Refining Radar Echo Intensity via Phase-P,0.576,1484,"Ct+ℓ= Concat 2) Diffusion-Based Residual Generation: The architecture of AmpResidualDM is shown in Fig. 6. Let z0 = ∆An t+ℓ. During training, the forward diffus"
2608.08436v1,2608.08436v1:31922-33918,FreCast: Refining Radar Echo Intensity via Phase-P,0.715,1996,"and the resulting output is taken as the final forecast ˜Y. By reusing this reconstruction and refinement path, the stochastic module corrects the amplitude res"
2608.08436v1,2608.08436v1:33919-35971,FreCast: Refining Radar Echo Intensity via Phase-P,0.837,2052,"dataset: [16, 74, 133, 160, 181, 219] for SEVIR, [12, 18, 24, 32] for MeteoNet, and [20, 30, 35, 40] for Shanghai Radar. Metrics. We evaluate image quality usin"
2608.08436v1,2608.08436v1:35972-37207,FreCast: Refining Radar Echo Intensity via Phase-P,0.444,1235,"IMAGE QUALITY METRICS ON THREE RADAR NOWCASTING DATASETS. BOLD VALUES INDICATE THE BEST PERFORMANCE FOR EACH METRIC. DET. DENOTES DETERMINISTIC MODELS, PROB. DE"
2608.08436v1,2608.08436v1:37208-39139,FreCast: Refining Radar Echo Intensity via Phase-P,0.707,1931,26.5376 EarthFormer Det./Non-dec. 1.8122 0.7536 0.3190 26.5418 AlphaPre Det./Dec. 1.6700 0.7756 0.2728 27.2903 DiffCast Prob./Dec. 1.7383 0.7881 0.1442 25.9726 
2608.08436v1,2608.08436v1:39140-40327,FreCast: Refining Radar Echo Intensity via Phase-P,0.392,1187,"VALUES INDICATE THE BEST PERFORMANCE FOR EACH METRIC. DET. DENOTES DETERMINISTIC MODELS, PROB. DENOTES PROBABILISTIC GENERATIVE MODELS, NON-DEC. DENOTES NON-DEC"
2608.08436v1,2608.08436v1:40328-42180,FreCast: Refining Radar Echo Intensity via Phase-P,0.755,1852,0.3964 0.5286 0.4571 0.2708 0.3679 SimVP Det./Non-dec. 0.4427 0.4667 0.5353 0.3227 0.5683 EarthFormer Det./Non-dec. 0.4555 0.5986 0.5708 0.3349 0.5453 Shanghai 
2608.08436v1,2608.08436v1:42181-44551,FreCast: Refining Radar Echo Intensity via Phase-P,0.875,2370,spurious echo expansion. Fig. 8 and Fig. 9 further show the variations in CSI and POD over different forecast lead times on the SEVIR dataset. As the forecast l
2608.08436v1,2608.08436v1:44552-46871,FreCast: Refining Radar Echo Intensity via Phase-P,0.832,2319,regions while preserving the geometric pattern and motion trend of the main rainband. C. Analysis and discussions To further analyze the sources of the performa
2608.08436v1,2608.08436v1:46872-49026,FreCast: Refining Radar Echo Intensity via Phase-P,0.849,2154,"achieves POD values of 0.8763, 0.7591, 0.4687, and 0.2940 at POD-16, POD-74, POD-133, and POD-160, respectively, all of which are the best results. This shows t"
2608.08436v1,2608.08436v1:49027-51301,FreCast: Refining Radar Echo Intensity via Phase-P,0.895,2274,"amplitude residual refinement and key FreCast component ablations. The upper rows compare DiffCast, the FreCast Backbone, and FreCast to illustrate differences "
2608.08436v1,2608.08436v1:51302-53507,FreCast: Refining Radar Echo Intensity via Phase-P,0.85,2205,rainband. 3) Ablation Analysis of Model Components and the Joint Reconstruction Strategy: To further analyze the contribution of each component in the complete 
2608.08436v1,2608.08436v1:53508-55636,FreCast: Refining Radar Echo Intensity via Phase-P,0.886,2128,with the above interpretation. The w/o ImagePrior variant predicts a smoother main precipitation band and insufficiently recovers the strong echo cores and boun
2608.21812v1,2608.21812v1:0-2137,Video Diffusion for Satellite-based High-Dynamical,0.794,2137,"Video Diffusion for Satellite-based High-Dynamical-Fidelity Precipitation (HiDFiP) Field Generation Runze Lia*, Yan Xiab, Yongquan Quc,d, Dongwei Fue, Clement G"
2608.21812v1,2608.21812v1:2138-4336,Video Diffusion for Satellite-based High-Dynamical,0.756,2198,satellite retrievals. We introduce an extensive suite of performance metrics to assess multifaceted dynamical fidelity of HiDFiP in both temporal-reconstruction
2608.21812v1,2608.21812v1:4337-6433,Video Diffusion for Satellite-based High-Dynamical,0.69,2096,"seamless satellite precipitation products, although commonly treated as observational references in numerical model evaluation and climate projection constraint"
2608.21812v1,2608.21812v1:6434-8499,Video Diffusion for Satellite-based High-Dynamical,0.742,2065,"training targets (Harder et al., 2026; Stock et al., 2024; Yuval et al., 2026). Distinct from numerical simulations, remotely sensed precipitation products exhi"
2608.21812v1,2608.21812v1:8500-10680,Video Diffusion for Satellite-based High-Dynamical,0.798,2180,"with the goal of reconstructing high-fidelity precipitation beyond radar’s limited spatiotemporal coverage. We demonstrate the framework over CONUS, which serve"
2608.21812v1,2608.21812v1:10681-12722,Video Diffusion for Satellite-based High-Dynamical,0.729,2041,"predictors used here include atmospheric variables from the European Centre for Medium-Range Weather Forecasts (ECMWF) Reanalysis Version 5 (ERA5), land-surface"
2608.21812v1,2608.21812v1:12723-14921,Video Diffusion for Satellite-based High-Dynamical,0.778,2198,"is provided at 15-min intervals, we derive 30-min MRMS precipitation by computing an hourly multiplicative factor (multi-sensor QPE divided by hourly-aggregated"
2608.21812v1,2608.21812v1:14922-16975,Video Diffusion for Satellite-based High-Dynamical,0.796,2053,"(available since October 2020) relative to IMERG V07 (since 1998) and ERA5/ERA5-Land (since 1940/1950), which naturally motivates the need for temporal reconstr"
2608.21812v1,2608.21812v1:16976-18785,Video Diffusion for Satellite-based High-Dynamical,0.824,1809,"2025b), shows distinct intensity correspondences between ground-based MRMS observations and singlesensor GMI retrievals across different storm stages (represent"
2608.21812v1,2608.21812v1:18786-20880,Video Diffusion for Satellite-based High-Dynamical,0.833,2094,"denote the joint frame and condition sequences), thereby enforcing physically plausible temporal evolution that preserves storm motion and lifecycle. Proposed F"
2608.21812v1,2608.21812v1:20881-22114,Video Diffusion for Satellite-based High-Dynamical,0.696,1233,"where 𝐵𝐵 is the batch size, 𝐶𝐶 is the number of input channels, F is the number of temporal frames, and 𝐻𝐻× 𝑊𝑊 is the spatial grid size. In this study, each inp"
2608.21812v1,2608.21812v1:22115-23778,Video Diffusion for Satellite-based High-Dynamical,0.691,1663,"(Song et al., 2021). Drawing 𝑀𝑀 independent residual 𝑀𝑀, the final ensemble predictions are obtained as: 𝒚𝒚ෝ(𝑖𝑖) = 𝒚𝒚ഥ𝜃𝜃+ 𝒓𝒓ො0 realizations {𝒓𝒓ො0 (𝑖𝑖)}𝑖𝑖=1 (𝑖𝑖)"
2608.21812v1,2608.21812v1:23779-24929,Video Diffusion for Satellite-based High-Dynamical,0.663,1150,"Stacking the frame-wise noise maps yields 𝝐𝝐∼𝒩𝒩(𝟎𝟎, 𝜮𝜮) , where 𝜮𝜮 denotes the resulting structured spatiotemporal covariance matrix. This temporal inductive bi"
2608.21812v1,2608.21812v1:24930-25717,Video Diffusion for Satellite-based High-Dynamical,0.585,787,") = 𝒩𝒩൫𝒓𝒓𝑡𝑡; ඥ𝛼𝛼ത𝑡𝑡𝒓𝒓0, (1 −𝛼𝛼ത𝑡𝑡)𝜮𝜮൯. (2) During reverse denoising, residual generation starts from 𝒓𝒓𝑇𝑇∼𝒩𝒩(𝟎𝟎, 𝜮𝜮) and proceeds through 𝐾𝐾 DDIM sampling steps"
2608.21812v1,2608.21812v1:25718-27499,Video Diffusion for Satellite-based High-Dynamical,0.756,1781,"objective, denoted by ℒ𝑣𝑣, which provides a stable denoising target across diffusion times. In practice, the diffusion loss alone tends to underrepresent heavy-"
2608.21812v1,2608.21812v1:27500-29809,Video Diffusion for Satellite-based High-Dynamical,0.821,2309,"experiments isolate the contributions of different categories of 4D environmental predictors to clarify how each group provides complementary, physically interp"
2608.21812v1,2608.21812v1:29810-32177,Video Diffusion for Satellite-based High-Dynamical,0.865,2367,the smoothing of fine-scale details that would result from premature ensemble averaging. Case Studies Case studies provide an initial visual assessment of storm
2608.21812v1,2608.21812v1:32178-34423,Video Diffusion for Satellite-based High-Dynamical,0.777,2245,including wavenumber–frequency spectra for storm propagation and two-dimensional wavenumber spectra for storm morphology and anisotropy. Full spectral estimatio
2608.21812v1,2608.21812v1:34424-36600,Video Diffusion for Satellite-based High-Dynamical,0.792,2176,"clip are excluded from the analysis. Additionally, we fit an equivalent ellipse to each system using the secondorder central moments of its binary mask (Zhang e"
2608.21812v1,2608.21812v1:36601-38924,Video Diffusion for Satellite-based High-Dynamical,0.819,2323,"of representative storms, with particular emphasis on moderate-to-highintensity cases (Kossaifi et al., 2026). Slightly more permissive tracking settings are ap"
2608.21812v1,2608.21812v1:38925-40885,Video Diffusion for Satellite-based High-Dynamical,0.833,1960,"upscale growth, and domain-scale translation within a single sampled clip. Five representative frames are shown for MRMS, IMERG, the three baselines (Attention "
2608.21812v1,2608.21812v1:40886-43000,Video Diffusion for Satellite-based High-Dynamical,0.84,2114,"(d6–d7, e6–e7), partly consistent with the frame-to-frame discontinuity induced by generative stochasticity as schematized in Figure 1. By contrast, HiDFiP more"
2608.21812v1,2608.21812v1:43001-45110,Video Diffusion for Satellite-based High-Dynamical,0.84,2109,"the sharpness histogram (Figure 4c, bottom) concentrates probability mass near 0 and, to a lesser extent, near 1, indicating an informative rather than artifici"
2608.21812v1,2608.21812v1:45111-47121,Video Diffusion for Satellite-based High-Dynamical,0.832,2010,"spectra reasonably well, reflecting its good image-level performance, but retains a clear bias in the temporal spectrum, again highlighting the limitation of im"
2608.21812v1,2608.21812v1:47122-48739,Video Diffusion for Satellite-based High-Dynamical,0.801,1617,"along the eastward and northward branches and along relatively narrow phase-speed rays (Figure 6a–b), indicating a prevailing, approximately non-dispersive nort"
2608.21812v1,2608.21812v1:48740-50554,Video Diffusion for Satellite-based High-Dynamical,0.77,1814,"indicate northwest- (northeast-) tilted structures, and rays mark constant orientation angles, determined by the ratio of meridional to zonal wavelength. Colors"
2608.21812v1,2608.21812v1:50555-52687,Video Diffusion for Satellite-based High-Dynamical,0.845,2132,"km. Arrow azimuth indicates the dominant direction of propagation, and arrow length denotes the PSD-weighted net propagation speed (km/h). Taken together, the s"
2608.21812v1,2608.21812v1:52688-54799,Video Diffusion for Satellite-based High-Dynamical,0.858,2111,"ratio, lower concentration and radial decay, and, most notably, a severely depleted corearea fraction (1.2% in IMERG versus 4.0% in MRMS), indicating a marked f"
2608.21812v1,2608.21812v1:54800-57076,Video Diffusion for Satellite-based High-Dynamical,0.858,2276,"HiDFiP still reproduces the observed track dynamics well across most metrics. Its only notable departure is elevated variability in area and peak intensity, sug"
2608.21812v1,2608.21812v1:57077-59266,Video Diffusion for Satellite-based High-Dynamical,0.837,2189,"four attributes throughout the lifecycle. By contrast, HiDFiP largely reproduces the observed evolution across all metrics, reinforcing its superior dynamical f"
2608.21812v1,2608.21812v1:59267-61310,Video Diffusion for Satellite-based High-Dynamical,0.858,2043,"residual uncertainty and displacement, HiDFiP preserves a coherent and dynamically consistent evolution: when IMERG already follows the MRMS trajectory closely "
2608.21812v1,2608.21812v1:61311-63574,Video Diffusion for Satellite-based High-Dynamical,0.845,2263,"end locations of each track, respectively, and ensemble-member trajectories are additionally colored from cyan to blue from start to end for clarity. 4.5. Basel"
2608.21812v1,2608.21812v1:63575-65205,Video Diffusion for Satellite-based High-Dynamical,0.627,1630,"distributional fidelity, and extremes, but exert slightly mixed effects on structural spatiotemporal metrics. This likely reflects their role in compensating fo"
2608.21812v1,2608.21812v1:65206-66949,Video Diffusion for Satellite-based High-Dynamical,0.677,1743,3.69 (+0.03) w/o thermodynamics 8.18 (+0.60) 1.07 (−0.05) 3.41 (−0.17) 0.96 (−0.06) 1.42 (+1.16) 3.92 (+0.26) w/o moisture 8.10 (+0.52) 1.06 (−0.06) 3.40 (−0.18
2608.21812v1,2608.21812v1:66950-69025,Video Diffusion for Satellite-based High-Dynamical,0.8,2075,"The main residual bias manifests as a wet bias in moderate-to-heavy precipitation (~10–30 mm/h) (Figure 11a), excessive spectral power (Figure 11b), and an infl"
2608.21812v1,2608.21812v1:69026-71467,Video Diffusion for Satellite-based High-Dynamical,0.847,2441,regions. It also highlights the potential of extending the framework with dedicated transfer-learning strategies to produce more reliable precipitation products
2608.21812v1,2608.21812v1:71468-73913,Video Diffusion for Satellite-based High-Dynamical,0.822,2445,in modeling and in evaluation—constitutes the central conceptual contribution of this study and provides a unifying framework for the development and assessment
2608.21812v1,2608.21812v1:73914-76175,Video Diffusion for Satellite-based High-Dynamical,0.796,2261,"including slight ensemble underdispersion, mildly overestimated precipitation-system area, and modest spatial offsets in matched storm tracks. These remaining g"
2608.21812v1,2608.21812v1:76176-78537,Video Diffusion for Satellite-based High-Dynamical,0.877,2361,"of passive-microwave retrievals. IMERG serves as the primary satellite precipitation input, complemented by ~40 four-dimensional atmospheric/land-surface variab"
2608.21812v1,2608.21812v1:78538-80562,Video Diffusion for Satellite-based High-Dynamical,0.771,2024,"and 80NSSC26K1141), the National Science Foundation (Grant IIS2324008), and the Samueli endowed chair to Efi Foufoula-Georgiou. Appendices Appendix A. Environme"
2608.21812v1,2608.21812v1:80563-82140,Video Diffusion for Satellite-based High-Dynamical,0.697,1577,"𝑡𝑡 is embedded by a Multi-Layer Perceptron (MLP) and injected into the D-UNet via Feature-wise Linear Modulation (FiLM), following standard practice (Perez et a"
2608.21812v1,2608.21812v1:82141-83002,Video Diffusion for Satellite-based High-Dynamical,0.581,861,"… ; 𝝐𝝐𝐹𝐹൧∈ℝ𝐹𝐹𝐹𝐹𝐹𝐹 denote the noise maps 𝝐𝝐𝑖𝑖∈ℝ𝐻𝐻𝐻𝐻 stacked over 𝐹𝐹 frames. For each frame i, 𝝐𝝐𝑖𝑖 is constructed as a variance-preserving mixture of a frame-sha"
2608.21812v1,2608.21812v1:83003-83666,Video Diffusion for Satellite-based High-Dynamical,0.529,663,"Diffusion Processes Following the DDPM forward noising formulation, we replace the identity covariance 𝐈𝐈 with the structured noise covariance 𝜮𝜮 defined above."
2608.21812v1,2608.21812v1:83667-84558,Video Diffusion for Satellite-based High-Dynamical,0.653,891,"which enables direct sampling via reparameterization, The DDIM-based reverse process reuses the same structured-covariance forward marginals in (C.5) while trav"
2608.21812v1,2608.21812v1:84559-84878,Video Diffusion for Satellite-based High-Dynamical,0.214,319,"𝜮𝜮). (C.8) Iterating (C.8) for 𝑘𝑘= 𝐾𝐾, … ,1 generates the final residual sample 𝒓𝒓ො0. Cov൫𝝐𝝐𝑖𝑖, 𝝐𝝐𝑗𝑗൯= ቊ 𝜆𝜆2 where {𝛽𝛽𝑡𝑡}𝑡𝑡=1 𝑞𝑞𝜎𝜎൫𝒓𝒓𝑡𝑡𝑘𝑘−1 ∣∣𝒓𝒓𝑡𝑡𝑘𝑘, 𝒓𝒓0 ൯= 𝒩𝒩൮"
2608.21812v1,2608.21812v1:84879-85279,Video Diffusion for Satellite-based High-Dynamical,0.34,400,"2 C.2. Loss Function 𝐈𝐈𝐻𝐻𝐻𝐻, 𝑖𝑖= 𝑗𝑗 1+𝜆𝜆2 𝐈𝐈𝐻𝐻𝐻𝐻, 𝑖𝑖≠𝑗𝑗, (C.2) 𝐹𝐹 ∈ℝ𝐹𝐹𝐹𝐹𝐹𝐹×𝐹𝐹𝐹𝐹𝐹𝐹. (C.3) 1−𝛼𝛼ഥ𝑡𝑡𝑘𝑘 ቍ𝒓𝒓0 + ඨ 1−𝛼𝛼ഥ𝑡𝑡𝑘𝑘 𝒓𝒓𝑡𝑡𝑘𝑘, 𝜎𝜎𝑡𝑡𝑘𝑘,𝑡𝑡𝑘𝑘−1 2 𝜮𝜮൲,(C.7) 1−𝛼𝛼ഥ𝑡𝑡𝑘"
2608.21812v1,2608.21812v1:85280-85946,Video Diffusion for Satellite-based High-Dynamical,0.522,666,"given by: 𝒗𝒗𝑡𝑡 = ඥ𝛼𝛼ത𝑡𝑡𝝐𝝐−ඥ1 −𝛼𝛼ത𝑡𝑡 𝒓𝒓0, and we train the D-UNet to predict 𝒗𝒗ෝ𝑡𝑡= 𝒗𝒗𝜙𝜙(𝒓𝒓𝑡𝑡, 𝑡𝑡, 𝒙𝒙, 𝒚𝒚ഥ𝜃𝜃) by minimizing: 2]. (C.9) This objective is equivale"
2608.21812v1,2608.21812v1:85947-86574,Video Diffusion for Satellite-based High-Dynamical,0.545,627,"𝒚𝒚ෝ0|𝑡𝑡∈ℝ𝐵𝐵×1×𝐹𝐹×𝐻𝐻×𝑊𝑊, since batch size B is typically small in video diffusion (here 𝐵𝐵= 1), we merge 𝐵𝐵 and 𝐹𝐹 to construct the empirical sample set, treatin"
2608.21812v1,2608.21812v1:86575-87411,Video Diffusion for Satellite-based High-Dynamical,0.581,836,"= 𝐵𝐵𝐵𝐵∑ ห(𝒚𝒚vec𝒖𝒖)(𝑏𝑏𝑏𝑏) −(𝒚𝒚ෝvec𝒖𝒖)(𝑏𝑏𝑏𝑏)ห 𝐵𝐵𝐵𝐵 𝑏𝑏𝑏𝑏=1 , (C.12) 1 where (⋅)(𝑏𝑏𝑏𝑏) denotes the ascending sorting. In practice, we approximate the expectation by"
2608.21812v1,2608.21812v1:87412-88744,Video Diffusion for Satellite-based High-Dynamical,0.687,1332,"= 𝑁𝑁Δ𝑏𝑏𝑘𝑘∑ 𝟏𝟏 𝑁𝑁 𝑛𝑛=1 {𝑝𝑝𝑛𝑛∈𝐵𝐵𝑘𝑘}, (D.1) 1 where 𝑝𝑝𝑛𝑛 denotes precipitation intensity at sample 𝑛𝑛, 𝑁𝑁 is the total number of samples, and Δ𝑏𝑏𝑘𝑘= 𝑏𝑏𝑘𝑘+1 −𝑏𝑏𝑘𝑘 i"
2608.21812v1,2608.21812v1:88745-90017,Video Diffusion for Satellite-based High-Dynamical,0.707,1272,"𝑜𝑜̅𝑖𝑖 is computed from the samples within each category. The diagram plots these discrete 𝑝𝑝𝑖𝑖 against the corresponding 𝑜𝑜̅𝑖𝑖, where the 1:1 diagonal denotes p"
2608.21812v1,2608.21812v1:90018-90727,Video Diffusion for Satellite-based High-Dynamical,0.663,709,"spectral leakage. 𝐼𝐼̃൫𝑓𝑓, 𝑘𝑘𝑦𝑦, 𝑘𝑘𝑥𝑥൯= ℱ𝑡𝑡,𝑦𝑦,𝑥𝑥{𝑤𝑤(𝑡𝑡, 𝑦𝑦, 𝑥𝑥) ൣ𝐼𝐼(𝑡𝑡, 𝑦𝑦, 𝑥𝑥) −𝐼𝐼൧}, (D.4) where 𝑓𝑓 denotes temporal frequency (cycles per day) and 𝑘𝑘𝑥𝑥, 𝑘𝑘𝑦𝑦"
2608.21812v1,2608.21812v1:90728-91588,Video Diffusion for Satellite-based High-Dynamical,0.598,860,"𝑓𝑓–𝑘𝑘𝑥𝑥, or 𝑘𝑘𝑦𝑦–𝑘𝑘𝑥𝑥 spectra. Denoting the resulting marginalized auto- and cross-spectra again by 𝑆𝑆𝑋𝑋𝑋𝑋, 𝑆𝑆𝑌𝑌𝑌𝑌, and 𝑆𝑆𝑋𝑋𝑋𝑋 for notational simplicity, the po"
2608.21812v1,2608.21812v1:91589-93034,Video Diffusion for Satellite-based High-Dynamical,0.677,1445,"is the event-peak intensity. • Peak Timing Temporal asymmetry, reported as the normalized peak-time position within the event: 𝑅𝑅T = 𝑇𝑇E , where 𝑇𝑇E0 and 𝑇𝑇Emax"
2608.21812v1,2608.21812v1:93035-94034,Video Diffusion for Satellite-based High-Dynamical,0.519,999,"|𝒮𝒮∪ℰ|. • Asymmetry Spatial off-centering of the system core, quantified by the scalenormalized displacement between the geometric centroid 𝒄𝒄 and the intensity"
2608.21812v1,2608.21812v1:94035-95409,Video Diffusion for Satellite-based High-Dynamical,0.65,1374,Track Properties • Lifetime (h) Temporal persistence of the track: 𝑇𝑇K. • Track Length (km) Total translation distance of the object centroid over its lifetime:
2608.21812v1,2608.21812v1:95410-96595,Video Diffusion for Satellite-based High-Dynamical,0.699,1185,"𝑀𝑀 𝑖𝑖=1 , (D.8) CRPS = 1 1 where 𝑀𝑀 is the ensemble size, 𝑦𝑦ො(𝑖𝑖) is the 𝑖𝑖-th ensemble member, and 𝑦𝑦 is the observation. Lower CRPS indicates a forecast distr"
2608.21812v1,2608.21812v1:96596-97771,Video Diffusion for Satellite-based High-Dynamical,0.669,1175,"optical-flow vectors over valid pixel–time locations (Baker et al., 2011). 1 |𝒱𝒱| ∑ ฮ𝒎𝒎ෝ𝑠𝑠,𝑡𝑡−𝒎𝒎𝑠𝑠,𝑡𝑡ฮ2 (𝑠𝑠,𝑡𝑡)∈𝒱𝒱 . (D.10) EPE = Lower EPE indicates more faith"
2608.21812v1,2608.21812v1:97772-98790,Video Diffusion for Satellite-based High-Dynamical,0.647,1018,"the empirical marginal precipitation-intensity distributions of the predicted and reference fields: WD = 𝑊𝑊1൫𝑃𝑃෠, 𝑃𝑃൯= inf𝜋𝜋∈Π(𝑃𝑃෠,𝑃𝑃) ∫ |𝑎𝑎−𝑏𝑏| ℝ×ℝ 𝑑𝑑𝑑𝑑(𝑎𝑎, 𝑏𝑏"
2608.21812v1,2608.21812v1:98791-99790,Video Diffusion for Satellite-based High-Dynamical,0.638,999,"𝑗𝑗≠𝑖𝑖 𝑀𝑀 𝑖𝑖=1 , (D.13) twCRPS𝜏𝜏= 1 1 where 𝜓𝜓𝜏𝜏(⋅) maps all values below 𝜏𝜏 to 𝜏𝜏, thereby concentrating the score on uppertail behavior; 𝑀𝑀 is the ensemble siz"
2608.21812v1,2608.21812v1:99791-101320,Video Diffusion for Satellite-based High-Dynamical,0.626,1529,"that bin, 𝑇𝑇 is the set of evaluated frames, and 𝑃𝑃𝑡𝑡(𝑖𝑖) is the precipitation intensity at pixel 𝑖𝑖 and frame 𝑡𝑡. The log transform reduces the leverage of rar"
2608.21812v1,2608.21812v1:101321-102797,Video Diffusion for Satellite-based High-Dynamical,0.551,1476,"Sun, D., Dekel, T., Mosseri, I., 2024. Lumiere: A Space-Time Diffusion Model for Video Generation, in: SIGGRAPH Asia 2024 Conference Papers, pp. 1–11. https://d"
2608.21812v1,2608.21812v1:102798-104531,Video Diffusion for Satellite-based High-Dynamical,0.67,1733,"and Operational Applications of the MRMS and FLASH Systems in Recent Significant Urban Flash Flood Events. Bulletin of the American Meteorological Society 102, "
2608.21812v1,2608.21812v1:104532-106077,Video Diffusion for Satellite-based High-Dynamical,0.613,1545,"Guilloteau, C., Foufoula-Georgiou, E., Kummerow, C.D., Petković, V., 2018. Resolving Surface Rain from GMI High-Frequency Channels: Limits Imposed by the Three-"
2608.21812v1,2608.21812v1:106078-107484,Video Diffusion for Satellite-based High-Dynamical,0.565,1406,"H., Hayrapetyan, D., Tadevosyan, V., Wang, Z., Navasardyan, S., Shi, H., 2025. StreamingT2V: Consistent, Dynamic, and Extendable Long Video Generation from Text"
2608.21812v1,2608.21812v1:107485-109092,Video Diffusion for Satellite-based High-Dynamical,0.588,1607,"M., Fleet, D.J., Salimans, T., 2022a. Imagen Video: High Definition Video Generation with Diffusion Models. arXiv preprint. https://doi.org/10.48550/arXiv.2210."
2608.21812v1,2608.21812v1:109093-110577,Video Diffusion for Satellite-based High-Dynamical,0.601,1484,"Z., 2023. Precipitation Regime Changes in High Mountain Asia Driven by Cleaner Air. Nature 623, 544–549. https://doi.org/10.1038/s41586-023-06619-y. Katharopoul"
2608.21812v1,2608.21812v1:110578-112195,Video Diffusion for Satellite-based High-Dynamical,0.617,1617,"M., Kautz, J., 2026. Demystifying Data-Driven Probabilistic Medium-Range Weather Forecasting. arXiv preprint. https://doi.org/10.48550/arXiv.2601.18111. Li, R.,"
2608.21812v1,2608.21812v1:112196-113786,Video Diffusion for Satellite-based High-Dynamical,0.611,1590,"Measurement in Terms of Diurnal Variability With Hourly Gauge Observations Collected at 50,000 Stations in China. Journal of Geophysical Research: Atmospheres 1"
2608.21812v1,2608.21812v1:113787-115240,Video Diffusion for Satellite-based High-Dynamical,0.572,1453,"Y., Yuan, S., Qin, B., Guo, H., 2025. Skillful Subseasonal-to-Seasonal Forecasting of Extreme Events with a Multi-Sphere Coupled Probabilistic Model. arXiv prep"
2608.21812v1,2608.21812v1:115241-116734,Video Diffusion for Satellite-based High-Dynamical,0.571,1493,"Perez, E., Strub, F., de Vries, H., Dumoulin, V., Courville, A., 2018. FiLM: Visual Reasoning with a General Conditioning Layer, in: Proceedings of the AAAI Con"
2608.21812v1,2608.21812v1:116735-118256,Video Diffusion for Satellite-based High-Dynamical,0.59,1521,"Saltikoff, E., Friedrich, K., Soderholm, J., Lengfeld, K., Nelson, B., Becker, A., Hollmann, R., Urban, B., Heistermann, M., Tassone, C., 2019. An Overview of U"
2608.21812v1,2608.21812v1:118257-119786,Video Diffusion for Satellite-based High-Dynamical,0.604,1529,"2018. Towards Accurate Generative Models of Video: A New Metric & Challenges. arXiv preprint. https://doi.org/10.48550/arXiv.1812.01717. Voleti, V., Jolicoeur-M"
2608.21812v1,2608.21812v1:119787-121224,Video Diffusion for Satellite-based High-Dynamical,0.535,1437,"37, 1581–1596. https://doi.org/10.1175/Jcli-D-23-0302.1. Wu, J.Z., Ge, Y., Wang, X., Lei, S.W., Gu, Y., Shi, Y., Hsu, W., Shan, Y., Qie, X., Shou, M.Z., 2023. T"
2608.21812v1,2608.21812v1:121225-122686,Video Diffusion for Satellite-based High-Dynamical,0.564,1461,"Yu, D., Li, X., Ye, Y., Zhang, B., Luo, C., Dai, K., Wang, R., Chen, X., 2024. DiffCast: A Unified Framework via Residual Diffusion for Precipitation Nowcasting"
2608.21812v1,2608.21812v1:122687-124539,Video Diffusion for Satellite-based High-Dynamical,0.715,1852,"Climatology and Changes in Internal Intensity Distributions of Global Precipitation Systems over 2001–2020 Based on IMERG. Journal of Hydrology 620, 129386. htt"
2608.21812v1,2608.21812v1:124540-126550,Video Diffusion for Satellite-based High-Dynamical,0.726,2010,"10 steps. A single training run requires approximately four days. The learning rate follows a warmup-cosine schedule: 5% linear warmup from 5×10⁻⁷ to 1×10⁻⁴, fo"
2608.21812v1,2608.21812v1:126551-126913,Video Diffusion for Satellite-based High-Dynamical,0.684,362,ResDDPM 7.89 1.59 5.17 1.81 1.28 3.77 HiDFiP (ours) 7.58 1.12 3.58 1.02 0.26 3.66 Note: Arrows indicate the direction of better performance. Rescaling factors a
